0 verbose cli /usr/bin/node /usr/bin/npm
1 info using npm@11.16.0
2 info using node@v24.18.0
3 silly config load:file:/usr/share/nodejs/npm/npmrc
4 silly config load:file:/run/media/ttf/4D68CCA27FA538EE/immo_tul/backend/.npmrc
5 silly config load:file:/home/ttf/.npmrc
6 silly config load:file:/etc/npmrc
7 verbose title npm install pg
8 verbose argv "install" "pg" "--cache" "/run/media/ttf/4D68CCA27FA538EE/immo_tul/backend/.npm-cache"
9 verbose logfile logs-max:10 dir:/run/media/ttf/4D68CCA27FA538EE/immo_tul/backend/.npm-cache/_logs/2026-10-08T12_04_48_096Z-
10 verbose logfile /run/media/ttf/4D68CCA27FA538EE/immo_tul/backend/.npm-cache/_logs/2026-10-08T12_04_48_096Z-debug-0.log
11 silly logfile done cleaning log files
12 silly packumentCache heap:4496293888 maxSize:1124073472 maxEntrySize:562036736
13 silly idealTree buildDeps
14 silly fetch manifest pg@*
15 silly packumentCache full:https://registry.npmjs.org/pg cache-miss
16 http fetch GET 200 https://registry.npmjs.org/pg 1216ms (cache miss)
17 silly packumentCache full:https://registry.npmjs.org/pg set size:undefined disposed:false
18 silly fetch manifest pg-native@>=3.0.1
19 silly packumentCache full:https://registry.npmjs.org/pg-native cache-miss
20 http fetch GET 200 https://registry.npmjs.org/pg-native 89ms (cache miss)
21 silly packumentCache full:https://registry.npmjs.org/pg-native set size:undefined disposed:false
22 silly placeDep ROOT pg@8.23.1 OK for: immotulear-backend@1.0.0 want: *
23 silly fetch manifest pgpass@1.0.5
24 silly packumentCache full:https://registry.npmjs.org/pgpass cache-miss
25 silly fetch manifest pg-pool@^3.14.0
26 silly packumentCache full:https://registry.npmjs.org/pg-pool cache-miss
27 silly fetch manifest pg-types@2.2.0
28 silly packumentCache full:https://registry.npmjs.org/pg-types cache-miss
29 http fetch GET 200 https://registry.npmjs.org/pgpass 94ms (cache miss)
30 silly packumentCache full:https://registry.npmjs.org/pgpass set size:undefined disposed:false
31 silly fetch manifest pg-protocol@^1.16.1
32 silly packumentCache full:https://registry.npmjs.org/pg-protocol cache-miss
33 http fetch GET 200 https://registry.npmjs.org/pg-protocol 93ms (cache miss)
34 silly packumentCache full:https://registry.npmjs.org/pg-protocol set size:undefined disposed:false
35 silly fetch manifest pg-connection-string@^2.14.1
36 silly packumentCache full:https://registry.npmjs.org/pg-connection-string cache-miss
37 http fetch GET 200 https://registry.npmjs.org/pg-connection-string 86ms (cache miss)
38 silly packumentCache full:https://registry.npmjs.org/pg-connection-string set size:undefined disposed:false
39 silly fetch manifest pg-cloudflare@^1.4.1
40 silly packumentCache full:https://registry.npmjs.org/pg-cloudflare cache-miss
41 http fetch GET 200 https://registry.npmjs.org/pg-types 325ms (cache miss)
42 silly packumentCache full:https://registry.npmjs.org/pg-types set size:undefined disposed:false
43 http fetch GET 200 https://registry.npmjs.org/pg-pool 346ms (cache miss)
44 silly packumentCache full:https://registry.npmjs.org/pg-pool set size:undefined disposed:false
45 http fetch GET 200 https://registry.npmjs.org/pg-cloudflare 87ms (cache miss)
46 silly packumentCache full:https://registry.npmjs.org/pg-cloudflare set size:undefined disposed:false
47 silly fetch manifest pg@>=8.0
48 silly packumentCache full:https://registry.npmjs.org/pg cache-miss
49 http cache https://registry.npmjs.org/pg 14ms (cache hit)
50 silly packumentCache full:https://registry.npmjs.org/pg set size:484837 disposed:false
51 silly placeDep ROOT pg-cloudflare@1.4.1 OK for: pg@8.23.1 want: ^1.4.1
52 silly placeDep ROOT pg-connection-string@2.14.1 OK for: pg@8.23.1 want: ^2.14.1
53 silly placeDep ROOT pg-pool@3.14.0 OK for: pg@8.23.1 want: ^3.14.0
54 silly placeDep ROOT pg-protocol@1.16.1 OK for: pg@8.23.1 want: ^1.16.1
55 silly placeDep ROOT pg-types@2.2.0 OK for: pg@8.23.1 want: 2.2.0
56 silly placeDep ROOT pgpass@1.0.5 OK for: pg@8.23.1 want: 1.0.5
57 silly fetch manifest pg-int8@1.0.1
58 silly packumentCache full:https://registry.npmjs.org/pg-int8 cache-miss
59 silly fetch manifest postgres-date@~1.0.4
60 silly packumentCache full:https://registry.npmjs.org/postgres-date cache-miss
61 silly fetch manifest postgres-array@~2.0.0
62 silly packumentCache full:https://registry.npmjs.org/postgres-array cache-miss
63 http fetch GET 200 https://registry.npmjs.org/postgres-array 90ms (cache miss)
64 silly packumentCache full:https://registry.npmjs.org/postgres-array set size:undefined disposed:false
65 silly fetch manifest postgres-bytea@~1.0.0
66 silly packumentCache full:https://registry.npmjs.org/postgres-bytea cache-miss
67 http fetch GET 200 https://registry.npmjs.org/pg-int8 96ms (cache miss)
68 silly packumentCache full:https://registry.npmjs.org/pg-int8 set size:undefined disposed:false
69 silly fetch manifest postgres-interval@^1.1.0
70 silly packumentCache full:https://registry.npmjs.org/postgres-interval cache-miss
71 http fetch GET 200 https://registry.npmjs.org/postgres-date 141ms (cache miss)
72 silly packumentCache full:https://registry.npmjs.org/postgres-date set size:undefined disposed:false
73 silly fetch manifest split2@^4.1.0
74 silly packumentCache full:https://registry.npmjs.org/split2 cache-miss
75 http fetch GET 200 https://registry.npmjs.org/postgres-bytea 64ms (cache miss)
76 silly packumentCache full:https://registry.npmjs.org/postgres-bytea set size:undefined disposed:false
77 http fetch GET 200 https://registry.npmjs.org/postgres-interval 99ms (cache miss)
78 silly packumentCache full:https://registry.npmjs.org/postgres-interval set size:undefined disposed:false
79 http fetch GET 200 https://registry.npmjs.org/split2 98ms (cache miss)
80 silly packumentCache full:https://registry.npmjs.org/split2 set size:undefined disposed:false
81 silly placeDep ROOT pg-int8@1.0.1 OK for: pg-types@2.2.0 want: 1.0.1
82 silly placeDep ROOT postgres-array@2.0.0 OK for: pg-types@2.2.0 want: ~2.0.0
83 silly placeDep ROOT postgres-bytea@1.0.1 OK for: pg-types@2.2.0 want: ~1.0.0
84 silly placeDep ROOT postgres-date@1.0.7 OK for: pg-types@2.2.0 want: ~1.0.4
85 silly placeDep ROOT postgres-interval@1.2.0 OK for: pg-types@2.2.0 want: ^1.1.0
86 silly placeDep ROOT split2@4.2.0 OK for: pgpass@1.0.5 want: ^4.1.0
87 silly reify moves {}
88 silly audit bulk request {
88 silly audit   '@prisma/client': [ '6.19.3' ],
88 silly audit   '@prisma/config': [ '6.19.3' ],
88 silly audit   '@prisma/debug': [ '6.19.3' ],
88 silly audit   '@prisma/engines': [ '6.19.3' ],
88 silly audit   '@prisma/engines-version': [ '7.1.1-3.c2990dca591cba766e3b7ef5d9e8a84796e47ab7' ],
88 silly audit   '@prisma/fetch-engine': [ '6.19.3' ],
88 silly audit   '@prisma/get-platform': [ '6.19.3' ],
88 silly audit   '@standard-schema/spec': [ '1.1.0' ],
88 silly audit   accepts: [ '2.0.0' ],
88 silly audit   anymatch: [ '3.1.3' ],
88 silly audit   'append-field': [ '1.0.0' ],
88 silly audit   'balanced-match': [ '4.0.4' ],
88 silly audit   'basic-auth': [ '2.0.1' ],
88 silly audit   'safe-buffer': [ '5.1.2', '5.2.1' ],
88 silly audit   bcryptjs: [ '3.0.3' ],
88 silly audit   'binary-extensions': [ '2.3.0' ],
88 silly audit   'body-parser': [ '2.3.0' ],
88 silly audit   'content-type': [ '2.1.0', '1.0.5' ],
88 silly audit   'brace-expansion': [ '5.0.12' ],
88 silly audit   braces: [ '3.0.3' ],
88 silly audit   'buffer-equal-constant-time': [ '1.0.1' ],
88 silly audit   'buffer-from': [ '1.1.2' ],
88 silly audit   busboy: [ '1.6.0' ],
88 silly audit   bytes: [ '3.1.2' ],
88 silly audit   c12: [ '3.1.0' ],
88 silly audit   chokidar: [ '4.0.3', '3.6.0' ],
88 silly audit   readdirp: [ '4.1.2', '3.6.0' ],
88 silly audit   'call-bind-apply-helpers': [ '1.0.2' ],
88 silly audit   'call-bound': [ '1.0.4' ],
88 silly audit   citty: [ '0.1.6', '0.2.2' ],
88 silly audit   'concat-stream': [ '1.6.2' ],
88 silly audit   confbox: [ '0.2.4', '0.3.1' ],
88 silly audit   consola: [ '3.4.2' ],
88 silly audit   'content-disposition': [ '1.1.0' ],
88 silly audit   cookie: [ '0.7.2' ],
88 silly audit   'cookie-signature': [ '1.2.2' ],
88 silly audit   'core-util-is': [ '1.0.3' ],
88 silly audit   cors: [ '2.8.6' ],
88 silly audit   debug: [ '4.4.3', '2.6.9' ],
88 silly audit   'deepmerge-ts': [ '7.1.5' ],
88 silly audit   defu: [ '6.1.7' ],
88 silly audit   depd: [ '2.0.0' ],
88 silly audit   destr: [ '2.0.5' ],
88 silly audit   dotenv: [ '16.6.1' ],
88 silly audit   'dunder-proto': [ '1.0.1' ],
88 silly audit   'ecdsa-sig-formatter': [ '1.0.11' ],
88 silly audit   'ee-first': [ '1.1.1' ],
88 silly audit   effect: [ '3.21.0' ],
88 silly audit   empathic: [ '2.0.0' ],
88 silly audit   encodeurl: [ '2.0.0' ],
88 silly audit   'es-define-property': [ '1.0.1' ],
88 silly audit   'es-errors': [ '1.3.0' ],
88 silly audit   'es-object-atoms': [ '1.1.2' ],
88 silly audit   'escape-html': [ '1.0.3' ],
88 silly audit   etag: [ '1.8.1' ],
88 silly audit   express: [ '5.2.1' ],
88 silly audit   'express-rate-limit': [ '7.5.1' ],
88 silly audit   'express-validator': [ '7.3.2' ],
88 silly audit   exsolve: [ '1.1.1' ],
88 silly audit   'fast-check': [ '3.23.2' ],
88 silly audit   'fill-range': [ '7.1.1' ],
88 silly audit   finalhandler: [ '2.1.1' ],
88 silly audit   forwarded: [ '0.2.0' ],
88 silly audit   fresh: [ '2.0.0' ],
88 silly audit   fsevents: [ '2.3.3' ],
88 silly audit   'function-bind': [ '1.1.2' ],
88 silly audit   'get-intrinsic': [ '1.3.0' ],
88 silly audit   'get-proto': [ '1.0.1' ],
88 silly audit   giget: [ '2.0.0' ],
88 silly audit   'glob-parent': [ '5.1.2' ],
88 silly audit   gopd: [ '1.2.0' ],
88 silly audit   'has-flag': [ '3.0.0' ],
88 silly audit   'has-symbols': [ '1.1.0' ],
88 silly audit   hasown: [ '2.0.4' ],
88 silly audit   helmet: [ '8.3.0' ],
88 silly audit   'http-errors': [ '2.0.1' ],
88 silly audit   'iconv-lite': [ '0.7.3' ],
88 silly audit   'ignore-by-default': [ '1.0.1' ],
88 silly audit   inherits: [ '2.0.4' ],
88 silly audit   'ipaddr.js': [ '1.9.1' ],
88 silly audit   'is-binary-path': [ '2.1.0' ],
88 silly audit   'is-extglob': [ '2.1.1' ],
88 silly audit   'is-glob': [ '4.0.3' ],
88 silly audit   'is-number': [ '7.0.0' ],
88 silly audit   'is-promise': [ '4.0.0' ],
88 silly audit   isarray: [ '1.0.0' ],
88 silly audit   jiti: [ '2.7.0' ],
88 silly audit   jsonwebtoken: [ '9.0.3' ],
88 silly audit   jwa: [ '2.0.1' ],
88 silly audit   jws: [ '4.0.1' ],
88 silly audit   lodash: [ '4.18.1' ],
88 silly audit   'lodash.includes': [ '4.3.0' ],
88 silly audit   'lodash.isboolean': [ '3.0.3' ],
88 silly audit   'lodash.isinteger': [ '4.0.4' ],
88 silly audit   'lodash.isnumber': [ '3.0.3' ],
88 silly audit   'lodash.isplainobject': [ '4.0.6' ],
88 silly audit   'lodash.isstring': [ '4.0.1' ],
88 silly audit   'lodash.once': [ '4.1.1' ],
88 silly audit   'math-intrinsics': [ '1.1.0' ],
88 silly audit   'media-typer': [ '1.1.1', '0.3.0' ],
88 silly audit   'merge-descriptors': [ '2.0.0' ],
88 silly audit   'mime-db': [ '1.54.0', '1.52.0' ],
88 silly audit   'mime-types': [ '3.0.2', '2.1.35' ],
88 silly audit   minimatch: [ '10.2.6' ],
88 silly audit   minimist: [ '1.2.8' ],
88 silly audit   mkdirp: [ '0.5.6' ],
88 silly audit   morgan: [ '1.12.1' ],
88 silly audit   ms: [ '2.0.0', '2.1.3' ],
88 silly audit   multer: [ '1.4.5-lts.2' ],
88 silly audit   'type-is': [ '1.6.18', '2.1.0' ],
88 silly audit   negotiator: [ '1.1.0' ],
88 silly audit   'node-fetch-native': [ '1.6.7' ],
88 silly audit   nodemon: [ '3.1.14' ],
88 silly audit   'normalize-path': [ '3.0.0' ],
88 silly audit   nypm: [ '0.6.10' ],
88 silly audit   'object-assign': [ '4.1.1' ],
88 silly audit   'object-inspect': [ '1.13.4' ],
88 silly audit   ohash: [ '2.0.12' ],
88 silly audit   'on-finished': [ '2.4.1' ],
88 silly audit   'on-headers': [ '1.1.0' ],
88 silly audit   once: [ '1.4.0' ],
88 silly audit   parseurl: [ '1.3.3' ],
88 silly audit   'path-to-regexp': [ '8.4.2' ],
88 silly audit   pathe: [ '2.0.3' ],
88 silly audit   'perfect-debounce': [ '1.0.0' ],
88 silly audit   picomatch: [ '2.3.2' ],
88 silly audit   'pkg-types': [ '2.3.3' ],
88 silly audit   prisma: [ '6.19.3' ],
88 silly audit   'process-nextick-args': [ '2.0.1' ],
88 silly audit   'proxy-addr': [ '2.0.8' ],
88 silly audit   'pstree.remy': [ '1.1.8' ],
88 silly audit   'pure-rand': [ '6.1.0' ],
88 silly audit   qs: [ '6.16.0' ],
88 silly audit   'range-parser': [ '1.3.0' ],
88 silly audit   'raw-body': [ '3.0.2' ],
88 silly audit   rc9: [ '2.1.2' ],
88 silly audit   'readable-stream': [ '2.3.8' ],
88 silly audit   router: [ '2.2.0' ],
88 silly audit   'safer-buffer': [ '2.1.2' ],
88 silly audit   semver: [ '7.8.5' ],
88 silly audit   send: [ '1.2.1' ],
88 silly audit   'serve-static': [ '2.2.1' ],
88 silly audit   setprototypeof: [ '1.2.0' ],
88 silly audit   'side-channel': [ '1.1.1' ],
88 silly audit   'side-channel-list': [ '1.0.1' ],
88 silly audit   'side-channel-map': [ '1.0.1' ],
88 silly audit   'side-channel-weakmap': [ '1.0.2' ],
88 silly audit   'simple-update-notifier': [ '2.0.0' ],
88 silly audit   statuses: [ '2.0.2' ],
88 silly audit   streamsearch: [ '1.1.0' ],
88 silly audit   string_decoder: [ '1.1.1' ],
88 silly audit   'supports-color': [ '5.5.0' ],
88 silly audit   tinyexec: [ '1.3.1' ],
88 silly audit   'to-regex-range': [ '5.0.1' ],
88 silly audit   toidentifier: [ '1.0.1' ],
88 silly audit   touch: [ '3.1.1' ],
88 silly audit   typedarray: [ '0.0.6' ],
88 silly audit   undefsafe: [ '2.0.5' ],
88 silly audit   unpipe: [ '1.0.0' ],
88 silly audit   'util-deprecate': [ '1.0.2' ],
88 silly audit   validator: [ '13.15.35' ],
88 silly audit   vary: [ '1.1.2' ],
88 silly audit   wrappy: [ '1.0.2' ],
88 silly audit   xtend: [ '4.0.2' ],
88 silly audit   pg: [ '8.23.1' ],
88 silly audit   'pg-cloudflare': [ '1.4.1' ],
88 silly audit   'pg-connection-string': [ '2.14.1' ],
88 silly audit   'pg-pool': [ '3.14.0' ],
88 silly audit   'pg-protocol': [ '1.16.1' ],
88 silly audit   'pg-types': [ '2.2.0' ],
88 silly audit   pgpass: [ '1.0.5' ],
88 silly audit   'pg-int8': [ '1.0.1' ],
88 silly audit   'postgres-array': [ '2.0.0' ],
88 silly audit   'postgres-bytea': [ '1.0.1' ],
88 silly audit   'postgres-date': [ '1.0.7' ],
88 silly audit   'postgres-interval': [ '1.2.0' ],
88 silly audit   split2: [ '4.2.0' ]
88 silly audit }
89 http cache split2@https://registry.npmjs.org/split2/-/split2-4.2.0.tgz 0ms (cache hit)
90 http cache postgres-date@https://registry.npmjs.org/postgres-date/-/postgres-date-1.0.7.tgz 0ms (cache hit)
91 http cache postgres-interval@https://registry.npmjs.org/postgres-interval/-/postgres-interval-1.2.0.tgz 0ms (cache hit)
92 http cache postgres-bytea@https://registry.npmjs.org/postgres-bytea/-/postgres-bytea-1.0.1.tgz 0ms (cache hit)
93 http cache postgres-array@https://registry.npmjs.org/postgres-array/-/postgres-array-2.0.0.tgz 0ms (cache hit)
94 http cache pg-int8@https://registry.npmjs.org/pg-int8/-/pg-int8-1.0.1.tgz 0ms (cache hit)
95 http cache pgpass@https://registry.npmjs.org/pgpass/-/pgpass-1.0.5.tgz 0ms (cache hit)
96 http cache pg-types@https://registry.npmjs.org/pg-types/-/pg-types-2.2.0.tgz 0ms (cache hit)
97 http cache pg-protocol@https://registry.npmjs.org/pg-protocol/-/pg-protocol-1.16.1.tgz 0ms (cache hit)
98 http cache pg-pool@https://registry.npmjs.org/pg-pool/-/pg-pool-3.14.0.tgz 0ms (cache hit)
99 http cache pg-connection-string@https://registry.npmjs.org/pg-connection-string/-/pg-connection-string-2.14.1.tgz 0ms (cache hit)
100 http cache pg-cloudflare@https://registry.npmjs.org/pg-cloudflare/-/pg-cloudflare-1.4.1.tgz 1ms (cache hit)
101 http cache xtend@https://registry.npmjs.org/xtend/-/xtend-4.0.2.tgz 0ms (cache hit)
102 http cache pg@https://registry.npmjs.org/pg/-/pg-8.23.1.tgz 0ms (cache hit)
103 http cache wrappy@https://registry.npmjs.org/wrappy/-/wrappy-1.0.2.tgz 0ms (cache hit)
104 http cache vary@https://registry.npmjs.org/vary/-/vary-1.1.2.tgz 0ms (cache hit)
105 http cache validator@https://registry.npmjs.org/validator/-/validator-13.15.35.tgz 0ms (cache hit)
106 http cache util-deprecate@https://registry.npmjs.org/util-deprecate/-/util-deprecate-1.0.2.tgz 0ms (cache hit)
107 http cache undefsafe@https://registry.npmjs.org/undefsafe/-/undefsafe-2.0.5.tgz 0ms (cache hit)
108 http cache unpipe@https://registry.npmjs.org/unpipe/-/unpipe-1.0.0.tgz 0ms (cache hit)
109 http cache typedarray@https://registry.npmjs.org/typedarray/-/typedarray-0.0.6.tgz 0ms (cache hit)
110 http cache type-is@https://registry.npmjs.org/type-is/-/type-is-2.1.0.tgz 0ms (cache hit)
111 http cache touch@https://registry.npmjs.org/touch/-/touch-3.1.1.tgz 0ms (cache hit)
112 http cache toidentifier@https://registry.npmjs.org/toidentifier/-/toidentifier-1.0.1.tgz 0ms (cache hit)
113 http cache to-regex-range@https://registry.npmjs.org/to-regex-range/-/to-regex-range-5.0.1.tgz 0ms (cache hit)
114 http cache tinyexec@https://registry.npmjs.org/tinyexec/-/tinyexec-1.3.1.tgz 0ms (cache hit)
115 http cache supports-color@https://registry.npmjs.org/supports-color/-/supports-color-5.5.0.tgz 0ms (cache hit)
116 http cache string_decoder@https://registry.npmjs.org/string_decoder/-/string_decoder-1.1.1.tgz 0ms (cache hit)
117 http cache streamsearch@https://registry.npmjs.org/streamsearch/-/streamsearch-1.1.0.tgz 0ms (cache hit)
118 http cache statuses@https://registry.npmjs.org/statuses/-/statuses-2.0.2.tgz 0ms (cache hit)
119 http cache simple-update-notifier@https://registry.npmjs.org/simple-update-notifier/-/simple-update-notifier-2.0.0.tgz 0ms (cache hit)
120 http cache side-channel-weakmap@https://registry.npmjs.org/side-channel-weakmap/-/side-channel-weakmap-1.0.2.tgz 0ms (cache hit)
121 http cache side-channel-map@https://registry.npmjs.org/side-channel-map/-/side-channel-map-1.0.1.tgz 0ms (cache hit)
122 http cache side-channel@https://registry.npmjs.org/side-channel/-/side-channel-1.1.1.tgz 0ms (cache hit)
123 http cache setprototypeof@https://registry.npmjs.org/setprototypeof/-/setprototypeof-1.2.0.tgz 0ms (cache hit)
124 http cache side-channel-list@https://registry.npmjs.org/side-channel-list/-/side-channel-list-1.0.1.tgz 0ms (cache hit)
125 http cache serve-static@https://registry.npmjs.org/serve-static/-/serve-static-2.2.1.tgz 0ms (cache hit)
126 http cache semver@https://registry.npmjs.org/semver/-/semver-7.8.5.tgz 0ms (cache hit)
127 http cache send@https://registry.npmjs.org/send/-/send-1.2.1.tgz 0ms (cache hit)
128 http cache safer-buffer@https://registry.npmjs.org/safer-buffer/-/safer-buffer-2.1.2.tgz 0ms (cache hit)
129 http cache safe-buffer@https://registry.npmjs.org/safe-buffer/-/safe-buffer-5.2.1.tgz 0ms (cache hit)
130 http cache router@https://registry.npmjs.org/router/-/router-2.2.0.tgz 0ms (cache hit)
131 http cache readdirp@https://registry.npmjs.org/readdirp/-/readdirp-3.6.0.tgz 0ms (cache hit)
132 http cache readable-stream@https://registry.npmjs.org/readable-stream/-/readable-stream-2.3.8.tgz 0ms (cache hit)
133 http cache rc9@https://registry.npmjs.org/rc9/-/rc9-2.1.2.tgz 0ms (cache hit)
134 http cache raw-body@https://registry.npmjs.org/raw-body/-/raw-body-3.0.2.tgz 0ms (cache hit)
135 http cache range-parser@https://registry.npmjs.org/range-parser/-/range-parser-1.3.0.tgz 0ms (cache hit)
136 http cache pure-rand@https://registry.npmjs.org/pure-rand/-/pure-rand-6.1.0.tgz 0ms (cache hit)
137 http cache qs@https://registry.npmjs.org/qs/-/qs-6.16.0.tgz 0ms (cache hit)
138 http cache pstree.remy@https://registry.npmjs.org/pstree.remy/-/pstree.remy-1.1.8.tgz 0ms (cache hit)
139 http cache proxy-addr@https://registry.npmjs.org/proxy-addr/-/proxy-addr-2.0.8.tgz 0ms (cache hit)
140 http cache process-nextick-args@https://registry.npmjs.org/process-nextick-args/-/process-nextick-args-2.0.1.tgz 0ms (cache hit)
141 http cache prisma@https://registry.npmjs.org/prisma/-/prisma-6.19.3.tgz 0ms (cache hit)
142 http cache pkg-types@https://registry.npmjs.org/pkg-types/-/pkg-types-2.3.3.tgz 0ms (cache hit)
143 http cache picomatch@https://registry.npmjs.org/picomatch/-/picomatch-2.3.2.tgz 0ms (cache hit)
144 http cache perfect-debounce@https://registry.npmjs.org/perfect-debounce/-/perfect-debounce-1.0.0.tgz 0ms (cache hit)
145 http cache pathe@https://registry.npmjs.org/pathe/-/pathe-2.0.3.tgz 0ms (cache hit)
146 http cache path-to-regexp@https://registry.npmjs.org/path-to-regexp/-/path-to-regexp-8.4.2.tgz 0ms (cache hit)
147 http cache parseurl@https://registry.npmjs.org/parseurl/-/parseurl-1.3.3.tgz 0ms (cache hit)
148 http cache once@https://registry.npmjs.org/once/-/once-1.4.0.tgz 0ms (cache hit)
149 http cache on-headers@https://registry.npmjs.org/on-headers/-/on-headers-1.1.0.tgz 0ms (cache hit)
150 http cache on-finished@https://registry.npmjs.org/on-finished/-/on-finished-2.4.1.tgz 0ms (cache hit)
151 http cache ohash@https://registry.npmjs.org/ohash/-/ohash-2.0.12.tgz 0ms (cache hit)
152 http cache object-inspect@https://registry.npmjs.org/object-inspect/-/object-inspect-1.13.4.tgz 0ms (cache hit)
153 http cache object-assign@https://registry.npmjs.org/object-assign/-/object-assign-4.1.1.tgz 0ms (cache hit)
154 http cache nypm@https://registry.npmjs.org/nypm/-/nypm-0.6.10.tgz 0ms (cache hit)
155 http cache normalize-path@https://registry.npmjs.org/normalize-path/-/normalize-path-3.0.0.tgz 0ms (cache hit)
156 http cache nodemon@https://registry.npmjs.org/nodemon/-/nodemon-3.1.14.tgz 0ms (cache hit)
157 http cache node-fetch-native@https://registry.npmjs.org/node-fetch-native/-/node-fetch-native-1.6.7.tgz 0ms (cache hit)
158 http cache ms@https://registry.npmjs.org/ms/-/ms-2.1.3.tgz 0ms (cache hit)
159 http cache negotiator@https://registry.npmjs.org/negotiator/-/negotiator-1.1.0.tgz 0ms (cache hit)
160 http cache morgan@https://registry.npmjs.org/morgan/-/morgan-1.12.1.tgz 0ms (cache hit)
161 http cache mkdirp@https://registry.npmjs.org/mkdirp/-/mkdirp-0.5.6.tgz 0ms (cache hit)
162 http cache multer@https://registry.npmjs.org/multer/-/multer-1.4.5-lts.2.tgz 0ms (cache hit)
163 http cache minimatch@https://registry.npmjs.org/minimatch/-/minimatch-10.2.6.tgz 0ms (cache hit)
164 http cache mime-types@https://registry.npmjs.org/mime-types/-/mime-types-3.0.2.tgz 0ms (cache hit)
165 http cache mime-db@https://registry.npmjs.org/mime-db/-/mime-db-1.54.0.tgz 0ms (cache hit)
166 http cache merge-descriptors@https://registry.npmjs.org/merge-descriptors/-/merge-descriptors-2.0.0.tgz 0ms (cache hit)
167 http cache minimist@https://registry.npmjs.org/minimist/-/minimist-1.2.8.tgz 0ms (cache hit)
168 http cache math-intrinsics@https://registry.npmjs.org/math-intrinsics/-/math-intrinsics-1.1.0.tgz 0ms (cache hit)
169 http cache lodash.once@https://registry.npmjs.org/lodash.once/-/lodash.once-4.1.1.tgz 0ms (cache hit)
170 http cache lodash.isstring@https://registry.npmjs.org/lodash.isstring/-/lodash.isstring-4.0.1.tgz 0ms (cache hit)
171 http cache media-typer@https://registry.npmjs.org/media-typer/-/media-typer-1.1.1.tgz 0ms (cache hit)
172 http cache lodash.isplainobject@https://registry.npmjs.org/lodash.isplainobject/-/lodash.isplainobject-4.0.6.tgz 0ms (cache hit)
173 http cache lodash.isnumber@https://registry.npmjs.org/lodash.isnumber/-/lodash.isnumber-3.0.3.tgz 0ms (cache hit)
174 http cache lodash.isinteger@https://registry.npmjs.org/lodash.isinteger/-/lodash.isinteger-4.0.4.tgz 0ms (cache hit)
175 http cache lodash.isboolean@https://registry.npmjs.org/lodash.isboolean/-/lodash.isboolean-3.0.3.tgz 0ms (cache hit)
176 http cache lodash.includes@https://registry.npmjs.org/lodash.includes/-/lodash.includes-4.3.0.tgz 0ms (cache hit)
177 http cache lodash@https://registry.npmjs.org/lodash/-/lodash-4.18.1.tgz 0ms (cache hit)
178 http cache jws@https://registry.npmjs.org/jws/-/jws-4.0.1.tgz 0ms (cache hit)
179 http cache jwa@https://registry.npmjs.org/jwa/-/jwa-2.0.1.tgz 0ms (cache hit)
180 http cache jsonwebtoken@https://registry.npmjs.org/jsonwebtoken/-/jsonwebtoken-9.0.3.tgz 0ms (cache hit)
181 http cache jiti@https://registry.npmjs.org/jiti/-/jiti-2.7.0.tgz 0ms (cache hit)
182 http cache isarray@https://registry.npmjs.org/isarray/-/isarray-1.0.0.tgz 0ms (cache hit)
183 http cache is-promise@https://registry.npmjs.org/is-promise/-/is-promise-4.0.0.tgz 0ms (cache hit)
184 http cache is-number@https://registry.npmjs.org/is-number/-/is-number-7.0.0.tgz 0ms (cache hit)
185 http cache is-glob@https://registry.npmjs.org/is-glob/-/is-glob-4.0.3.tgz 0ms (cache hit)
186 http cache is-extglob@https://registry.npmjs.org/is-extglob/-/is-extglob-2.1.1.tgz 0ms (cache hit)
187 http cache is-binary-path@https://registry.npmjs.org/is-binary-path/-/is-binary-path-2.1.0.tgz 0ms (cache hit)
188 http cache ipaddr.js@https://registry.npmjs.org/ipaddr.js/-/ipaddr.js-1.9.1.tgz 0ms (cache hit)
189 http cache inherits@https://registry.npmjs.org/inherits/-/inherits-2.0.4.tgz 0ms (cache hit)
190 http cache ignore-by-default@https://registry.npmjs.org/ignore-by-default/-/ignore-by-default-1.0.1.tgz 0ms (cache hit)
191 http cache iconv-lite@https://registry.npmjs.org/iconv-lite/-/iconv-lite-0.7.3.tgz 0ms (cache hit)
192 http cache http-errors@https://registry.npmjs.org/http-errors/-/http-errors-2.0.1.tgz 0ms (cache hit)
193 http cache helmet@https://registry.npmjs.org/helmet/-/helmet-8.3.0.tgz 0ms (cache hit)
194 http cache hasown@https://registry.npmjs.org/hasown/-/hasown-2.0.4.tgz 0ms (cache hit)
195 http cache has-symbols@https://registry.npmjs.org/has-symbols/-/has-symbols-1.1.0.tgz 0ms (cache hit)
196 http cache has-flag@https://registry.npmjs.org/has-flag/-/has-flag-3.0.0.tgz 0ms (cache hit)
197 http cache gopd@https://registry.npmjs.org/gopd/-/gopd-1.2.0.tgz 0ms (cache hit)
198 http cache glob-parent@https://registry.npmjs.org/glob-parent/-/glob-parent-5.1.2.tgz 0ms (cache hit)
199 http cache giget@https://registry.npmjs.org/giget/-/giget-2.0.0.tgz 0ms (cache hit)
200 http cache get-proto@https://registry.npmjs.org/get-proto/-/get-proto-1.0.1.tgz 0ms (cache hit)
201 http cache get-intrinsic@https://registry.npmjs.org/get-intrinsic/-/get-intrinsic-1.3.0.tgz 1ms (cache hit)
202 http cache function-bind@https://registry.npmjs.org/function-bind/-/function-bind-1.1.2.tgz 0ms (cache hit)
203 http cache fresh@https://registry.npmjs.org/fresh/-/fresh-2.0.0.tgz 0ms (cache hit)
204 http cache forwarded@https://registry.npmjs.org/forwarded/-/forwarded-0.2.0.tgz 0ms (cache hit)
205 http cache finalhandler@https://registry.npmjs.org/finalhandler/-/finalhandler-2.1.1.tgz 0ms (cache hit)
206 http cache fast-check@https://registry.npmjs.org/fast-check/-/fast-check-3.23.2.tgz 1ms (cache hit)
207 http cache fill-range@https://registry.npmjs.org/fill-range/-/fill-range-7.1.1.tgz 0ms (cache hit)
208 http cache exsolve@https://registry.npmjs.org/exsolve/-/exsolve-1.1.1.tgz 0ms (cache hit)
209 http cache express-validator@https://registry.npmjs.org/express-validator/-/express-validator-7.3.2.tgz 0ms (cache hit)
210 http cache express-rate-limit@https://registry.npmjs.org/express-rate-limit/-/express-rate-limit-7.5.1.tgz 0ms (cache hit)
211 http cache express@https://registry.npmjs.org/express/-/express-5.2.1.tgz 0ms (cache hit)
212 http cache etag@https://registry.npmjs.org/etag/-/etag-1.8.1.tgz 0ms (cache hit)
213 http cache escape-html@https://registry.npmjs.org/escape-html/-/escape-html-1.0.3.tgz 0ms (cache hit)
214 http cache es-object-atoms@https://registry.npmjs.org/es-object-atoms/-/es-object-atoms-1.1.2.tgz 0ms (cache hit)
215 http cache es-errors@https://registry.npmjs.org/es-errors/-/es-errors-1.3.0.tgz 0ms (cache hit)
216 http cache es-define-property@https://registry.npmjs.org/es-define-property/-/es-define-property-1.0.1.tgz 0ms (cache hit)
217 http cache encodeurl@https://registry.npmjs.org/encodeurl/-/encodeurl-2.0.0.tgz 0ms (cache hit)
218 http cache empathic@https://registry.npmjs.org/empathic/-/empathic-2.0.0.tgz 0ms (cache hit)
219 http cache effect@https://registry.npmjs.org/effect/-/effect-3.21.0.tgz 0ms (cache hit)
220 http cache ee-first@https://registry.npmjs.org/ee-first/-/ee-first-1.1.1.tgz 0ms (cache hit)
221 http cache ecdsa-sig-formatter@https://registry.npmjs.org/ecdsa-sig-formatter/-/ecdsa-sig-formatter-1.0.11.tgz 0ms (cache hit)
222 http cache dunder-proto@https://registry.npmjs.org/dunder-proto/-/dunder-proto-1.0.1.tgz 0ms (cache hit)
223 http cache dotenv@https://registry.npmjs.org/dotenv/-/dotenv-16.6.1.tgz 0ms (cache hit)
224 http cache destr@https://registry.npmjs.org/destr/-/destr-2.0.5.tgz 0ms (cache hit)
225 http cache depd@https://registry.npmjs.org/depd/-/depd-2.0.0.tgz 0ms (cache hit)
226 http cache defu@https://registry.npmjs.org/defu/-/defu-6.1.7.tgz 0ms (cache hit)
227 http cache deepmerge-ts@https://registry.npmjs.org/deepmerge-ts/-/deepmerge-ts-7.1.5.tgz 0ms (cache hit)
228 http cache debug@https://registry.npmjs.org/debug/-/debug-4.4.3.tgz 0ms (cache hit)
229 http cache cors@https://registry.npmjs.org/cors/-/cors-2.8.6.tgz 0ms (cache hit)
230 http cache core-util-is@https://registry.npmjs.org/core-util-is/-/core-util-is-1.0.3.tgz 0ms (cache hit)
231 http cache cookie-signature@https://registry.npmjs.org/cookie-signature/-/cookie-signature-1.2.2.tgz 0ms (cache hit)
232 http cache cookie@https://registry.npmjs.org/cookie/-/cookie-0.7.2.tgz 0ms (cache hit)
233 http cache content-type@https://registry.npmjs.org/content-type/-/content-type-1.0.5.tgz 0ms (cache hit)
234 http cache content-disposition@https://registry.npmjs.org/content-disposition/-/content-disposition-1.1.0.tgz 0ms (cache hit)
235 http cache consola@https://registry.npmjs.org/consola/-/consola-3.4.2.tgz 0ms (cache hit)
236 http cache confbox@https://registry.npmjs.org/confbox/-/confbox-0.2.4.tgz 0ms (cache hit)
237 http cache concat-stream@https://registry.npmjs.org/concat-stream/-/concat-stream-1.6.2.tgz 0ms (cache hit)
238 http cache citty@https://registry.npmjs.org/citty/-/citty-0.1.6.tgz 0ms (cache hit)
239 http cache chokidar@https://registry.npmjs.org/chokidar/-/chokidar-3.6.0.tgz 0ms (cache hit)
240 http cache call-bound@https://registry.npmjs.org/call-bound/-/call-bound-1.0.4.tgz 0ms (cache hit)
241 http cache call-bind-apply-helpers@https://registry.npmjs.org/call-bind-apply-helpers/-/call-bind-apply-helpers-1.0.2.tgz 1ms (cache hit)
242 http cache c12@https://registry.npmjs.org/c12/-/c12-3.1.0.tgz 0ms (cache hit)
243 http cache bytes@https://registry.npmjs.org/bytes/-/bytes-3.1.2.tgz 0ms (cache hit)
244 http cache busboy@https://registry.npmjs.org/busboy/-/busboy-1.6.0.tgz 0ms (cache hit)
245 http cache buffer-from@https://registry.npmjs.org/buffer-from/-/buffer-from-1.1.2.tgz 0ms (cache hit)
246 http cache buffer-equal-constant-time@https://registry.npmjs.org/buffer-equal-constant-time/-/buffer-equal-constant-time-1.0.1.tgz 0ms (cache hit)
247 http cache braces@https://registry.npmjs.org/braces/-/braces-3.0.3.tgz 0ms (cache hit)
248 http cache brace-expansion@https://registry.npmjs.org/brace-expansion/-/brace-expansion-5.0.12.tgz 0ms (cache hit)
249 http cache body-parser@https://registry.npmjs.org/body-parser/-/body-parser-2.3.0.tgz 0ms (cache hit)
250 http cache binary-extensions@https://registry.npmjs.org/binary-extensions/-/binary-extensions-2.3.0.tgz 0ms (cache hit)
251 http cache bcryptjs@https://registry.npmjs.org/bcryptjs/-/bcryptjs-3.0.3.tgz 0ms (cache hit)
252 http cache basic-auth@https://registry.npmjs.org/basic-auth/-/basic-auth-2.0.1.tgz 0ms (cache hit)
253 http cache balanced-match@https://registry.npmjs.org/balanced-match/-/balanced-match-4.0.4.tgz 0ms (cache hit)
254 http cache append-field@https://registry.npmjs.org/append-field/-/append-field-1.0.0.tgz 0ms (cache hit)
255 http cache anymatch@https://registry.npmjs.org/anymatch/-/anymatch-3.1.3.tgz 0ms (cache hit)
256 http cache accepts@https://registry.npmjs.org/accepts/-/accepts-2.0.0.tgz 0ms (cache hit)
257 http cache @standard-schema/spec@https://registry.npmjs.org/@standard-schema/spec/-/spec-1.1.0.tgz 0ms (cache hit)
258 http cache @prisma/get-platform@https://registry.npmjs.org/@prisma/get-platform/-/get-platform-6.19.3.tgz 0ms (cache hit)
259 http cache @prisma/fetch-engine@https://registry.npmjs.org/@prisma/fetch-engine/-/fetch-engine-6.19.3.tgz 0ms (cache hit)
260 http cache @prisma/engines@https://registry.npmjs.org/@prisma/engines/-/engines-6.19.3.tgz 0ms (cache hit)
261 http cache @prisma/engines-version@https://registry.npmjs.org/@prisma/engines-version/-/engines-version-7.1.1-3.c2990dca591cba766e3b7ef5d9e8a84796e47ab7.tgz 0ms (cache hit)
262 http cache @prisma/debug@https://registry.npmjs.org/@prisma/debug/-/debug-6.19.3.tgz 0ms (cache hit)
263 http cache @prisma/config@https://registry.npmjs.org/@prisma/config/-/config-6.19.3.tgz 0ms (cache hit)
264 http cache @prisma/client@https://registry.npmjs.org/@prisma/client/-/client-6.19.3.tgz 0ms (cache hit)
265 http cache content-type@https://registry.npmjs.org/content-type/-/content-type-2.1.0.tgz 1ms (cache hit)
266 http cache confbox@https://registry.npmjs.org/confbox/-/confbox-0.3.1.tgz 0ms (cache hit)
267 http cache safe-buffer@https://registry.npmjs.org/safe-buffer/-/safe-buffer-5.1.2.tgz 0ms (cache hit)
268 http cache safe-buffer@https://registry.npmjs.org/safe-buffer/-/safe-buffer-5.1.2.tgz 0ms (cache hit)
269 http cache citty@https://registry.npmjs.org/citty/-/citty-0.2.2.tgz 0ms (cache hit)
270 http cache content-type@https://registry.npmjs.org/content-type/-/content-type-2.1.0.tgz 0ms (cache hit)
271 http cache type-is@https://registry.npmjs.org/type-is/-/type-is-1.6.18.tgz 0ms (cache hit)
272 http cache mime-types@https://registry.npmjs.org/mime-types/-/mime-types-2.1.35.tgz 0ms (cache hit)
273 http cache mime-db@https://registry.npmjs.org/mime-db/-/mime-db-1.52.0.tgz 0ms (cache hit)
274 http cache media-typer@https://registry.npmjs.org/media-typer/-/media-typer-0.3.0.tgz 0ms (cache hit)
275 http cache ms@https://registry.npmjs.org/ms/-/ms-2.0.0.tgz 0ms (cache hit)
276 http cache debug@https://registry.npmjs.org/debug/-/debug-2.6.9.tgz 0ms (cache hit)
277 http cache readdirp@https://registry.npmjs.org/readdirp/-/readdirp-4.1.2.tgz 0ms (cache hit)
278 http cache chokidar@https://registry.npmjs.org/chokidar/-/chokidar-4.0.3.tgz 0ms (cache hit)
279 http cache content-type@https://registry.npmjs.org/content-type/-/content-type-2.1.0.tgz 0ms (cache hit)
280 http cache safe-buffer@https://registry.npmjs.org/safe-buffer/-/safe-buffer-5.1.2.tgz 0ms (cache hit)
281 silly tarball no local data for split2@https://registry.npmjs.org/split2/-/split2-4.2.0.tgz. Extracting by manifest.
282 silly tarball no local data for postgres-date@https://registry.npmjs.org/postgres-date/-/postgres-date-1.0.7.tgz. Extracting by manifest.
283 silly tarball no local data for postgres-interval@https://registry.npmjs.org/postgres-interval/-/postgres-interval-1.2.0.tgz. Extracting by manifest.
284 silly tarball no local data for postgres-bytea@https://registry.npmjs.org/postgres-bytea/-/postgres-bytea-1.0.1.tgz. Extracting by manifest.
285 silly tarball no local data for postgres-array@https://registry.npmjs.org/postgres-array/-/postgres-array-2.0.0.tgz. Extracting by manifest.
286 silly tarball no local data for pg-int8@https://registry.npmjs.org/pg-int8/-/pg-int8-1.0.1.tgz. Extracting by manifest.
287 silly tarball no local data for pgpass@https://registry.npmjs.org/pgpass/-/pgpass-1.0.5.tgz. Extracting by manifest.
288 silly tarball no local data for pg-types@https://registry.npmjs.org/pg-types/-/pg-types-2.2.0.tgz. Extracting by manifest.
289 silly tarball no local data for pg-protocol@https://registry.npmjs.org/pg-protocol/-/pg-protocol-1.16.1.tgz. Extracting by manifest.
290 silly tarball no local data for pg-pool@https://registry.npmjs.org/pg-pool/-/pg-pool-3.14.0.tgz. Extracting by manifest.
291 silly tarball no local data for pg-connection-string@https://registry.npmjs.org/pg-connection-string/-/pg-connection-string-2.14.1.tgz. Extracting by manifest.
292 silly tarball no local data for pg-cloudflare@https://registry.npmjs.org/pg-cloudflare/-/pg-cloudflare-1.4.1.tgz. Extracting by manifest.
293 silly tarball no local data for xtend@https://registry.npmjs.org/xtend/-/xtend-4.0.2.tgz. Extracting by manifest.
294 silly tarball no local data for pg@https://registry.npmjs.org/pg/-/pg-8.23.1.tgz. Extracting by manifest.
295 silly tarball no local data for wrappy@https://registry.npmjs.org/wrappy/-/wrappy-1.0.2.tgz. Extracting by manifest.
296 silly tarball no local data for vary@https://registry.npmjs.org/vary/-/vary-1.1.2.tgz. Extracting by manifest.
297 silly tarball no local data for validator@https://registry.npmjs.org/validator/-/validator-13.15.35.tgz. Extracting by manifest.
298 silly tarball no local data for util-deprecate@https://registry.npmjs.org/util-deprecate/-/util-deprecate-1.0.2.tgz. Extracting by manifest.
299 silly tarball no local data for undefsafe@https://registry.npmjs.org/undefsafe/-/undefsafe-2.0.5.tgz. Extracting by manifest.
300 silly tarball no local data for unpipe@https://registry.npmjs.org/unpipe/-/unpipe-1.0.0.tgz. Extracting by manifest.
301 silly tarball no local data for typedarray@https://registry.npmjs.org/typedarray/-/typedarray-0.0.6.tgz. Extracting by manifest.
302 silly tarball no local data for type-is@https://registry.npmjs.org/type-is/-/type-is-2.1.0.tgz. Extracting by manifest.
303 silly tarball no local data for touch@https://registry.npmjs.org/touch/-/touch-3.1.1.tgz. Extracting by manifest.
304 silly tarball no local data for toidentifier@https://registry.npmjs.org/toidentifier/-/toidentifier-1.0.1.tgz. Extracting by manifest.
305 silly tarball no local data for to-regex-range@https://registry.npmjs.org/to-regex-range/-/to-regex-range-5.0.1.tgz. Extracting by manifest.
306 silly tarball no local data for tinyexec@https://registry.npmjs.org/tinyexec/-/tinyexec-1.3.1.tgz. Extracting by manifest.
307 silly tarball no local data for supports-color@https://registry.npmjs.org/supports-color/-/supports-color-5.5.0.tgz. Extracting by manifest.
308 silly tarball no local data for string_decoder@https://registry.npmjs.org/string_decoder/-/string_decoder-1.1.1.tgz. Extracting by manifest.
309 silly tarball no local data for streamsearch@https://registry.npmjs.org/streamsearch/-/streamsearch-1.1.0.tgz. Extracting by manifest.
310 silly tarball no local data for statuses@https://registry.npmjs.org/statuses/-/statuses-2.0.2.tgz. Extracting by manifest.
311 silly tarball no local data for simple-update-notifier@https://registry.npmjs.org/simple-update-notifier/-/simple-update-notifier-2.0.0.tgz. Extracting by manifest.
312 silly tarball no local data for side-channel-weakmap@https://registry.npmjs.org/side-channel-weakmap/-/side-channel-weakmap-1.0.2.tgz. Extracting by manifest.
313 silly tarball no local data for side-channel-map@https://registry.npmjs.org/side-channel-map/-/side-channel-map-1.0.1.tgz. Extracting by manifest.
314 silly tarball no local data for side-channel@https://registry.npmjs.org/side-channel/-/side-channel-1.1.1.tgz. Extracting by manifest.
315 silly tarball no local data for setprototypeof@https://registry.npmjs.org/setprototypeof/-/setprototypeof-1.2.0.tgz. Extracting by manifest.
316 silly tarball no local data for side-channel-list@https://registry.npmjs.org/side-channel-list/-/side-channel-list-1.0.1.tgz. Extracting by manifest.
317 silly tarball no local data for serve-static@https://registry.npmjs.org/serve-static/-/serve-static-2.2.1.tgz. Extracting by manifest.
318 silly tarball no local data for semver@https://registry.npmjs.org/semver/-/semver-7.8.5.tgz. Extracting by manifest.
319 silly tarball no local data for send@https://registry.npmjs.org/send/-/send-1.2.1.tgz. Extracting by manifest.
320 silly tarball no local data for safer-buffer@https://registry.npmjs.org/safer-buffer/-/safer-buffer-2.1.2.tgz. Extracting by manifest.
321 silly tarball no local data for safe-buffer@https://registry.npmjs.org/safe-buffer/-/safe-buffer-5.2.1.tgz. Extracting by manifest.
322 silly tarball no local data for router@https://registry.npmjs.org/router/-/router-2.2.0.tgz. Extracting by manifest.
323 silly tarball no local data for readdirp@https://registry.npmjs.org/readdirp/-/readdirp-3.6.0.tgz. Extracting by manifest.
324 silly tarball no local data for readable-stream@https://registry.npmjs.org/readable-stream/-/readable-stream-2.3.8.tgz. Extracting by manifest.
325 silly tarball no local data for rc9@https://registry.npmjs.org/rc9/-/rc9-2.1.2.tgz. Extracting by manifest.
326 silly tarball no local data for raw-body@https://registry.npmjs.org/raw-body/-/raw-body-3.0.2.tgz. Extracting by manifest.
327 silly tarball no local data for range-parser@https://registry.npmjs.org/range-parser/-/range-parser-1.3.0.tgz. Extracting by manifest.
328 silly tarball no local data for pure-rand@https://registry.npmjs.org/pure-rand/-/pure-rand-6.1.0.tgz. Extracting by manifest.
329 silly tarball no local data for qs@https://registry.npmjs.org/qs/-/qs-6.16.0.tgz. Extracting by manifest.
330 silly tarball no local data for pstree.remy@https://registry.npmjs.org/pstree.remy/-/pstree.remy-1.1.8.tgz. Extracting by manifest.
331 silly tarball no local data for proxy-addr@https://registry.npmjs.org/proxy-addr/-/proxy-addr-2.0.8.tgz. Extracting by manifest.
332 silly tarball no local data for process-nextick-args@https://registry.npmjs.org/process-nextick-args/-/process-nextick-args-2.0.1.tgz. Extracting by manifest.
333 silly tarball no local data for prisma@https://registry.npmjs.org/prisma/-/prisma-6.19.3.tgz. Extracting by manifest.
334 silly tarball no local data for pkg-types@https://registry.npmjs.org/pkg-types/-/pkg-types-2.3.3.tgz. Extracting by manifest.
335 silly tarball no local data for picomatch@https://registry.npmjs.org/picomatch/-/picomatch-2.3.2.tgz. Extracting by manifest.
336 silly tarball no local data for perfect-debounce@https://registry.npmjs.org/perfect-debounce/-/perfect-debounce-1.0.0.tgz. Extracting by manifest.
337 silly tarball no local data for pathe@https://registry.npmjs.org/pathe/-/pathe-2.0.3.tgz. Extracting by manifest.
338 silly tarball no local data for path-to-regexp@https://registry.npmjs.org/path-to-regexp/-/path-to-regexp-8.4.2.tgz. Extracting by manifest.
339 silly tarball no local data for parseurl@https://registry.npmjs.org/parseurl/-/parseurl-1.3.3.tgz. Extracting by manifest.
340 silly tarball no local data for once@https://registry.npmjs.org/once/-/once-1.4.0.tgz. Extracting by manifest.
341 silly tarball no local data for on-headers@https://registry.npmjs.org/on-headers/-/on-headers-1.1.0.tgz. Extracting by manifest.
342 silly tarball no local data for on-finished@https://registry.npmjs.org/on-finished/-/on-finished-2.4.1.tgz. Extracting by manifest.
343 silly tarball no local data for ohash@https://registry.npmjs.org/ohash/-/ohash-2.0.12.tgz. Extracting by manifest.
344 silly tarball no local data for object-inspect@https://registry.npmjs.org/object-inspect/-/object-inspect-1.13.4.tgz. Extracting by manifest.
345 silly tarball no local data for object-assign@https://registry.npmjs.org/object-assign/-/object-assign-4.1.1.tgz. Extracting by manifest.
346 silly tarball no local data for nypm@https://registry.npmjs.org/nypm/-/nypm-0.6.10.tgz. Extracting by manifest.
347 silly tarball no local data for normalize-path@https://registry.npmjs.org/normalize-path/-/normalize-path-3.0.0.tgz. Extracting by manifest.
348 silly tarball no local data for nodemon@https://registry.npmjs.org/nodemon/-/nodemon-3.1.14.tgz. Extracting by manifest.
349 silly tarball no local data for node-fetch-native@https://registry.npmjs.org/node-fetch-native/-/node-fetch-native-1.6.7.tgz. Extracting by manifest.
350 silly tarball no local data for ms@https://registry.npmjs.org/ms/-/ms-2.1.3.tgz. Extracting by manifest.
351 silly tarball no local data for negotiator@https://registry.npmjs.org/negotiator/-/negotiator-1.1.0.tgz. Extracting by manifest.
352 silly tarball no local data for morgan@https://registry.npmjs.org/morgan/-/morgan-1.12.1.tgz. Extracting by manifest.
353 silly tarball no local data for mkdirp@https://registry.npmjs.org/mkdirp/-/mkdirp-0.5.6.tgz. Extracting by manifest.
354 silly tarball no local data for multer@https://registry.npmjs.org/multer/-/multer-1.4.5-lts.2.tgz. Extracting by manifest.
355 silly tarball no local data for minimatch@https://registry.npmjs.org/minimatch/-/minimatch-10.2.6.tgz. Extracting by manifest.
356 silly tarball no local data for mime-types@https://registry.npmjs.org/mime-types/-/mime-types-3.0.2.tgz. Extracting by manifest.
357 silly tarball no local data for mime-db@https://registry.npmjs.org/mime-db/-/mime-db-1.54.0.tgz. Extracting by manifest.
358 silly tarball no local data for merge-descriptors@https://registry.npmjs.org/merge-descriptors/-/merge-descriptors-2.0.0.tgz. Extracting by manifest.
359 silly tarball no local data for minimist@https://registry.npmjs.org/minimist/-/minimist-1.2.8.tgz. Extracting by manifest.
360 silly tarball no local data for math-intrinsics@https://registry.npmjs.org/math-intrinsics/-/math-intrinsics-1.1.0.tgz. Extracting by manifest.
361 silly tarball no local data for lodash.once@https://registry.npmjs.org/lodash.once/-/lodash.once-4.1.1.tgz. Extracting by manifest.
362 silly tarball no local data for lodash.isstring@https://registry.npmjs.org/lodash.isstring/-/lodash.isstring-4.0.1.tgz. Extracting by manifest.
363 silly tarball no local data for media-typer@https://registry.npmjs.org/media-typer/-/media-typer-1.1.1.tgz. Extracting by manifest.
364 silly tarball no local data for lodash.isplainobject@https://registry.npmjs.org/lodash.isplainobject/-/lodash.isplainobject-4.0.6.tgz. Extracting by manifest.
365 silly tarball no local data for lodash.isnumber@https://registry.npmjs.org/lodash.isnumber/-/lodash.isnumber-3.0.3.tgz. Extracting by manifest.
366 silly tarball no local data for lodash.isinteger@https://registry.npmjs.org/lodash.isinteger/-/lodash.isinteger-4.0.4.tgz. Extracting by manifest.
367 silly tarball no local data for lodash.isboolean@https://registry.npmjs.org/lodash.isboolean/-/lodash.isboolean-3.0.3.tgz. Extracting by manifest.
368 silly tarball no local data for lodash.includes@https://registry.npmjs.org/lodash.includes/-/lodash.includes-4.3.0.tgz. Extracting by manifest.
369 silly tarball no local data for lodash@https://registry.npmjs.org/lodash/-/lodash-4.18.1.tgz. Extracting by manifest.
370 silly tarball no local data for jws@https://registry.npmjs.org/jws/-/jws-4.0.1.tgz. Extracting by manifest.
371 silly tarball no local data for jwa@https://registry.npmjs.org/jwa/-/jwa-2.0.1.tgz. Extracting by manifest.
372 silly tarball no local data for jsonwebtoken@https://registry.npmjs.org/jsonwebtoken/-/jsonwebtoken-9.0.3.tgz. Extracting by manifest.
373 silly tarball no local data for jiti@https://registry.npmjs.org/jiti/-/jiti-2.7.0.tgz. Extracting by manifest.
374 silly tarball no local data for isarray@https://registry.npmjs.org/isarray/-/isarray-1.0.0.tgz. Extracting by manifest.
375 silly tarball no local data for is-promise@https://registry.npmjs.org/is-promise/-/is-promise-4.0.0.tgz. Extracting by manifest.
376 silly tarball no local data for is-number@https://registry.npmjs.org/is-number/-/is-number-7.0.0.tgz. Extracting by manifest.
377 silly tarball no local data for is-glob@https://registry.npmjs.org/is-glob/-/is-glob-4.0.3.tgz. Extracting by manifest.
378 silly tarball no local data for is-extglob@https://registry.npmjs.org/is-extglob/-/is-extglob-2.1.1.tgz. Extracting by manifest.
379 silly tarball no local data for is-binary-path@https://registry.npmjs.org/is-binary-path/-/is-binary-path-2.1.0.tgz. Extracting by manifest.
380 silly tarball no local data for ipaddr.js@https://registry.npmjs.org/ipaddr.js/-/ipaddr.js-1.9.1.tgz. Extracting by manifest.
381 silly tarball no local data for inherits@https://registry.npmjs.org/inherits/-/inherits-2.0.4.tgz. Extracting by manifest.
382 silly tarball no local data for ignore-by-default@https://registry.npmjs.org/ignore-by-default/-/ignore-by-default-1.0.1.tgz. Extracting by manifest.
383 silly tarball no local data for iconv-lite@https://registry.npmjs.org/iconv-lite/-/iconv-lite-0.7.3.tgz. Extracting by manifest.
384 silly tarball no local data for http-errors@https://registry.npmjs.org/http-errors/-/http-errors-2.0.1.tgz. Extracting by manifest.
385 silly tarball no local data for helmet@https://registry.npmjs.org/helmet/-/helmet-8.3.0.tgz. Extracting by manifest.
386 silly tarball no local data for hasown@https://registry.npmjs.org/hasown/-/hasown-2.0.4.tgz. Extracting by manifest.
387 silly tarball no local data for has-symbols@https://registry.npmjs.org/has-symbols/-/has-symbols-1.1.0.tgz. Extracting by manifest.
388 silly tarball no local data for has-flag@https://registry.npmjs.org/has-flag/-/has-flag-3.0.0.tgz. Extracting by manifest.
389 silly tarball no local data for gopd@https://registry.npmjs.org/gopd/-/gopd-1.2.0.tgz. Extracting by manifest.
390 silly tarball no local data for glob-parent@https://registry.npmjs.org/glob-parent/-/glob-parent-5.1.2.tgz. Extracting by manifest.
391 silly tarball no local data for giget@https://registry.npmjs.org/giget/-/giget-2.0.0.tgz. Extracting by manifest.
392 silly tarball no local data for get-proto@https://registry.npmjs.org/get-proto/-/get-proto-1.0.1.tgz. Extracting by manifest.
393 silly tarball no local data for get-intrinsic@https://registry.npmjs.org/get-intrinsic/-/get-intrinsic-1.3.0.tgz. Extracting by manifest.
394 silly tarball no local data for function-bind@https://registry.npmjs.org/function-bind/-/function-bind-1.1.2.tgz. Extracting by manifest.
395 silly tarball no local data for fresh@https://registry.npmjs.org/fresh/-/fresh-2.0.0.tgz. Extracting by manifest.
396 silly tarball no local data for forwarded@https://registry.npmjs.org/forwarded/-/forwarded-0.2.0.tgz. Extracting by manifest.
397 silly tarball no local data for finalhandler@https://registry.npmjs.org/finalhandler/-/finalhandler-2.1.1.tgz. Extracting by manifest.
398 silly tarball no local data for fast-check@https://registry.npmjs.org/fast-check/-/fast-check-3.23.2.tgz. Extracting by manifest.
399 silly tarball no local data for fill-range@https://registry.npmjs.org/fill-range/-/fill-range-7.1.1.tgz. Extracting by manifest.
400 silly tarball no local data for exsolve@https://registry.npmjs.org/exsolve/-/exsolve-1.1.1.tgz. Extracting by manifest.
401 silly tarball no local data for express-validator@https://registry.npmjs.org/express-validator/-/express-validator-7.3.2.tgz. Extracting by manifest.
402 silly tarball no local data for express-rate-limit@https://registry.npmjs.org/express-rate-limit/-/express-rate-limit-7.5.1.tgz. Extracting by manifest.
403 silly tarball no local data for express@https://registry.npmjs.org/express/-/express-5.2.1.tgz. Extracting by manifest.
404 silly tarball no local data for etag@https://registry.npmjs.org/etag/-/etag-1.8.1.tgz. Extracting by manifest.
405 silly tarball no local data for escape-html@https://registry.npmjs.org/escape-html/-/escape-html-1.0.3.tgz. Extracting by manifest.
406 silly tarball no local data for es-object-atoms@https://registry.npmjs.org/es-object-atoms/-/es-object-atoms-1.1.2.tgz. Extracting by manifest.
407 silly tarball no local data for es-errors@https://registry.npmjs.org/es-errors/-/es-errors-1.3.0.tgz. Extracting by manifest.
408 silly tarball no local data for es-define-property@https://registry.npmjs.org/es-define-property/-/es-define-property-1.0.1.tgz. Extracting by manifest.
409 silly tarball no local data for encodeurl@https://registry.npmjs.org/encodeurl/-/encodeurl-2.0.0.tgz. Extracting by manifest.
410 silly tarball no local data for empathic@https://registry.npmjs.org/empathic/-/empathic-2.0.0.tgz. Extracting by manifest.
411 silly tarball no local data for effect@https://registry.npmjs.org/effect/-/effect-3.21.0.tgz. Extracting by manifest.
412 silly tarball no local data for ee-first@https://registry.npmjs.org/ee-first/-/ee-first-1.1.1.tgz. Extracting by manifest.
413 silly tarball no local data for ecdsa-sig-formatter@https://registry.npmjs.org/ecdsa-sig-formatter/-/ecdsa-sig-formatter-1.0.11.tgz. Extracting by manifest.
414 silly tarball no local data for dunder-proto@https://registry.npmjs.org/dunder-proto/-/dunder-proto-1.0.1.tgz. Extracting by manifest.
415 silly tarball no local data for dotenv@https://registry.npmjs.org/dotenv/-/dotenv-16.6.1.tgz. Extracting by manifest.
416 silly tarball no local data for destr@https://registry.npmjs.org/destr/-/destr-2.0.5.tgz. Extracting by manifest.
417 silly tarball no local data for depd@https://registry.npmjs.org/depd/-/depd-2.0.0.tgz. Extracting by manifest.
418 silly tarball no local data for defu@https://registry.npmjs.org/defu/-/defu-6.1.7.tgz. Extracting by manifest.
419 silly tarball no local data for deepmerge-ts@https://registry.npmjs.org/deepmerge-ts/-/deepmerge-ts-7.1.5.tgz. Extracting by manifest.
420 silly tarball no local data for debug@https://registry.npmjs.org/debug/-/debug-4.4.3.tgz. Extracting by manifest.
421 silly tarball no local data for cors@https://registry.npmjs.org/cors/-/cors-2.8.6.tgz. Extracting by manifest.
422 silly tarball no local data for core-util-is@https://registry.npmjs.org/core-util-is/-/core-util-is-1.0.3.tgz. Extracting by manifest.
423 silly tarball no local data for cookie-signature@https://registry.npmjs.org/cookie-signature/-/cookie-signature-1.2.2.tgz. Extracting by manifest.
424 silly tarball no local data for cookie@https://registry.npmjs.org/cookie/-/cookie-0.7.2.tgz. Extracting by manifest.
425 silly tarball no local data for content-type@https://registry.npmjs.org/content-type/-/content-type-1.0.5.tgz. Extracting by manifest.
426 silly tarball no local data for content-disposition@https://registry.npmjs.org/content-disposition/-/content-disposition-1.1.0.tgz. Extracting by manifest.
427 silly tarball no local data for consola@https://registry.npmjs.org/consola/-/consola-3.4.2.tgz. Extracting by manifest.
428 silly tarball no local data for confbox@https://registry.npmjs.org/confbox/-/confbox-0.2.4.tgz. Extracting by manifest.
429 silly tarball no local data for concat-stream@https://registry.npmjs.org/concat-stream/-/concat-stream-1.6.2.tgz. Extracting by manifest.
430 silly tarball no local data for citty@https://registry.npmjs.org/citty/-/citty-0.1.6.tgz. Extracting by manifest.
431 silly tarball no local data for chokidar@https://registry.npmjs.org/chokidar/-/chokidar-3.6.0.tgz. Extracting by manifest.
432 silly tarball no local data for call-bound@https://registry.npmjs.org/call-bound/-/call-bound-1.0.4.tgz. Extracting by manifest.
433 silly tarball no local data for call-bind-apply-helpers@https://registry.npmjs.org/call-bind-apply-helpers/-/call-bind-apply-helpers-1.0.2.tgz. Extracting by manifest.
434 silly tarball no local data for c12@https://registry.npmjs.org/c12/-/c12-3.1.0.tgz. Extracting by manifest.
435 silly tarball no local data for bytes@https://registry.npmjs.org/bytes/-/bytes-3.1.2.tgz. Extracting by manifest.
436 silly tarball no local data for busboy@https://registry.npmjs.org/busboy/-/busboy-1.6.0.tgz. Extracting by manifest.
437 silly tarball no local data for buffer-from@https://registry.npmjs.org/buffer-from/-/buffer-from-1.1.2.tgz. Extracting by manifest.
438 silly tarball no local data for buffer-equal-constant-time@https://registry.npmjs.org/buffer-equal-constant-time/-/buffer-equal-constant-time-1.0.1.tgz. Extracting by manifest.
439 silly tarball no local data for braces@https://registry.npmjs.org/braces/-/braces-3.0.3.tgz. Extracting by manifest.
440 silly tarball no local data for brace-expansion@https://registry.npmjs.org/brace-expansion/-/brace-expansion-5.0.12.tgz. Extracting by manifest.
441 silly tarball no local data for body-parser@https://registry.npmjs.org/body-parser/-/body-parser-2.3.0.tgz. Extracting by manifest.
442 silly tarball no local data for binary-extensions@https://registry.npmjs.org/binary-extensions/-/binary-extensions-2.3.0.tgz. Extracting by manifest.
443 silly tarball no local data for bcryptjs@https://registry.npmjs.org/bcryptjs/-/bcryptjs-3.0.3.tgz. Extracting by manifest.
444 silly tarball no local data for basic-auth@https://registry.npmjs.org/basic-auth/-/basic-auth-2.0.1.tgz. Extracting by manifest.
445 silly tarball no local data for balanced-match@https://registry.npmjs.org/balanced-match/-/balanced-match-4.0.4.tgz. Extracting by manifest.
446 silly tarball no local data for append-field@https://registry.npmjs.org/append-field/-/append-field-1.0.0.tgz. Extracting by manifest.
447 silly tarball no local data for anymatch@https://registry.npmjs.org/anymatch/-/anymatch-3.1.3.tgz. Extracting by manifest.
448 silly tarball no local data for accepts@https://registry.npmjs.org/accepts/-/accepts-2.0.0.tgz. Extracting by manifest.
449 silly tarball no local data for @standard-schema/spec@https://registry.npmjs.org/@standard-schema/spec/-/spec-1.1.0.tgz. Extracting by manifest.
450 silly tarball no local data for @prisma/get-platform@https://registry.npmjs.org/@prisma/get-platform/-/get-platform-6.19.3.tgz. Extracting by manifest.
451 silly tarball no local data for @prisma/fetch-engine@https://registry.npmjs.org/@prisma/fetch-engine/-/fetch-engine-6.19.3.tgz. Extracting by manifest.
452 silly tarball no local data for @prisma/engines@https://registry.npmjs.org/@prisma/engines/-/engines-6.19.3.tgz. Extracting by manifest.
453 silly tarball no local data for @prisma/engines-version@https://registry.npmjs.org/@prisma/engines-version/-/engines-version-7.1.1-3.c2990dca591cba766e3b7ef5d9e8a84796e47ab7.tgz. Extracting by manifest.
454 silly tarball no local data for @prisma/debug@https://registry.npmjs.org/@prisma/debug/-/debug-6.19.3.tgz. Extracting by manifest.
455 silly tarball no local data for @prisma/config@https://registry.npmjs.org/@prisma/config/-/config-6.19.3.tgz. Extracting by manifest.
456 silly tarball no local data for @prisma/client@https://registry.npmjs.org/@prisma/client/-/client-6.19.3.tgz. Extracting by manifest.
457 silly tarball no local data for content-type@https://registry.npmjs.org/content-type/-/content-type-2.1.0.tgz. Extracting by manifest.
458 silly tarball no local data for confbox@https://registry.npmjs.org/confbox/-/confbox-0.3.1.tgz. Extracting by manifest.
459 silly tarball no local data for safe-buffer@https://registry.npmjs.org/safe-buffer/-/safe-buffer-5.1.2.tgz. Extracting by manifest.
460 silly tarball no local data for safe-buffer@https://registry.npmjs.org/safe-buffer/-/safe-buffer-5.1.2.tgz. Extracting by manifest.
461 silly tarball no local data for citty@https://registry.npmjs.org/citty/-/citty-0.2.2.tgz. Extracting by manifest.
462 silly tarball no local data for content-type@https://registry.npmjs.org/content-type/-/content-type-2.1.0.tgz. Extracting by manifest.
463 silly tarball no local data for type-is@https://registry.npmjs.org/type-is/-/type-is-1.6.18.tgz. Extracting by manifest.
464 silly tarball no local data for mime-types@https://registry.npmjs.org/mime-types/-/mime-types-2.1.35.tgz. Extracting by manifest.
465 silly tarball no local data for mime-db@https://registry.npmjs.org/mime-db/-/mime-db-1.52.0.tgz. Extracting by manifest.
466 silly tarball no local data for media-typer@https://registry.npmjs.org/media-typer/-/media-typer-0.3.0.tgz. Extracting by manifest.
467 silly tarball no local data for ms@https://registry.npmjs.org/ms/-/ms-2.0.0.tgz. Extracting by manifest.
468 silly tarball no local data for debug@https://registry.npmjs.org/debug/-/debug-2.6.9.tgz. Extracting by manifest.
469 silly tarball no local data for readdirp@https://registry.npmjs.org/readdirp/-/readdirp-4.1.2.tgz. Extracting by manifest.
470 silly tarball no local data for chokidar@https://registry.npmjs.org/chokidar/-/chokidar-4.0.3.tgz. Extracting by manifest.
471 silly tarball no local data for content-type@https://registry.npmjs.org/content-type/-/content-type-2.1.0.tgz. Extracting by manifest.
472 silly tarball no local data for safe-buffer@https://registry.npmjs.org/safe-buffer/-/safe-buffer-5.1.2.tgz. Extracting by manifest.
473 http fetch POST 200 https://registry.npmjs.org/-/npm/v1/security/advisories/bulk 670ms
474 silly audit report {
474 silly audit report   braces: [
474 silly audit report     {
474 silly audit report       id: 1240992,
474 silly audit report       url: 'https://github.com/advisories/GHSA-vfj7-8cjw-p6xm',
474 silly audit report       title: 'braces vulnerable to stack-exhaustion denial of service through deeply nested patterns',
474 silly audit report       severity: 'high',
474 silly audit report       vulnerable_versions: '<=3.0.3',
474 silly audit report       cwe: [Array],
474 silly audit report       cvss: [Object]
474 silly audit report     }
474 silly audit report   ],
474 silly audit report   'deepmerge-ts': [
474 silly audit report     {
474 silly audit report       id: 1145093,
474 silly audit report       url: 'https://github.com/advisories/GHSA-ggr8-5vv4-36mx',
474 silly audit report       title: 'DeepmergeTS has stack exhaustion when merging recursive object graphs',
474 silly audit report       severity: 'high',
474 silly audit report       vulnerable_versions: '<8.0.0',
474 silly audit report       cwe: [Array],
474 silly audit report       cvss: [Object]
474 silly audit report     }
474 silly audit report   ]
474 silly audit report }
475 silly packumentCache corgi:https://registry.npmjs.org/braces cache-miss
476 silly packumentCache corgi:https://registry.npmjs.org/deepmerge-ts cache-miss
477 http fetch GET 200 https://registry.npmjs.org/postgres-date/-/postgres-date-1.0.7.tgz 433ms (cache miss)
478 http fetch GET 200 https://registry.npmjs.org/split2/-/split2-4.2.0.tgz 435ms (cache miss)
479 http fetch GET 200 https://registry.npmjs.org/wrappy/-/wrappy-1.0.2.tgz 493ms (cache miss)
480 http fetch GET 200 https://registry.npmjs.org/vary/-/vary-1.1.2.tgz 502ms (cache miss)
481 http fetch GET 200 https://registry.npmjs.org/util-deprecate/-/util-deprecate-1.0.2.tgz 599ms (cache miss)
482 http fetch GET 200 https://registry.npmjs.org/undefsafe/-/undefsafe-2.0.5.tgz 601ms (cache miss)
483 http fetch GET 200 https://registry.npmjs.org/postgres-bytea/-/postgres-bytea-1.0.1.tgz 747ms (cache miss)
484 http fetch GET 200 https://registry.npmjs.org/postgres-interval/-/postgres-interval-1.2.0.tgz 753ms (cache miss)
485 http fetch GET 200 https://registry.npmjs.org/pg-connection-string/-/pg-connection-string-2.14.1.tgz 748ms (cache miss)
486 http fetch GET 200 https://registry.npmjs.org/pgpass/-/pgpass-1.0.5.tgz 753ms (cache miss)
487 http fetch GET 200 https://registry.npmjs.org/postgres-array/-/postgres-array-2.0.0.tgz 757ms (cache miss)
488 http fetch GET 200 https://registry.npmjs.org/pg-pool/-/pg-pool-3.14.0.tgz 754ms (cache miss)
489 http fetch GET 200 https://registry.npmjs.org/pg-int8/-/pg-int8-1.0.1.tgz 759ms (cache miss)
490 http fetch GET 200 https://registry.npmjs.org/pg-types/-/pg-types-2.2.0.tgz 773ms (cache miss)
491 http fetch GET 200 https://registry.npmjs.org/pg/-/pg-8.23.1.tgz 791ms (cache miss)
492 http fetch GET 200 https://registry.npmjs.org/pg-protocol/-/pg-protocol-1.16.1.tgz 801ms (cache miss)
493 http fetch GET 200 https://registry.npmjs.org/xtend/-/xtend-4.0.2.tgz 987ms (cache miss)
494 http fetch GET 200 https://registry.npmjs.org/unpipe/-/unpipe-1.0.0.tgz 988ms (cache miss)
495 http fetch GET 200 https://registry.npmjs.org/pg-cloudflare/-/pg-cloudflare-1.4.1.tgz 1318ms (cache miss)
496 http fetch GET 200 https://registry.npmjs.org/supports-color/-/supports-color-5.5.0.tgz 1303ms (cache miss)
497 http fetch GET 200 https://registry.npmjs.org/type-is/-/type-is-2.1.0.tgz 1344ms (cache miss)
498 http fetch GET 200 https://registry.npmjs.org/typedarray/-/typedarray-0.0.6.tgz 1360ms (cache miss)
499 http fetch GET 200 https://registry.npmjs.org/statuses/-/statuses-2.0.2.tgz 1353ms (cache miss)
500 http fetch GET 200 https://registry.npmjs.org/touch/-/touch-3.1.1.tgz 1390ms (cache miss)
501 http fetch GET 200 https://registry.npmjs.org/toidentifier/-/toidentifier-1.0.1.tgz 1390ms (cache miss)
502 http fetch GET 200 https://registry.npmjs.org/validator/-/validator-13.15.35.tgz 1442ms (cache miss)
503 http fetch GET 200 https://registry.npmjs.org/tinyexec/-/tinyexec-1.3.1.tgz 1459ms (cache miss)
504 http fetch GET 200 https://registry.npmjs.org/string_decoder/-/string_decoder-1.1.1.tgz 1458ms (cache miss)
505 http fetch GET 200 https://registry.npmjs.org/to-regex-range/-/to-regex-range-5.0.1.tgz 1482ms (cache miss)
506 http fetch GET 200 https://registry.npmjs.org/simple-update-notifier/-/simple-update-notifier-2.0.0.tgz 1501ms (cache miss)
507 http fetch GET 200 https://registry.npmjs.org/streamsearch/-/streamsearch-1.1.0.tgz 1553ms (cache miss)
508 http fetch GET 200 https://registry.npmjs.org/setprototypeof/-/setprototypeof-1.2.0.tgz 1635ms (cache miss)
509 http fetch GET 200 https://registry.npmjs.org/pstree.remy/-/pstree.remy-1.1.8.tgz 1672ms (cache miss)
510 http fetch GET 200 https://registry.npmjs.org/rc9/-/rc9-2.1.2.tgz 1681ms (cache miss)
511 http fetch GET 200 https://registry.npmjs.org/once/-/once-1.4.0.tgz 1661ms (cache miss)
512 http fetch GET 200 https://registry.npmjs.org/on-headers/-/on-headers-1.1.0.tgz 1661ms (cache miss)
513 http fetch GET 200 https://registry.npmjs.org/pathe/-/pathe-2.0.3.tgz 1668ms (cache miss)
514 http fetch GET 200 https://registry.npmjs.org/nypm/-/nypm-0.6.10.tgz 1658ms (cache miss)
515 http fetch GET 200 https://registry.npmjs.org/object-assign/-/object-assign-4.1.1.tgz 1660ms (cache miss)
516 http fetch GET 200 https://registry.npmjs.org/mkdirp/-/mkdirp-0.5.6.tgz 1657ms (cache miss)
517 http fetch GET 200 https://registry.npmjs.org/serve-static/-/serve-static-2.2.1.tgz 1742ms (cache miss)
518 http fetch GET 200 https://registry.npmjs.org/side-channel-map/-/side-channel-map-1.0.1.tgz 1746ms (cache miss)
519 http fetch GET 200 https://registry.npmjs.org/side-channel-weakmap/-/side-channel-weakmap-1.0.2.tgz 1752ms (cache miss)
520 http fetch GET 200 https://registry.npmjs.org/process-nextick-args/-/process-nextick-args-2.0.1.tgz 1725ms (cache miss)
521 http fetch GET 200 https://registry.npmjs.org/router/-/router-2.2.0.tgz 1740ms (cache miss)
522 http fetch GET 200 https://registry.npmjs.org/parseurl/-/parseurl-1.3.3.tgz 1716ms (cache miss)
523 http fetch GET 200 https://registry.npmjs.org/range-parser/-/range-parser-1.3.0.tgz 1778ms (cache miss)
524 http fetch GET 200 https://registry.npmjs.org/raw-body/-/raw-body-3.0.2.tgz 1784ms (cache miss)
525 http fetch GET 200 https://registry.npmjs.org/perfect-debounce/-/perfect-debounce-1.0.0.tgz 1771ms (cache miss)
526 http fetch GET 200 https://registry.npmjs.org/ms/-/ms-2.1.3.tgz 1755ms (cache miss)
527 http fetch GET 200 https://registry.npmjs.org/merge-descriptors/-/merge-descriptors-2.0.0.tgz 1754ms (cache miss)
528 http fetch GET 200 https://registry.npmjs.org/proxy-addr/-/proxy-addr-2.0.8.tgz 1796ms (cache miss)
529 http fetch GET 200 https://registry.npmjs.org/on-finished/-/on-finished-2.4.1.tgz 1792ms (cache miss)
530 http fetch GET 200 https://registry.npmjs.org/negotiator/-/negotiator-1.1.0.tgz 1784ms (cache miss)
531 http fetch GET 200 https://registry.npmjs.org/morgan/-/morgan-1.12.1.tgz 1785ms (cache miss)
532 http fetch GET 200 https://registry.npmjs.org/readdirp/-/readdirp-3.6.0.tgz 1829ms (cache miss)
533 http fetch GET 200 https://registry.npmjs.org/mime-types/-/mime-types-3.0.2.tgz 1791ms (cache miss)
534 http fetch GET 200 https://registry.npmjs.org/safe-buffer/-/safe-buffer-5.2.1.tgz 1846ms (cache miss)
535 http fetch GET 200 https://registry.npmjs.org/normalize-path/-/normalize-path-3.0.0.tgz 1815ms (cache miss)
536 http fetch GET 200 https://registry.npmjs.org/send/-/send-1.2.1.tgz 1862ms (cache miss)
537 http fetch GET 200 https://registry.npmjs.org/side-channel-list/-/side-channel-list-1.0.1.tgz 1874ms (cache miss)
538 http fetch GET 200 https://registry.npmjs.org/side-channel/-/side-channel-1.1.1.tgz 1879ms (cache miss)
539 http fetch GET 200 https://registry.npmjs.org/lodash.isplainobject/-/lodash.isplainobject-4.0.6.tgz 1832ms (cache miss)
540 http fetch GET 200 https://registry.npmjs.org/lodash.once/-/lodash.once-4.1.1.tgz 1836ms (cache miss)
541 http fetch GET 200 https://registry.npmjs.org/safer-buffer/-/safer-buffer-2.1.2.tgz 1888ms (cache miss)
542 http fetch GET 200 https://registry.npmjs.org/pkg-types/-/pkg-types-2.3.3.tgz 1868ms (cache miss)
543 http fetch GET 200 https://registry.npmjs.org/media-typer/-/media-typer-1.1.1.tgz 1848ms (cache miss)
544 http fetch GET 200 https://registry.npmjs.org/path-to-regexp/-/path-to-regexp-8.4.2.tgz 1883ms (cache miss)
545 http fetch GET 200 https://registry.npmjs.org/lodash.includes/-/lodash.includes-4.3.0.tgz 1855ms (cache miss)
546 http fetch GET 200 https://registry.npmjs.org/is-promise/-/is-promise-4.0.0.tgz 1852ms (cache miss)
547 http fetch GET 200 https://registry.npmjs.org/lodash.isstring/-/lodash.isstring-4.0.1.tgz 1868ms (cache miss)
548 http fetch GET 200 https://registry.npmjs.org/lodash.isnumber/-/lodash.isnumber-3.0.3.tgz 1866ms (cache miss)
549 http fetch GET 200 https://registry.npmjs.org/jwa/-/jwa-2.0.1.tgz 1874ms (cache miss)
550 http fetch GET 200 https://registry.npmjs.org/isarray/-/isarray-1.0.0.tgz 1875ms (cache miss)
551 http fetch GET 200 https://registry.npmjs.org/lodash.isboolean/-/lodash.isboolean-3.0.3.tgz 1886ms (cache miss)
552 http fetch GET 200 https://registry.npmjs.org/jws/-/jws-4.0.1.tgz 1887ms (cache miss)
553 http fetch GET 200 https://registry.npmjs.org/is-extglob/-/is-extglob-2.1.1.tgz 1880ms (cache miss)
554 http fetch GET 200 https://registry.npmjs.org/is-number/-/is-number-7.0.0.tgz 1886ms (cache miss)
555 http fetch GET 200 https://registry.npmjs.org/lodash.isinteger/-/lodash.isinteger-4.0.4.tgz 1895ms (cache miss)
556 http fetch GET 200 https://registry.npmjs.org/is-glob/-/is-glob-4.0.3.tgz 1889ms (cache miss)
557 http fetch GET 200 https://registry.npmjs.org/is-binary-path/-/is-binary-path-2.1.0.tgz 1888ms (cache miss)
558 http fetch GET 200 https://registry.npmjs.org/http-errors/-/http-errors-2.0.1.tgz 1887ms (cache miss)
559 http fetch GET 200 https://registry.npmjs.org/multer/-/multer-1.4.5-lts.2.tgz 1918ms (cache miss)
560 warn deprecated multer@1.4.5-lts.2: Multer 1.x is impacted by a number of vulnerabilities, which have been patched in 2.x. You should upgrade to the latest 2.x version.
561 http fetch GET 200 https://registry.npmjs.org/ignore-by-default/-/ignore-by-default-1.0.1.tgz 1900ms (cache miss)
562 http fetch GET 200 https://registry.npmjs.org/mime-db/-/mime-db-1.54.0.tgz 1986ms (cache miss)
563 http fetch GET 200 https://registry.npmjs.org/inherits/-/inherits-2.0.4.tgz 1968ms (cache miss)
564 http fetch GET 200 https://registry.npmjs.org/ipaddr.js/-/ipaddr.js-1.9.1.tgz 1985ms (cache miss)
565 http fetch GET 200 https://registry.npmjs.org/ohash/-/ohash-2.0.12.tgz 2021ms (cache miss)
566 http fetch GET 200 https://registry.npmjs.org/picomatch/-/picomatch-2.3.2.tgz 2049ms (cache miss)
567 http fetch GET 200 https://registry.npmjs.org/readable-stream/-/readable-stream-2.3.8.tgz 2092ms (cache miss)
568 http fetch GET 200 https://registry.npmjs.org/has-flag/-/has-flag-3.0.0.tgz 2028ms (cache miss)
569 http fetch GET 200 https://registry.npmjs.org/helmet/-/helmet-8.3.0.tgz 2038ms (cache miss)
570 http fetch GET 200 https://registry.npmjs.org/gopd/-/gopd-1.2.0.tgz 2040ms (cache miss)
571 http fetch GET 200 https://registry.npmjs.org/hasown/-/hasown-2.0.4.tgz 2057ms (cache miss)
572 http fetch GET 200 https://registry.npmjs.org/math-intrinsics/-/math-intrinsics-1.1.0.tgz 2102ms (cache miss)
573 http fetch GET 200 https://registry.npmjs.org/has-symbols/-/has-symbols-1.1.0.tgz 2085ms (cache miss)
574 http fetch GET 200 https://registry.npmjs.org/function-bind/-/function-bind-1.1.2.tgz 2086ms (cache miss)
575 http fetch GET 200 https://registry.npmjs.org/jsonwebtoken/-/jsonwebtoken-9.0.3.tgz 2111ms (cache miss)
576 http fetch GET 200 https://registry.npmjs.org/exsolve/-/exsolve-1.1.1.tgz 2087ms (cache miss)
577 http fetch GET 200 https://registry.npmjs.org/get-proto/-/get-proto-1.0.1.tgz 2097ms (cache miss)
578 http fetch GET 200 https://registry.npmjs.org/get-intrinsic/-/get-intrinsic-1.3.0.tgz 2097ms (cache miss)
579 http fetch GET 200 https://registry.npmjs.org/fill-range/-/fill-range-7.1.1.tgz 2096ms (cache miss)
580 http fetch GET 200 https://registry.npmjs.org/forwarded/-/forwarded-0.2.0.tgz 2100ms (cache miss)
581 http fetch GET 200 https://registry.npmjs.org/minimist/-/minimist-1.2.8.tgz 2137ms (cache miss)
582 http fetch GET 200 https://registry.npmjs.org/fresh/-/fresh-2.0.0.tgz 2112ms (cache miss)
583 http fetch GET 200 https://registry.npmjs.org/finalhandler/-/finalhandler-2.1.1.tgz 2111ms (cache miss)
584 http fetch GET 200 https://registry.npmjs.org/object-inspect/-/object-inspect-1.13.4.tgz 2163ms (cache miss)
585 http fetch GET 200 https://registry.npmjs.org/express-rate-limit/-/express-rate-limit-7.5.1.tgz 2231ms (cache miss)
586 http fetch GET 200 https://registry.npmjs.org/qs/-/qs-6.16.0.tgz 2307ms (cache miss)
587 http fetch GET 200 https://registry.npmjs.org/escape-html/-/escape-html-1.0.3.tgz 2318ms (cache miss)
588 http fetch GET 200 https://registry.npmjs.org/es-errors/-/es-errors-1.3.0.tgz 2318ms (cache miss)
589 http fetch GET 200 https://registry.npmjs.org/etag/-/etag-1.8.1.tgz 2324ms (cache miss)
590 http fetch GET 200 https://registry.npmjs.org/glob-parent/-/glob-parent-5.1.2.tgz 2340ms (cache miss)
591 http fetch GET 200 https://registry.npmjs.org/empathic/-/empathic-2.0.0.tgz 2354ms (cache miss)
592 http fetch GET 200 https://registry.npmjs.org/es-object-atoms/-/es-object-atoms-1.1.2.tgz 2367ms (cache miss)
593 http fetch GET 200 https://registry.npmjs.org/encodeurl/-/encodeurl-2.0.0.tgz 2374ms (cache miss)
594 http fetch GET 200 https://registry.npmjs.org/es-define-property/-/es-define-property-1.0.1.tgz 2376ms (cache miss)
595 http fetch GET 200 https://registry.npmjs.org/semver/-/semver-7.8.5.tgz 2473ms (cache miss)
596 http fetch GET 200 https://registry.npmjs.org/express/-/express-5.2.1.tgz 2410ms (cache miss)
597 http fetch GET 200 https://registry.npmjs.org/nodemon/-/nodemon-3.1.14.tgz 2461ms (cache miss)
598 http fetch GET 200 https://registry.npmjs.org/node-fetch-native/-/node-fetch-native-1.6.7.tgz 2501ms (cache miss)
599 http fetch GET 200 https://registry.npmjs.org/iconv-lite/-/iconv-lite-0.7.3.tgz 2486ms (cache miss)
600 http fetch GET 200 https://registry.npmjs.org/giget/-/giget-2.0.0.tgz 2480ms (cache miss)
601 http fetch GET 200 https://registry.npmjs.org/ee-first/-/ee-first-1.1.1.tgz 2467ms (cache miss)
602 http fetch GET 200 https://registry.npmjs.org/minimatch/-/minimatch-10.2.6.tgz 2530ms (cache miss)
603 http fetch GET 200 https://registry.npmjs.org/ecdsa-sig-formatter/-/ecdsa-sig-formatter-1.0.11.tgz 2492ms (cache miss)
604 http fetch GET 200 https://registry.npmjs.org/dunder-proto/-/dunder-proto-1.0.1.tgz 2492ms (cache miss)
605 http fetch GET 200 https://registry.npmjs.org/defu/-/defu-6.1.7.tgz 2504ms (cache miss)
606 http fetch GET 200 https://registry.npmjs.org/depd/-/depd-2.0.0.tgz 2506ms (cache miss)
607 http fetch GET 200 https://registry.npmjs.org/destr/-/destr-2.0.5.tgz 2507ms (cache miss)
608 http fetch GET 200 https://registry.npmjs.org/cors/-/cors-2.8.6.tgz 2499ms (cache miss)
609 http fetch GET 200 https://registry.npmjs.org/debug/-/debug-4.4.3.tgz 2542ms (cache miss)
610 http fetch GET 200 https://registry.npmjs.org/dotenv/-/dotenv-16.6.1.tgz 2558ms (cache miss)
611 http fetch GET 200 https://registry.npmjs.org/cookie-signature/-/cookie-signature-1.2.2.tgz 2547ms (cache miss)
612 http fetch GET 200 https://registry.npmjs.org/core-util-is/-/core-util-is-1.0.3.tgz 2552ms (cache miss)
613 http fetch GET 200 https://registry.npmjs.org/pure-rand/-/pure-rand-6.1.0.tgz 2668ms (cache miss)
614 http fetch GET 200 https://registry.npmjs.org/deepmerge-ts/-/deepmerge-ts-7.1.5.tgz 2596ms (cache miss)
615 http fetch GET 200 https://registry.npmjs.org/express-validator/-/express-validator-7.3.2.tgz 2622ms (cache miss)
616 http fetch GET 200 https://registry.npmjs.org/content-type/-/content-type-1.0.5.tgz 2603ms (cache miss)
617 http fetch GET 200 https://registry.npmjs.org/cookie/-/cookie-0.7.2.tgz 2608ms (cache miss)
618 http fetch GET 200 https://registry.npmjs.org/content-disposition/-/content-disposition-1.1.0.tgz 2605ms (cache miss)
619 http fetch GET 200 https://registry.npmjs.org/jiti/-/jiti-2.7.0.tgz 2671ms (cache miss)
620 http fetch GET 200 https://registry.npmjs.org/bytes/-/bytes-3.1.2.tgz 2732ms (cache miss)
621 http fetch GET 200 https://registry.npmjs.org/call-bound/-/call-bound-1.0.4.tgz 2739ms (cache miss)
622 http fetch GET 200 https://registry.npmjs.org/c12/-/c12-3.1.0.tgz 2768ms (cache miss)
623 http fetch GET 200 https://registry.npmjs.org/buffer-from/-/buffer-from-1.1.2.tgz 2819ms (cache miss)
624 http fetch GET 200 https://registry.npmjs.org/buffer-equal-constant-time/-/buffer-equal-constant-time-1.0.1.tgz 2818ms (cache miss)
625 http fetch GET 200 https://registry.npmjs.org/call-bind-apply-helpers/-/call-bind-apply-helpers-1.0.2.tgz 2829ms (cache miss)
626 http fetch GET 200 https://registry.npmjs.org/chokidar/-/chokidar-3.6.0.tgz 2833ms (cache miss)
627 http fetch GET 200 https://registry.npmjs.org/busboy/-/busboy-1.6.0.tgz 2844ms (cache miss)
628 http fetch GET 200 https://registry.npmjs.org/concat-stream/-/concat-stream-1.6.2.tgz 3030ms (cache miss)
629 http fetch GET 200 https://registry.npmjs.org/binary-extensions/-/binary-extensions-2.3.0.tgz 3040ms (cache miss)
630 http fetch GET 200 https://registry.npmjs.org/brace-expansion/-/brace-expansion-5.0.12.tgz 3177ms (cache miss)
631 http fetch GET 200 https://registry.npmjs.org/braces/-/braces-3.0.3.tgz 3297ms (cache miss)
632 http fetch GET 200 https://registry.npmjs.org/anymatch/-/anymatch-3.1.3.tgz 3295ms (cache miss)
633 http fetch GET 200 https://registry.npmjs.org/basic-auth/-/basic-auth-2.0.1.tgz 3318ms (cache miss)
634 http fetch GET 200 https://registry.npmjs.org/balanced-match/-/balanced-match-4.0.4.tgz 3318ms (cache miss)
635 http fetch GET 200 https://registry.npmjs.org/citty/-/citty-0.1.6.tgz 3343ms (cache miss)
636 http fetch GET 200 https://registry.npmjs.org/append-field/-/append-field-1.0.0.tgz 3348ms (cache miss)
637 http fetch GET 200 https://registry.npmjs.org/body-parser/-/body-parser-2.3.0.tgz 3392ms (cache miss)
638 http fetch GET 200 https://registry.npmjs.org/bcryptjs/-/bcryptjs-3.0.3.tgz 3391ms (cache miss)
639 http fetch GET 200 https://registry.npmjs.org/content-type/-/content-type-2.1.0.tgz 3385ms (cache miss)
640 http fetch GET 200 https://registry.npmjs.org/@standard-schema/spec/-/spec-1.1.0.tgz 3409ms (cache miss)
641 http fetch GET 200 https://registry.npmjs.org/accepts/-/accepts-2.0.0.tgz 3428ms (cache miss)
642 http fetch GET 200 https://registry.npmjs.org/confbox/-/confbox-0.2.4.tgz 3449ms (cache miss)
643 http fetch GET 200 https://registry.npmjs.org/content-type/-/content-type-2.1.0.tgz 3426ms (cache miss)
644 http fetch GET 200 https://registry.npmjs.org/@prisma/engines-version/-/engines-version-7.1.1-3.c2990dca591cba766e3b7ef5d9e8a84796e47ab7.tgz 3440ms (cache miss)
645 http fetch GET 200 https://registry.npmjs.org/citty/-/citty-0.2.2.tgz 3434ms (cache miss)
646 http fetch GET 200 https://registry.npmjs.org/safe-buffer/-/safe-buffer-5.1.2.tgz 3444ms (cache miss)
647 http fetch GET 200 https://registry.npmjs.org/mime-types/-/mime-types-2.1.35.tgz 3440ms (cache miss)
648 http fetch GET 200 https://registry.npmjs.org/safe-buffer/-/safe-buffer-5.1.2.tgz 3453ms (cache miss)
649 http fetch GET 200 https://registry.npmjs.org/type-is/-/type-is-1.6.18.tgz 3450ms (cache miss)
650 http fetch GET 200 https://registry.npmjs.org/ms/-/ms-2.0.0.tgz 3458ms (cache miss)
651 http fetch GET 200 https://registry.npmjs.org/media-typer/-/media-typer-0.3.0.tgz 3463ms (cache miss)
652 http fetch GET 200 https://registry.npmjs.org/mime-db/-/mime-db-1.52.0.tgz 3482ms (cache miss)
653 http fetch GET 200 https://registry.npmjs.org/readdirp/-/readdirp-4.1.2.tgz 3520ms (cache miss)
654 http fetch GET 200 https://registry.npmjs.org/@prisma/debug/-/debug-6.19.3.tgz 3537ms (cache miss)
655 http fetch GET 200 https://registry.npmjs.org/debug/-/debug-2.6.9.tgz 3533ms (cache miss)
656 http fetch GET 200 https://registry.npmjs.org/@prisma/config/-/config-6.19.3.tgz 3548ms (cache miss)
657 http fetch GET 200 https://registry.npmjs.org/content-type/-/content-type-2.1.0.tgz 3538ms (cache miss)
658 http fetch GET 200 https://registry.npmjs.org/chokidar/-/chokidar-4.0.3.tgz 3546ms (cache miss)
659 http fetch GET 200 https://registry.npmjs.org/safe-buffer/-/safe-buffer-5.1.2.tgz 3551ms (cache miss)
660 http fetch GET 200 https://registry.npmjs.org/confbox/-/confbox-0.3.1.tgz 3571ms (cache miss)
661 http fetch GET 200 https://registry.npmjs.org/braces 3359ms (cache miss)
662 silly packumentCache corgi:https://registry.npmjs.org/braces set size:undefined disposed:false
663 http fetch GET 200 https://registry.npmjs.org/@prisma/engines/-/engines-6.19.3.tgz 3587ms (cache miss)
664 http fetch GET 200 https://registry.npmjs.org/consola/-/consola-3.4.2.tgz 3636ms (cache miss)
665 http fetch GET 200 https://registry.npmjs.org/deepmerge-ts 3399ms (cache miss)
666 silly packumentCache corgi:https://registry.npmjs.org/deepmerge-ts set size:undefined disposed:false
667 silly packumentCache corgi:https://registry.npmjs.org/chokidar cache-miss
668 http fetch GET 200 https://registry.npmjs.org/@prisma/fetch-engine/-/fetch-engine-6.19.3.tgz 3740ms (cache miss)
669 http fetch GET 200 https://registry.npmjs.org/chokidar 150ms (cache miss)
670 silly packumentCache corgi:https://registry.npmjs.org/chokidar set size:undefined disposed:false
671 silly packumentCache corgi:https://registry.npmjs.org/@prisma%2fconfig cache-miss
672 http fetch GET 200 https://registry.npmjs.org/@prisma/get-platform/-/get-platform-6.19.3.tgz 3949ms (cache miss)
673 http fetch GET 200 https://registry.npmjs.org/lodash/-/lodash-4.18.1.tgz 4543ms (cache miss)
674 http fetch GET 200 https://registry.npmjs.org/fast-check/-/fast-check-3.23.2.tgz 4803ms (cache miss)
675 http fetch GET 200 https://registry.npmjs.org/@prisma%2fconfig 1110ms (cache miss)
676 silly packumentCache corgi:https://registry.npmjs.org/@prisma%2fconfig set size:undefined disposed:false
677 silly packumentCache corgi:https://registry.npmjs.org/nodemon cache-miss
678 http fetch GET 200 https://registry.npmjs.org/nodemon 272ms (cache miss)
679 silly packumentCache corgi:https://registry.npmjs.org/nodemon set size:undefined disposed:false
680 silly packumentCache corgi:https://registry.npmjs.org/prisma cache-miss
681 http fetch GET 200 https://registry.npmjs.org/effect/-/effect-3.21.0.tgz 25690ms (cache miss)
682 warn tar TAR_ENTRY_ERROR ENOENT: no such file or directory, open '/run/media/ttf/4D68CCA27FA538EE/immo_tul/backend/node_modules/prisma/prisma-client/runtime/client.mjs'
683 silly tar TAR_ENTRY_ERROR ENOENT: no such file or directory, open '/run/media/ttf/4D68CCA27FA538EE/immo_tul/backend/node_modules/prisma/prisma-client/runtime/client.mjs' [Error: ENOENT: no such file or directory, open '/run/media/ttf/4D68CCA27FA538EE/immo_tul/backend/node_modules/prisma/prisma-client/runtime/client.mjs'] {
683 silly tar   errno: -2,
683 silly tar   code: 'ENOENT',
683 silly tar   syscall: 'open',
683 silly tar   path: '/run/media/ttf/4D68CCA27FA538EE/immo_tul/backend/node_modules/prisma/prisma-client/runtime/client.mjs',
683 silly tar   entry: ReadEntry {
683 silly tar     _events: [Object: null prototype] {
683 silly tar       end: [Function (anonymous)],
683 silly tar       drain: [Function]
683 silly tar     },
683 silly tar     _eventsCount: 2,
683 silly tar     _maxListeners: undefined,
683 silly tar     writable: true,
683 silly tar     readable: true,
683 silly tar     extended: null,
683 silly tar     globalExtended: null,
683 silly tar     header: Header {
683 silly tar       cksumValid: true,
683 silly tar       needPax: false,
683 silly tar       nullBlock: false,
683 silly tar       block: null,
683 silly tar       path: 'package/prisma-client/runtime/client.mjs',
683 silly tar       mode: 420,
683 silly tar       uid: 0,
683 silly tar       gid: 0,
683 silly tar       size: 229231,
683 silly tar       mtime: 1985-10-26T08:15:00.000Z,
683 silly tar       cksum: 7742,
683 silly tar       linkpath: '',
683 silly tar       uname: '',
683 silly tar       gname: '',
683 silly tar       devmaj: 0,
683 silly tar       devmin: 0,
683 silly tar       atime: null,
683 silly tar       ctime: null,
683 silly tar       Symbol(type): '0'
683 silly tar     },
683 silly tar     startBlockSize: 229376,
683 silly tar     blockRemain: 222717,
683 silly tar     remain: 222572,
683 silly tar     type: 'File',
683 silly tar     meta: false,
683 silly tar     ignore: false,
683 silly tar     path: 'prisma-client/runtime/client.mjs',
683 silly tar     mode: 438,
683 silly tar     uid: 0,
683 silly tar     gid: 0,
683 silly tar     uname: '',
683 silly tar     gname: '',
683 silly tar     size: 229231,
683 silly tar     mtime: 1985-10-26T08:15:00.000Z,
683 silly tar     atime: null,
683 silly tar     ctime: null,
683 silly tar     linkpath: '',
683 silly tar     absolute: '/run/media/ttf/4D68CCA27FA538EE/immo_tul/backend/node_modules/prisma/prisma-client/runtime/client.mjs',
683 silly tar     Symbol(shapeMode): false,
683 silly tar     Symbol(kCapture): false,
683 silly tar     Symbol(flowing): false,
683 silly tar     Symbol(paused): true,
683 silly tar     Symbol(pipes): [ [Pipe] ],
683 silly tar     Symbol(buffer): [
683 silly tar       <Buffer 6c 69 73 74 22 3a 22 35 2e 31 2e 33 22 2c 6f 70 65 6e 3a 22 37 2e 34 2e 32 22 2c 22 70 2d 6d 61 70 22 3a 22 34 2e 30 2e 30 22 2c 72 65 73 6f 6c 76 65 ... 3915 more bytes>
683 silly tar     ],
683 silly tar     Symbol(objectMode): false,
683 silly tar     Symbol(encoding): null,
683 silly tar     Symbol(async): false,
683 silly tar     Symbol(decoder): null,
683 silly tar     Symbol(EOF): false,
683 silly tar     Symbol(emittedEnd): false,
683 silly tar     Symbol(emittingEnd): false,
683 silly tar     Symbol(closed): false,
683 silly tar     Symbol(emittedError): null,
683 silly tar     Symbol(bufferLength): 3965,
683 silly tar     Symbol(destroyed): false,
683 silly tar     Symbol(signal): undefined,
683 silly tar     Symbol(aborted): false,
683 silly tar     Symbol(dataListeners): 0,
683 silly tar     Symbol(discarded): false
683 silly tar   },
683 silly tar   cwd: '/run/media/ttf/4D68CCA27FA538EE/immo_tul/backend/node_modules/prisma',
683 silly tar   tarCode: 'TAR_ENTRY_ERROR'
683 silly tar }
684 warn tar TAR_ENTRY_ERROR ENOENT: no such file or directory, open '/run/media/ttf/4D68CCA27FA538EE/immo_tul/backend/node_modules/prisma/prisma-client/runtime/index-browser.mjs'
685 silly tar TAR_ENTRY_ERROR ENOENT: no such file or directory, open '/run/media/ttf/4D68CCA27FA538EE/immo_tul/backend/node_modules/prisma/prisma-client/runtime/index-browser.mjs' [Error: ENOENT: no such file or directory, open '/run/media/ttf/4D68CCA27FA538EE/immo_tul/backend/node_modules/prisma/prisma-client/runtime/index-browser.mjs'] {
685 silly tar   errno: -2,
685 silly tar   code: 'ENOENT',
685 silly tar   syscall: 'open',
685 silly tar   path: '/run/media/ttf/4D68CCA27FA538EE/immo_tul/backend/node_modules/prisma/prisma-client/runtime/index-browser.mjs',
685 silly tar   entry: ReadEntry {
685 silly tar     _events: [Object: null prototype] {
685 silly tar       end: [Function (anonymous)],
685 silly tar       drain: [Function]
685 silly tar     },
685 silly tar     _eventsCount: 2,
685 silly tar     _maxListeners: undefined,
685 silly tar     writable: true,
685 silly tar     readable: true,
685 silly tar     extended: null,
685 silly tar     globalExtended: null,
685 silly tar     header: Header {
685 silly tar       cksumValid: true,
685 silly tar       needPax: false,
685 silly tar       nullBlock: false,
685 silly tar       block: null,
685 silly tar       path: 'package/prisma-client/runtime/index-browser.mjs',
685 silly tar       mode: 420,
685 silly tar       uid: 0,
685 silly tar       gid: 0,
685 silly tar       size: 34869,
685 silly tar       mtime: 1985-10-26T08:15:00.000Z,
685 silly tar       cksum: 8435,
685 silly tar       linkpath: '',
685 silly tar       uname: '',
685 silly tar       gname: '',
685 silly tar       devmaj: 0,
685 silly tar       devmin: 0,
685 silly tar       atime: null,
685 silly tar       ctime: null,
685 silly tar       Symbol(type): '0'
685 silly tar     },
685 silly tar     startBlockSize: 35328,
685 silly tar     blockRemain: 14228,
685 silly tar     remain: 13769,
685 silly tar     type: 'File',
685 silly tar     meta: false,
685 silly tar     ignore: false,
685 silly tar     path: 'prisma-client/runtime/index-browser.mjs',
685 silly tar     mode: 438,
685 silly tar     uid: 0,
685 silly tar     gid: 0,
685 silly tar     uname: '',
685 silly tar     gname: '',
685 silly tar     size: 34869,
685 silly tar     mtime: 1985-10-26T08:15:00.000Z,
685 silly tar     atime: null,
685 silly tar     ctime: null,
685 silly tar     linkpath: '',
685 silly tar     absolute: '/run/media/ttf/4D68CCA27FA538EE/immo_tul/backend/node_modules/prisma/prisma-client/runtime/index-browser.mjs',
685 silly tar     Symbol(shapeMode): false,
685 silly tar     Symbol(kCapture): false,
685 silly tar     Symbol(flowing): false,
685 silly tar     Symbol(paused): true,
685 silly tar     Symbol(pipes): [ [Pipe] ],
685 silly tar     Symbol(buffer): [
685 silly tar       <Buffer 6f 2c 75 2c 63 2c 66 2c 6c 3d 74 68 69 73 2c 61 3d 6c 2e 63 6f 6e 73 74 72 75 63 74 6f 72 3b 69 66 28 21 6c 2e 69 73 46 69 6e 69 74 65 28 29 7c 7c 6c ... 14988 more bytes>
685 silly tar     ],
685 silly tar     Symbol(objectMode): false,
685 silly tar     Symbol(encoding): null,
685 silly tar     Symbol(async): false,
685 silly tar     Symbol(decoder): null,
685 silly tar     Symbol(EOF): false,
685 silly tar     Symbol(emittedEnd): false,
685 silly tar     Symbol(emittingEnd): false,
685 silly tar     Symbol(closed): false,
685 silly tar     Symbol(emittedError): null,
685 silly tar     Symbol(bufferLength): 15038,
685 silly tar     Symbol(destroyed): false,
685 silly tar     Symbol(signal): undefined,
685 silly tar     Symbol(aborted): false,
685 silly tar     Symbol(dataListeners): 0,
685 silly tar     Symbol(discarded): false
685 silly tar   },
685 silly tar   cwd: '/run/media/ttf/4D68CCA27FA538EE/immo_tul/backend/node_modules/prisma',
685 silly tar   tarCode: 'TAR_ENTRY_ERROR'
685 silly tar }
686 warn tar TAR_ENTRY_ERROR ENOENT: no such file or directory, open '/run/media/ttf/4D68CCA27FA538EE/immo_tul/backend/node_modules/prisma/prisma-client/runtime/library.mjs'
687 silly tar TAR_ENTRY_ERROR ENOENT: no such file or directory, open '/run/media/ttf/4D68CCA27FA538EE/immo_tul/backend/node_modules/prisma/prisma-client/runtime/library.mjs' [Error: ENOENT: no such file or directory, open '/run/media/ttf/4D68CCA27FA538EE/immo_tul/backend/node_modules/prisma/prisma-client/runtime/library.mjs'] {
687 silly tar   errno: -2,
687 silly tar   code: 'ENOENT',
687 silly tar   syscall: 'open',
687 silly tar   path: '/run/media/ttf/4D68CCA27FA538EE/immo_tul/backend/node_modules/prisma/prisma-client/runtime/library.mjs',
687 silly tar   entry: ReadEntry {
687 silly tar     _events: [Object: null prototype] {
687 silly tar       end: [Function (anonymous)],
687 silly tar       drain: [Function]
687 silly tar     },
687 silly tar     _eventsCount: 2,
687 silly tar     _maxListeners: undefined,
687 silly tar     writable: true,
687 silly tar     readable: true,
687 silly tar     extended: null,
687 silly tar     globalExtended: null,
687 silly tar     header: Header {
687 silly tar       cksumValid: true,
687 silly tar       needPax: false,
687 silly tar       nullBlock: false,
687 silly tar       block: null,
687 silly tar       path: 'package/prisma-client/runtime/library.mjs',
687 silly tar       mode: 420,
687 silly tar       uid: 0,
687 silly tar       gid: 0,
687 silly tar       size: 201974,
687 silly tar       mtime: 1985-10-26T08:15:00.000Z,
687 silly tar       cksum: 7847,
687 silly tar       linkpath: '',
687 silly tar       uname: '',
687 silly tar       gname: '',
687 silly tar       devmaj: 0,
687 silly tar       devmin: 0,
687 silly tar       atime: null,
687 silly tar       ctime: null,
687 silly tar       Symbol(type): '0'
687 silly tar     },
687 silly tar     startBlockSize: 202240,
687 silly tar     blockRemain: 173608,
687 silly tar     remain: 173342,
687 silly tar     type: 'File',
687 silly tar     meta: false,
687 silly tar     ignore: false,
687 silly tar     path: 'prisma-client/runtime/library.mjs',
687 silly tar     mode: 438,
687 silly tar     uid: 0,
687 silly tar     gid: 0,
687 silly tar     uname: '',
687 silly tar     gname: '',
687 silly tar     size: 201974,
687 silly tar     mtime: 1985-10-26T08:15:00.000Z,
687 silly tar     atime: null,
687 silly tar     ctime: null,
687 silly tar     linkpath: '',
687 silly tar     absolute: '/run/media/ttf/4D68CCA27FA538EE/immo_tul/backend/node_modules/prisma/prisma-client/runtime/library.mjs',
687 silly tar     Symbol(shapeMode): false,
687 silly tar     Symbol(kCapture): false,
687 silly tar     Symbol(flowing): false,
687 silly tar     Symbol(paused): true,
687 silly tar     Symbol(pipes): [ [Pipe] ],
687 silly tar     Symbol(buffer): [
687 silly tar       <Buffer 65 28 22 63 6f 6c 6f 72 73 22 29 7c 7c 70 65 28 22 63 6f 6c 6f 72 3d 74 72 75 65 22 29 7c 7c 70 65 28 22 63 6f 6c 6f 72 3d 61 6c 77 61 79 73 22 29 29 ... 16334 more bytes>,
687 silly tar       <Buffer 2e 74 6f 53 74 72 69 6e 67 28 29 3b 72 65 74 75 72 6e 20 69 7d 2c 72 29 7d 66 75 6e 63 74 69 6f 6e 20 4d 6f 28 65 3d 37 35 30 30 29 7b 6c 65 74 20 72 ... 10554 more bytes>
687 silly tar     ],
687 silly tar     Symbol(objectMode): false,
687 silly tar     Symbol(encoding): null,
687 silly tar     Symbol(async): false,
687 silly tar     Symbol(decoder): null,
687 silly tar     Symbol(EOF): false,
687 silly tar     Symbol(emittedEnd): false,
687 silly tar     Symbol(emittingEnd): false,
687 silly tar     Symbol(closed): false,
687 silly tar     Symbol(emittedError): null,
687 silly tar     Symbol(bufferLength): 26988,
687 silly tar     Symbol(destroyed): false,
687 silly tar     Symbol(signal): undefined,
687 silly tar     Symbol(aborted): false,
687 silly tar     Symbol(dataListeners): 0,
687 silly tar     Symbol(discarded): false
687 silly tar   },
687 silly tar   cwd: '/run/media/ttf/4D68CCA27FA538EE/immo_tul/backend/node_modules/prisma',
687 silly tar   tarCode: 'TAR_ENTRY_ERROR'
687 silly tar }
688 warn tar TAR_ENTRY_ERROR ENOENT: no such file or directory, open '/run/media/ttf/4D68CCA27FA538EE/immo_tul/backend/node_modules/prisma/build/query_compiler_bg.cockroachdb.mjs'
689 silly tar TAR_ENTRY_ERROR ENOENT: no such file or directory, open '/run/media/ttf/4D68CCA27FA538EE/immo_tul/backend/node_modules/prisma/build/query_compiler_bg.cockroachdb.mjs' [Error: ENOENT: no such file or directory, open '/run/media/ttf/4D68CCA27FA538EE/immo_tul/backend/node_modules/prisma/build/query_compiler_bg.cockroachdb.mjs'] {
689 silly tar   errno: -2,
689 silly tar   code: 'ENOENT',
689 silly tar   syscall: 'open',
689 silly tar   path: '/run/media/ttf/4D68CCA27FA538EE/immo_tul/backend/node_modules/prisma/build/query_compiler_bg.cockroachdb.mjs',
689 silly tar   entry: ReadEntry {
689 silly tar     _events: [Object: null prototype] { end: [Function (anonymous)] },
689 silly tar     _eventsCount: 1,
689 silly tar     _maxListeners: undefined,
689 silly tar     writable: false,
689 silly tar     readable: true,
689 silly tar     extended: null,
689 silly tar     globalExtended: null,
689 silly tar     header: Header {
689 silly tar       cksumValid: true,
689 silly tar       needPax: false,
689 silly tar       nullBlock: false,
689 silly tar       block: null,
689 silly tar       path: 'package/build/query_compiler_bg.cockroachdb.mjs',
689 silly tar       mode: 420,
689 silly tar       uid: 0,
689 silly tar       gid: 0,
689 silly tar       size: 8507,
689 silly tar       mtime: 1985-10-26T08:15:00.000Z,
689 silly tar       cksum: 8456,
689 silly tar       linkpath: '',
689 silly tar       uname: '',
689 silly tar       gname: '',
689 silly tar       devmaj: 0,
689 silly tar       devmin: 0,
689 silly tar       atime: null,
689 silly tar       ctime: null,
689 silly tar       Symbol(type): '0'
689 silly tar     },
689 silly tar     startBlockSize: 8704,
689 silly tar     blockRemain: 0,
689 silly tar     remain: 0,
689 silly tar     type: 'File',
689 silly tar     meta: false,
689 silly tar     ignore: false,
689 silly tar     path: 'build/query_compiler_bg.cockroachdb.mjs',
689 silly tar     mode: 438,
689 silly tar     uid: 0,
689 silly tar     gid: 0,
689 silly tar     uname: '',
689 silly tar     gname: '',
689 silly tar     size: 8507,
689 silly tar     mtime: 1985-10-26T08:15:00.000Z,
689 silly tar     atime: null,
689 silly tar     ctime: null,
689 silly tar     linkpath: '',
689 silly tar     absolute: '/run/media/ttf/4D68CCA27FA538EE/immo_tul/backend/node_modules/prisma/build/query_compiler_bg.cockroachdb.mjs',
689 silly tar     Symbol(shapeMode): false,
689 silly tar     Symbol(kCapture): false,
689 silly tar     Symbol(flowing): false,
689 silly tar     Symbol(paused): true,
689 silly tar     Symbol(pipes): [ [Pipe] ],
689 silly tar     Symbol(buffer): [
689 silly tar       <Buffer 6e 73 74 20 65 3d 74 79 70 65 6f 66 20 67 6c 6f 62 61 6c 3e 22 75 22 3f 6e 75 6c 6c 3a 67 6c 6f 62 61 6c 3b 72 65 74 75 72 6e 20 66 28 65 29 3f 30 3a ... 3053 more bytes>
689 silly tar     ],
689 silly tar     Symbol(objectMode): false,
689 silly tar     Symbol(encoding): null,
689 silly tar     Symbol(async): false,
689 silly tar     Symbol(decoder): null,
689 silly tar     Symbol(EOF): true,
689 silly tar     Symbol(emittedEnd): false,
689 silly tar     Symbol(emittingEnd): false,
689 silly tar     Symbol(closed): false,
689 silly tar     Symbol(emittedError): null,
689 silly tar     Symbol(bufferLength): 3103,
689 silly tar     Symbol(destroyed): false,
689 silly tar     Symbol(signal): undefined,
689 silly tar     Symbol(aborted): false,
689 silly tar     Symbol(dataListeners): 0,
689 silly tar     Symbol(discarded): false
689 silly tar   },
689 silly tar   cwd: '/run/media/ttf/4D68CCA27FA538EE/immo_tul/backend/node_modules/prisma',
689 silly tar   tarCode: 'TAR_ENTRY_ERROR'
689 silly tar }
690 warn tar TAR_ENTRY_ERROR ENOENT: no such file or directory, open '/run/media/ttf/4D68CCA27FA538EE/immo_tul/backend/node_modules/prisma/prisma-client/runtime/query_compiler_bg.cockroachdb.mjs'
691 silly tar TAR_ENTRY_ERROR ENOENT: no such file or directory, open '/run/media/ttf/4D68CCA27FA538EE/immo_tul/backend/node_modules/prisma/prisma-client/runtime/query_compiler_bg.cockroachdb.mjs' [Error: ENOENT: no such file or directory, open '/run/media/ttf/4D68CCA27FA538EE/immo_tul/backend/node_modules/prisma/prisma-client/runtime/query_compiler_bg.cockroachdb.mjs'] {
691 silly tar   errno: -2,
691 silly tar   code: 'ENOENT',
691 silly tar   syscall: 'open',
691 silly tar   path: '/run/media/ttf/4D68CCA27FA538EE/immo_tul/backend/node_modules/prisma/prisma-client/runtime/query_compiler_bg.cockroachdb.mjs',
691 silly tar   entry: ReadEntry {
691 silly tar     _events: [Object: null prototype] {},
691 silly tar     _eventsCount: 0,
691 silly tar     _maxListeners: undefined,
691 silly tar     writable: false,
691 silly tar     readable: false,
691 silly tar     extended: null,
691 silly tar     globalExtended: null,
691 silly tar     header: Header {
691 silly tar       cksumValid: true,
691 silly tar       needPax: false,
691 silly tar       nullBlock: false,
691 silly tar       block: null,
691 silly tar       path: 'package/prisma-client/runtime/query_compiler_bg.cockroachdb.mjs',
691 silly tar       mode: 420,
691 silly tar       uid: 0,
691 silly tar       gid: 0,
691 silly tar       size: 8507,
691 silly tar       mtime: 1985-10-26T08:15:00.000Z,
691 silly tar       cksum: 10083,
691 silly tar       linkpath: '',
691 silly tar       uname: '',
691 silly tar       gname: '',
691 silly tar       devmaj: 0,
691 silly tar       devmin: 0,
691 silly tar       atime: null,
691 silly tar       ctime: null,
691 silly tar       Symbol(type): '0'
691 silly tar     },
691 silly tar     startBlockSize: 8704,
691 silly tar     blockRemain: 0,
691 silly tar     remain: 0,
691 silly tar     type: 'File',
691 silly tar     meta: false,
691 silly tar     ignore: false,
691 silly tar     path: 'prisma-client/runtime/query_compiler_bg.cockroachdb.mjs',
691 silly tar     mode: 438,
691 silly tar     uid: 0,
691 silly tar     gid: 0,
691 silly tar     uname: '',
691 silly tar     gname: '',
691 silly tar     size: 8507,
691 silly tar     mtime: 1985-10-26T08:15:00.000Z,
691 silly tar     atime: null,
691 silly tar     ctime: null,
691 silly tar     linkpath: '',
691 silly tar     absolute: '/run/media/ttf/4D68CCA27FA538EE/immo_tul/backend/node_modules/prisma/prisma-client/runtime/query_compiler_bg.cockroachdb.mjs',
691 silly tar     Symbol(shapeMode): false,
691 silly tar     Symbol(kCapture): false,
691 silly tar     Symbol(flowing): false,
691 silly tar     Symbol(paused): true,
691 silly tar     Symbol(pipes): [ [Pipe] ],
691 silly tar     Symbol(buffer): [],
691 silly tar     Symbol(objectMode): false,
691 silly tar     Symbol(encoding): null,
691 silly tar     Symbol(async): false,
691 silly tar     Symbol(decoder): null,
691 silly tar     Symbol(EOF): true,
691 silly tar     Symbol(emittedEnd): true,
691 silly tar     Symbol(emittingEnd): false,
691 silly tar     Symbol(closed): false,
691 silly tar     Symbol(emittedError): null,
691 silly tar     Symbol(bufferLength): 0,
691 silly tar     Symbol(destroyed): false,
691 silly tar     Symbol(signal): undefined,
691 silly tar     Symbol(aborted): false,
691 silly tar     Symbol(dataListeners): 0,
691 silly tar     Symbol(discarded): false
691 silly tar   },
691 silly tar   cwd: '/run/media/ttf/4D68CCA27FA538EE/immo_tul/backend/node_modules/prisma',
691 silly tar   tarCode: 'TAR_ENTRY_ERROR'
691 silly tar }
692 warn tar TAR_ENTRY_ERROR ENOENT: no such file or directory, open '/run/media/ttf/4D68CCA27FA538EE/immo_tul/backend/node_modules/prisma/build/query_compiler_bg.mysql.mjs'
693 silly tar TAR_ENTRY_ERROR ENOENT: no such file or directory, open '/run/media/ttf/4D68CCA27FA538EE/immo_tul/backend/node_modules/prisma/build/query_compiler_bg.mysql.mjs' [Error: ENOENT: no such file or directory, open '/run/media/ttf/4D68CCA27FA538EE/immo_tul/backend/node_modules/prisma/build/query_compiler_bg.mysql.mjs'] {
693 silly tar   errno: -2,
693 silly tar   code: 'ENOENT',
693 silly tar   syscall: 'open',
693 silly tar   path: '/run/media/ttf/4D68CCA27FA538EE/immo_tul/backend/node_modules/prisma/build/query_compiler_bg.mysql.mjs',
693 silly tar   entry: ReadEntry {
693 silly tar     _events: [Object: null prototype] { end: [Function (anonymous)] },
693 silly tar     _eventsCount: 1,
693 silly tar     _maxListeners: undefined,
693 silly tar     writable: false,
693 silly tar     readable: true,
693 silly tar     extended: null,
693 silly tar     globalExtended: null,
693 silly tar     header: Header {
693 silly tar       cksumValid: true,
693 silly tar       needPax: false,
693 silly tar       nullBlock: false,
693 silly tar       block: null,
693 silly tar       path: 'package/build/query_compiler_bg.mysql.mjs',
693 silly tar       mode: 420,
693 silly tar       uid: 0,
693 silly tar       gid: 0,
693 silly tar       size: 8507,
693 silly tar       mtime: 1985-10-26T08:15:00.000Z,
693 silly tar       cksum: 7883,
693 silly tar       linkpath: '',
693 silly tar       uname: '',
693 silly tar       gname: '',
693 silly tar       devmaj: 0,
693 silly tar       devmin: 0,
693 silly tar       atime: null,
693 silly tar       ctime: null,
693 silly tar       Symbol(type): '0'
693 silly tar     },
693 silly tar     startBlockSize: 8704,
693 silly tar     blockRemain: 0,
693 silly tar     remain: 0,
693 silly tar     type: 'File',
693 silly tar     meta: false,
693 silly tar     ignore: false,
693 silly tar     path: 'build/query_compiler_bg.mysql.mjs',
693 silly tar     mode: 438,
693 silly tar     uid: 0,
693 silly tar     gid: 0,
693 silly tar     uname: '',
693 silly tar     gname: '',
693 silly tar     size: 8507,
693 silly tar     mtime: 1985-10-26T08:15:00.000Z,
693 silly tar     atime: null,
693 silly tar     ctime: null,
693 silly tar     linkpath: '',
693 silly tar     absolute: '/run/media/ttf/4D68CCA27FA538EE/immo_tul/backend/node_modules/prisma/build/query_compiler_bg.mysql.mjs',
693 silly tar     Symbol(shapeMode): false,
693 silly tar     Symbol(kCapture): false,
693 silly tar     Symbol(flowing): false,
693 silly tar     Symbol(paused): true,
693 silly tar     Symbol(pipes): [ [Pipe] ],
693 silly tar     Symbol(buffer): [
693 silly tar       <Buffer 28 29 2e 73 65 74 49 6e 74 33 32 28 65 2b 34 2a 30 2c 72 2c 21 30 29 7d 66 75 6e 63 74 69 6f 6e 20 4c 28 65 2c 74 29 7b 72 65 74 75 72 6e 20 65 20 69 ... 5101 more bytes>
693 silly tar     ],
693 silly tar     Symbol(objectMode): false,
693 silly tar     Symbol(encoding): null,
693 silly tar     Symbol(async): false,
693 silly tar     Symbol(decoder): null,
693 silly tar     Symbol(EOF): true,
693 silly tar     Symbol(emittedEnd): false,
693 silly tar     Symbol(emittingEnd): false,
693 silly tar     Symbol(closed): false,
693 silly tar     Symbol(emittedError): null,
693 silly tar     Symbol(bufferLength): 5151,
693 silly tar     Symbol(destroyed): false,
693 silly tar     Symbol(signal): undefined,
693 silly tar     Symbol(aborted): false,
693 silly tar     Symbol(dataListeners): 0,
693 silly tar     Symbol(discarded): false
693 silly tar   },
693 silly tar   cwd: '/run/media/ttf/4D68CCA27FA538EE/immo_tul/backend/node_modules/prisma',
693 silly tar   tarCode: 'TAR_ENTRY_ERROR'
693 silly tar }
694 warn tar TAR_ENTRY_ERROR ENOENT: no such file or directory, open '/run/media/ttf/4D68CCA27FA538EE/immo_tul/backend/node_modules/prisma/prisma-client/runtime/query_compiler_bg.mysql.mjs'
695 silly tar TAR_ENTRY_ERROR ENOENT: no such file or directory, open '/run/media/ttf/4D68CCA27FA538EE/immo_tul/backend/node_modules/prisma/prisma-client/runtime/query_compiler_bg.mysql.mjs' [Error: ENOENT: no such file or directory, open '/run/media/ttf/4D68CCA27FA538EE/immo_tul/backend/node_modules/prisma/prisma-client/runtime/query_compiler_bg.mysql.mjs'] {
695 silly tar   errno: -2,
695 silly tar   code: 'ENOENT',
695 silly tar   syscall: 'open',
695 silly tar   path: '/run/media/ttf/4D68CCA27FA538EE/immo_tul/backend/node_modules/prisma/prisma-client/runtime/query_compiler_bg.mysql.mjs',
695 silly tar   entry: ReadEntry {
695 silly tar     _events: [Object: null prototype] {},
695 silly tar     _eventsCount: 0,
695 silly tar     _maxListeners: undefined,
695 silly tar     writable: false,
695 silly tar     readable: false,
695 silly tar     extended: null,
695 silly tar     globalExtended: null,
695 silly tar     header: Header {
695 silly tar       cksumValid: true,
695 silly tar       needPax: false,
695 silly tar       nullBlock: false,
695 silly tar       block: null,
695 silly tar       path: 'package/prisma-client/runtime/query_compiler_bg.mysql.mjs',
695 silly tar       mode: 420,
695 silly tar       uid: 0,
695 silly tar       gid: 0,
695 silly tar       size: 8507,
695 silly tar       mtime: 1985-10-26T08:15:00.000Z,
695 silly tar       cksum: 9510,
695 silly tar       linkpath: '',
695 silly tar       uname: '',
695 silly tar       gname: '',
695 silly tar       devmaj: 0,
695 silly tar       devmin: 0,
695 silly tar       atime: null,
695 silly tar       ctime: null,
695 silly tar       Symbol(type): '0'
695 silly tar     },
695 silly tar     startBlockSize: 8704,
695 silly tar     blockRemain: 0,
695 silly tar     remain: 0,
695 silly tar     type: 'File',
695 silly tar     meta: false,
695 silly tar     ignore: false,
695 silly tar     path: 'prisma-client/runtime/query_compiler_bg.mysql.mjs',
695 silly tar     mode: 438,
695 silly tar     uid: 0,
695 silly tar     gid: 0,
695 silly tar     uname: '',
695 silly tar     gname: '',
695 silly tar     size: 8507,
695 silly tar     mtime: 1985-10-26T08:15:00.000Z,
695 silly tar     atime: null,
695 silly tar     ctime: null,
695 silly tar     linkpath: '',
695 silly tar     absolute: '/run/media/ttf/4D68CCA27FA538EE/immo_tul/backend/node_modules/prisma/prisma-client/runtime/query_compiler_bg.mysql.mjs',
695 silly tar     Symbol(shapeMode): false,
695 silly tar     Symbol(kCapture): false,
695 silly tar     Symbol(flowing): false,
695 silly tar     Symbol(paused): true,
695 silly tar     Symbol(pipes): [ [Pipe] ],
695 silly tar     Symbol(buffer): [],
695 silly tar     Symbol(objectMode): false,
695 silly tar     Symbol(encoding): null,
695 silly tar     Symbol(async): false,
695 silly tar     Symbol(decoder): null,
695 silly tar     Symbol(EOF): true,
695 silly tar     Symbol(emittedEnd): true,
695 silly tar     Symbol(emittingEnd): false,
695 silly tar     Symbol(closed): false,
695 silly tar     Symbol(emittedError): null,
695 silly tar     Symbol(bufferLength): 0,
695 silly tar     Symbol(destroyed): false,
695 silly tar     Symbol(signal): undefined,
695 silly tar     Symbol(aborted): false,
695 silly tar     Symbol(dataListeners): 0,
695 silly tar     Symbol(discarded): false
695 silly tar   },
695 silly tar   cwd: '/run/media/ttf/4D68CCA27FA538EE/immo_tul/backend/node_modules/prisma',
695 silly tar   tarCode: 'TAR_ENTRY_ERROR'
695 silly tar }
696 warn tar TAR_ENTRY_ERROR ENOENT: no such file or directory, open '/run/media/ttf/4D68CCA27FA538EE/immo_tul/backend/node_modules/prisma/build/query_compiler_bg.postgresql.mjs'
697 silly tar TAR_ENTRY_ERROR ENOENT: no such file or directory, open '/run/media/ttf/4D68CCA27FA538EE/immo_tul/backend/node_modules/prisma/build/query_compiler_bg.postgresql.mjs' [Error: ENOENT: no such file or directory, open '/run/media/ttf/4D68CCA27FA538EE/immo_tul/backend/node_modules/prisma/build/query_compiler_bg.postgresql.mjs'] {
697 silly tar   errno: -2,
697 silly tar   code: 'ENOENT',
697 silly tar   syscall: 'open',
697 silly tar   path: '/run/media/ttf/4D68CCA27FA538EE/immo_tul/backend/node_modules/prisma/build/query_compiler_bg.postgresql.mjs',
697 silly tar   entry: ReadEntry {
697 silly tar     _events: [Object: null prototype] { end: [Function (anonymous)] },
697 silly tar     _eventsCount: 1,
697 silly tar     _maxListeners: undefined,
697 silly tar     writable: false,
697 silly tar     readable: true,
697 silly tar     extended: null,
697 silly tar     globalExtended: null,
697 silly tar     header: Header {
697 silly tar       cksumValid: true,
697 silly tar       needPax: false,
697 silly tar       nullBlock: false,
697 silly tar       block: null,
697 silly tar       path: 'package/build/query_compiler_bg.postgresql.mjs',
697 silly tar       mode: 420,
697 silly tar       uid: 0,
697 silly tar       gid: 0,
697 silly tar       size: 8507,
697 silly tar       mtime: 1985-10-26T08:15:00.000Z,
697 silly tar       cksum: 8425,
697 silly tar       linkpath: '',
697 silly tar       uname: '',
697 silly tar       gname: '',
697 silly tar       devmaj: 0,
697 silly tar       devmin: 0,
697 silly tar       atime: null,
697 silly tar       ctime: null,
697 silly tar       Symbol(type): '0'
697 silly tar     },
697 silly tar     startBlockSize: 8704,
697 silly tar     blockRemain: 0,
697 silly tar     remain: 0,
697 silly tar     type: 'File',
697 silly tar     meta: false,
697 silly tar     ignore: false,
697 silly tar     path: 'build/query_compiler_bg.postgresql.mjs',
697 silly tar     mode: 438,
697 silly tar     uid: 0,
697 silly tar     gid: 0,
697 silly tar     uname: '',
697 silly tar     gname: '',
697 silly tar     size: 8507,
697 silly tar     mtime: 1985-10-26T08:15:00.000Z,
697 silly tar     atime: null,
697 silly tar     ctime: null,
697 silly tar     linkpath: '',
697 silly tar     absolute: '/run/media/ttf/4D68CCA27FA538EE/immo_tul/backend/node_modules/prisma/build/query_compiler_bg.postgresql.mjs',
697 silly tar     Symbol(shapeMode): false,
697 silly tar     Symbol(kCapture): false,
697 silly tar     Symbol(flowing): false,
697 silly tar     Symbol(paused): true,
697 silly tar     Symbol(pipes): [ [Pipe] ],
697 silly tar     Symbol(buffer): [
697 silly tar       <Buffer 6d 62 6f 6c 22 3a 60 53 79 6d 62 6f 6c 28 24 7b 5f 7d 29 60 7d 69 66 28 74 3d 3d 22 66 75 6e 63 74 69 6f 6e 22 29 7b 63 6f 6e 73 74 20 5f 3d 65 2e 6e ... 7149 more bytes>
697 silly tar     ],
697 silly tar     Symbol(objectMode): false,
697 silly tar     Symbol(encoding): null,
697 silly tar     Symbol(async): false,
697 silly tar     Symbol(decoder): null,
697 silly tar     Symbol(EOF): true,
697 silly tar     Symbol(emittedEnd): false,
697 silly tar     Symbol(emittingEnd): false,
697 silly tar     Symbol(closed): false,
697 silly tar     Symbol(emittedError): null,
697 silly tar     Symbol(bufferLength): 7199,
697 silly tar     Symbol(destroyed): false,
697 silly tar     Symbol(signal): undefined,
697 silly tar     Symbol(aborted): false,
697 silly tar     Symbol(dataListeners): 0,
697 silly tar     Symbol(discarded): false
697 silly tar   },
697 silly tar   cwd: '/run/media/ttf/4D68CCA27FA538EE/immo_tul/backend/node_modules/prisma',
697 silly tar   tarCode: 'TAR_ENTRY_ERROR'
697 silly tar }
698 warn tar TAR_ENTRY_ERROR ENOENT: no such file or directory, open '/run/media/ttf/4D68CCA27FA538EE/immo_tul/backend/node_modules/prisma/prisma-client/runtime/query_compiler_bg.postgresql.mjs'
699 silly tar TAR_ENTRY_ERROR ENOENT: no such file or directory, open '/run/media/ttf/4D68CCA27FA538EE/immo_tul/backend/node_modules/prisma/prisma-client/runtime/query_compiler_bg.postgresql.mjs' [Error: ENOENT: no such file or directory, open '/run/media/ttf/4D68CCA27FA538EE/immo_tul/backend/node_modules/prisma/prisma-client/runtime/query_compiler_bg.postgresql.mjs'] {
699 silly tar   errno: -2,
699 silly tar   code: 'ENOENT',
699 silly tar   syscall: 'open',
699 silly tar   path: '/run/media/ttf/4D68CCA27FA538EE/immo_tul/backend/node_modules/prisma/prisma-client/runtime/query_compiler_bg.postgresql.mjs',
699 silly tar   entry: ReadEntry {
699 silly tar     _events: [Object: null prototype] { end: [Function (anonymous)] },
699 silly tar     _eventsCount: 1,
699 silly tar     _maxListeners: undefined,
699 silly tar     writable: false,
699 silly tar     readable: true,
699 silly tar     extended: null,
699 silly tar     globalExtended: null,
699 silly tar     header: Header {
699 silly tar       cksumValid: true,
699 silly tar       needPax: false,
699 silly tar       nullBlock: false,
699 silly tar       block: null,
699 silly tar       path: 'package/prisma-client/runtime/query_compiler_bg.postgresql.mjs',
699 silly tar       mode: 420,
699 silly tar       uid: 0,
699 silly tar       gid: 0,
699 silly tar       size: 8507,
699 silly tar       mtime: 1985-10-26T08:15:00.000Z,
699 silly tar       cksum: 10052,
699 silly tar       linkpath: '',
699 silly tar       uname: '',
699 silly tar       gname: '',
699 silly tar       devmaj: 0,
699 silly tar       devmin: 0,
699 silly tar       atime: null,
699 silly tar       ctime: null,
699 silly tar       Symbol(type): '0'
699 silly tar     },
699 silly tar     startBlockSize: 8704,
699 silly tar     blockRemain: 0,
699 silly tar     remain: 0,
699 silly tar     type: 'File',
699 silly tar     meta: false,
699 silly tar     ignore: false,
699 silly tar     path: 'prisma-client/runtime/query_compiler_bg.postgresql.mjs',
699 silly tar     mode: 438,
699 silly tar     uid: 0,
699 silly tar     gid: 0,
699 silly tar     uname: '',
699 silly tar     gname: '',
699 silly tar     size: 8507,
699 silly tar     mtime: 1985-10-26T08:15:00.000Z,
699 silly tar     atime: null,
699 silly tar     ctime: null,
699 silly tar     linkpath: '',
699 silly tar     absolute: '/run/media/ttf/4D68CCA27FA538EE/immo_tul/backend/node_modules/prisma/prisma-client/runtime/query_compiler_bg.postgresql.mjs',
699 silly tar     Symbol(shapeMode): false,
699 silly tar     Symbol(kCapture): false,
699 silly tar     Symbol(flowing): false,
699 silly tar     Symbol(paused): true,
699 silly tar     Symbol(pipes): [ [Pipe] ],
699 silly tar     Symbol(buffer): [
699 silly tar       <Buffer 62 69 6e 64 67 65 6e 5f 69 6e 69 74 5f 65 78 74 65 72 6e 72 65 66 5f 74 61 62 6c 65 7d 3b 0a>
699 silly tar     ],
699 silly tar     Symbol(objectMode): false,
699 silly tar     Symbol(encoding): null,
699 silly tar     Symbol(async): false,
699 silly tar     Symbol(decoder): null,
699 silly tar     Symbol(EOF): true,
699 silly tar     Symbol(emittedEnd): false,
699 silly tar     Symbol(emittingEnd): false,
699 silly tar     Symbol(closed): false,
699 silly tar     Symbol(emittedError): null,
699 silly tar     Symbol(bufferLength): 31,
699 silly tar     Symbol(destroyed): false,
699 silly tar     Symbol(signal): undefined,
699 silly tar     Symbol(aborted): false,
699 silly tar     Symbol(dataListeners): 0,
699 silly tar     Symbol(discarded): false
699 silly tar   },
699 silly tar   cwd: '/run/media/ttf/4D68CCA27FA538EE/immo_tul/backend/node_modules/prisma',
699 silly tar   tarCode: 'TAR_ENTRY_ERROR'
699 silly tar }
700 warn tar TAR_ENTRY_ERROR ENOENT: no such file or directory, open '/run/media/ttf/4D68CCA27FA538EE/immo_tul/backend/node_modules/prisma/build/query_compiler_bg.sqlite.mjs'
701 silly tar TAR_ENTRY_ERROR ENOENT: no such file or directory, open '/run/media/ttf/4D68CCA27FA538EE/immo_tul/backend/node_modules/prisma/build/query_compiler_bg.sqlite.mjs' [Error: ENOENT: no such file or directory, open '/run/media/ttf/4D68CCA27FA538EE/immo_tul/backend/node_modules/prisma/build/query_compiler_bg.sqlite.mjs'] {
701 silly tar   errno: -2,
701 silly tar   code: 'ENOENT',
701 silly tar   syscall: 'open',
701 silly tar   path: '/run/media/ttf/4D68CCA27FA538EE/immo_tul/backend/node_modules/prisma/build/query_compiler_bg.sqlite.mjs',
701 silly tar   entry: ReadEntry {
701 silly tar     _events: [Object: null prototype] {},
701 silly tar     _eventsCount: 0,
701 silly tar     _maxListeners: undefined,
701 silly tar     writable: false,
701 silly tar     readable: false,
701 silly tar     extended: null,
701 silly tar     globalExtended: null,
701 silly tar     header: Header {
701 silly tar       cksumValid: true,
701 silly tar       needPax: false,
701 silly tar       nullBlock: false,
701 silly tar       block: null,
701 silly tar       path: 'package/build/query_compiler_bg.sqlite.mjs',
701 silly tar       mode: 420,
701 silly tar       uid: 0,
701 silly tar       gid: 0,
701 silly tar       size: 8507,
701 silly tar       mtime: 1985-10-26T08:15:00.000Z,
701 silly tar       cksum: 7975,
701 silly tar       linkpath: '',
701 silly tar       uname: '',
701 silly tar       gname: '',
701 silly tar       devmaj: 0,
701 silly tar       devmin: 0,
701 silly tar       atime: null,
701 silly tar       ctime: null,
701 silly tar       Symbol(type): '0'
701 silly tar     },
701 silly tar     startBlockSize: 8704,
701 silly tar     blockRemain: 0,
701 silly tar     remain: 0,
701 silly tar     type: 'File',
701 silly tar     meta: false,
701 silly tar     ignore: false,
701 silly tar     path: 'build/query_compiler_bg.sqlite.mjs',
701 silly tar     mode: 438,
701 silly tar     uid: 0,
701 silly tar     gid: 0,
701 silly tar     uname: '',
701 silly tar     gname: '',
701 silly tar     size: 8507,
701 silly tar     mtime: 1985-10-26T08:15:00.000Z,
701 silly tar     atime: null,
701 silly tar     ctime: null,
701 silly tar     linkpath: '',
701 silly tar     absolute: '/run/media/ttf/4D68CCA27FA538EE/immo_tul/backend/node_modules/prisma/build/query_compiler_bg.sqlite.mjs',
701 silly tar     Symbol(shapeMode): false,
701 silly tar     Symbol(kCapture): false,
701 silly tar     Symbol(flowing): false,
701 silly tar     Symbol(paused): true,
701 silly tar     Symbol(pipes): [ [Pipe] ],
701 silly tar     Symbol(buffer): [],
701 silly tar     Symbol(objectMode): false,
701 silly tar     Symbol(encoding): null,
701 silly tar     Symbol(async): false,
701 silly tar     Symbol(decoder): null,
701 silly tar     Symbol(EOF): true,
701 silly tar     Symbol(emittedEnd): true,
701 silly tar     Symbol(emittingEnd): false,
701 silly tar     Symbol(closed): false,
701 silly tar     Symbol(emittedError): null,
701 silly tar     Symbol(bufferLength): 0,
701 silly tar     Symbol(destroyed): false,
701 silly tar     Symbol(signal): undefined,
701 silly tar     Symbol(aborted): false,
701 silly tar     Symbol(dataListeners): 0,
701 silly tar     Symbol(discarded): false
701 silly tar   },
701 silly tar   cwd: '/run/media/ttf/4D68CCA27FA538EE/immo_tul/backend/node_modules/prisma',
701 silly tar   tarCode: 'TAR_ENTRY_ERROR'
701 silly tar }
702 warn tar TAR_ENTRY_ERROR ENOENT: no such file or directory, open '/run/media/ttf/4D68CCA27FA538EE/immo_tul/backend/node_modules/prisma/prisma-client/runtime/query_compiler_bg.sqlite.mjs'
703 silly tar TAR_ENTRY_ERROR ENOENT: no such file or directory, open '/run/media/ttf/4D68CCA27FA538EE/immo_tul/backend/node_modules/prisma/prisma-client/runtime/query_compiler_bg.sqlite.mjs' [Error: ENOENT: no such file or directory, open '/run/media/ttf/4D68CCA27FA538EE/immo_tul/backend/node_modules/prisma/prisma-client/runtime/query_compiler_bg.sqlite.mjs'] {
703 silly tar   errno: -2,
703 silly tar   code: 'ENOENT',
703 silly tar   syscall: 'open',
703 silly tar   path: '/run/media/ttf/4D68CCA27FA538EE/immo_tul/backend/node_modules/prisma/prisma-client/runtime/query_compiler_bg.sqlite.mjs',
703 silly tar   entry: ReadEntry {
703 silly tar     _events: [Object: null prototype] { end: [Function (anonymous)] },
703 silly tar     _eventsCount: 1,
703 silly tar     _maxListeners: undefined,
703 silly tar     writable: false,
703 silly tar     readable: true,
703 silly tar     extended: null,
703 silly tar     globalExtended: null,
703 silly tar     header: Header {
703 silly tar       cksumValid: true,
703 silly tar       needPax: false,
703 silly tar       nullBlock: false,
703 silly tar       block: null,
703 silly tar       path: 'package/prisma-client/runtime/query_compiler_bg.sqlite.mjs',
703 silly tar       mode: 420,
703 silly tar       uid: 0,
703 silly tar       gid: 0,
703 silly tar       size: 8507,
703 silly tar       mtime: 1985-10-26T08:15:00.000Z,
703 silly tar       cksum: 9602,
703 silly tar       linkpath: '',
703 silly tar       uname: '',
703 silly tar       gname: '',
703 silly tar       devmaj: 0,
703 silly tar       devmin: 0,
703 silly tar       atime: null,
703 silly tar       ctime: null,
703 silly tar       Symbol(type): '0'
703 silly tar     },
703 silly tar     startBlockSize: 8704,
703 silly tar     blockRemain: 0,
703 silly tar     remain: 0,
703 silly tar     type: 'File',
703 silly tar     meta: false,
703 silly tar     ignore: false,
703 silly tar     path: 'prisma-client/runtime/query_compiler_bg.sqlite.mjs',
703 silly tar     mode: 438,
703 silly tar     uid: 0,
703 silly tar     gid: 0,
703 silly tar     uname: '',
703 silly tar     gname: '',
703 silly tar     size: 8507,
703 silly tar     mtime: 1985-10-26T08:15:00.000Z,
703 silly tar     atime: null,
703 silly tar     ctime: null,
703 silly tar     linkpath: '',
703 silly tar     absolute: '/run/media/ttf/4D68CCA27FA538EE/immo_tul/backend/node_modules/prisma/prisma-client/runtime/query_compiler_bg.sqlite.mjs',
703 silly tar     Symbol(shapeMode): false,
703 silly tar     Symbol(kCapture): false,
703 silly tar     Symbol(flowing): false,
703 silly tar     Symbol(paused): true,
703 silly tar     Symbol(pipes): [ [Pipe] ],
703 silly tar     Symbol(buffer): [
703 silly tar       <Buffer 5f 5f 77 62 67 5f 5f 5f 77 62 69 6e 64 67 65 6e 5f 69 73 5f 73 74 72 69 6e 67 5f 66 62 62 37 36 63 62 32 39 34 30 64 61 61 66 64 2c 56 20 61 73 20 5f ... 2029 more bytes>
703 silly tar     ],
703 silly tar     Symbol(objectMode): false,
703 silly tar     Symbol(encoding): null,
703 silly tar     Symbol(async): false,
703 silly tar     Symbol(decoder): null,
703 silly tar     Symbol(EOF): true,
703 silly tar     Symbol(emittedEnd): false,
703 silly tar     Symbol(emittingEnd): false,
703 silly tar     Symbol(closed): false,
703 silly tar     Symbol(emittedError): null,
703 silly tar     Symbol(bufferLength): 2079,
703 silly tar     Symbol(destroyed): false,
703 silly tar     Symbol(signal): undefined,
703 silly tar     Symbol(aborted): false,
703 silly tar     Symbol(dataListeners): 0,
703 silly tar     Symbol(discarded): false
703 silly tar   },
703 silly tar   cwd: '/run/media/ttf/4D68CCA27FA538EE/immo_tul/backend/node_modules/prisma',
703 silly tar   tarCode: 'TAR_ENTRY_ERROR'
703 silly tar }
704 warn tar TAR_ENTRY_ERROR ENOENT: no such file or directory, open '/run/media/ttf/4D68CCA27FA538EE/immo_tul/backend/node_modules/prisma/build/query_compiler_bg.sqlserver.mjs'
705 silly tar TAR_ENTRY_ERROR ENOENT: no such file or directory, open '/run/media/ttf/4D68CCA27FA538EE/immo_tul/backend/node_modules/prisma/build/query_compiler_bg.sqlserver.mjs' [Error: ENOENT: no such file or directory, open '/run/media/ttf/4D68CCA27FA538EE/immo_tul/backend/node_modules/prisma/build/query_compiler_bg.sqlserver.mjs'] {
705 silly tar   errno: -2,
705 silly tar   code: 'ENOENT',
705 silly tar   syscall: 'open',
705 silly tar   path: '/run/media/ttf/4D68CCA27FA538EE/immo_tul/backend/node_modules/prisma/build/query_compiler_bg.sqlserver.mjs',
705 silly tar   entry: ReadEntry {
705 silly tar     _events: [Object: null prototype] {},
705 silly tar     _eventsCount: 0,
705 silly tar     _maxListeners: undefined,
705 silly tar     writable: false,
705 silly tar     readable: false,
705 silly tar     extended: null,
705 silly tar     globalExtended: null,
705 silly tar     header: Header {
705 silly tar       cksumValid: true,
705 silly tar       needPax: false,
705 silly tar       nullBlock: false,
705 silly tar       block: null,
705 silly tar       path: 'package/build/query_compiler_bg.sqlserver.mjs',
705 silly tar       mode: 420,
705 silly tar       uid: 0,
705 silly tar       gid: 0,
705 silly tar       size: 8507,
705 silly tar       mtime: 1985-10-26T08:15:00.000Z,
705 silly tar       cksum: 8316,
705 silly tar       linkpath: '',
705 silly tar       uname: '',
705 silly tar       gname: '',
705 silly tar       devmaj: 0,
705 silly tar       devmin: 0,
705 silly tar       atime: null,
705 silly tar       ctime: null,
705 silly tar       Symbol(type): '0'
705 silly tar     },
705 silly tar     startBlockSize: 8704,
705 silly tar     blockRemain: 0,
705 silly tar     remain: 0,
705 silly tar     type: 'File',
705 silly tar     meta: false,
705 silly tar     ignore: false,
705 silly tar     path: 'build/query_compiler_bg.sqlserver.mjs',
705 silly tar     mode: 438,
705 silly tar     uid: 0,
705 silly tar     gid: 0,
705 silly tar     uname: '',
705 silly tar     gname: '',
705 silly tar     size: 8507,
705 silly tar     mtime: 1985-10-26T08:15:00.000Z,
705 silly tar     atime: null,
705 silly tar     ctime: null,
705 silly tar     linkpath: '',
705 silly tar     absolute: '/run/media/ttf/4D68CCA27FA538EE/immo_tul/backend/node_modules/prisma/build/query_compiler_bg.sqlserver.mjs',
705 silly tar     Symbol(shapeMode): false,
705 silly tar     Symbol(kCapture): false,
705 silly tar     Symbol(flowing): false,
705 silly tar     Symbol(paused): true,
705 silly tar     Symbol(pipes): [ [Pipe] ],
705 silly tar     Symbol(buffer): [],
705 silly tar     Symbol(objectMode): false,
705 silly tar     Symbol(encoding): null,
705 silly tar     Symbol(async): false,
705 silly tar     Symbol(decoder): null,
705 silly tar     Symbol(EOF): true,
705 silly tar     Symbol(emittedEnd): true,
705 silly tar     Symbol(emittingEnd): false,
705 silly tar     Symbol(closed): false,
705 silly tar     Symbol(emittedError): null,
705 silly tar     Symbol(bufferLength): 0,
705 silly tar     Symbol(destroyed): false,
705 silly tar     Symbol(signal): undefined,
705 silly tar     Symbol(aborted): false,
705 silly tar     Symbol(dataListeners): 0,
705 silly tar     Symbol(discarded): false
705 silly tar   },
705 silly tar   cwd: '/run/media/ttf/4D68CCA27FA538EE/immo_tul/backend/node_modules/prisma',
705 silly tar   tarCode: 'TAR_ENTRY_ERROR'
705 silly tar }
706 warn tar TAR_ENTRY_ERROR ENOENT: no such file or directory, open '/run/media/ttf/4D68CCA27FA538EE/immo_tul/backend/node_modules/prisma/prisma-client/runtime/query_compiler_bg.sqlserver.mjs'
707 silly tar TAR_ENTRY_ERROR ENOENT: no such file or directory, open '/run/media/ttf/4D68CCA27FA538EE/immo_tul/backend/node_modules/prisma/prisma-client/runtime/query_compiler_bg.sqlserver.mjs' [Error: ENOENT: no such file or directory, open '/run/media/ttf/4D68CCA27FA538EE/immo_tul/backend/node_modules/prisma/prisma-client/runtime/query_compiler_bg.sqlserver.mjs'] {
707 silly tar   errno: -2,
707 silly tar   code: 'ENOENT',
707 silly tar   syscall: 'open',
707 silly tar   path: '/run/media/ttf/4D68CCA27FA538EE/immo_tul/backend/node_modules/prisma/prisma-client/runtime/query_compiler_bg.sqlserver.mjs',
707 silly tar   entry: ReadEntry {
707 silly tar     _events: [Object: null prototype] { end: [Function (anonymous)] },
707 silly tar     _eventsCount: 1,
707 silly tar     _maxListeners: undefined,
707 silly tar     writable: false,
707 silly tar     readable: true,
707 silly tar     extended: null,
707 silly tar     globalExtended: null,
707 silly tar     header: Header {
707 silly tar       cksumValid: true,
707 silly tar       needPax: false,
707 silly tar       nullBlock: false,
707 silly tar       block: null,
707 silly tar       path: 'package/prisma-client/runtime/query_compiler_bg.sqlserver.mjs',
707 silly tar       mode: 420,
707 silly tar       uid: 0,
707 silly tar       gid: 0,
707 silly tar       size: 8507,
707 silly tar       mtime: 1985-10-26T08:15:00.000Z,
707 silly tar       cksum: 9943,
707 silly tar       linkpath: '',
707 silly tar       uname: '',
707 silly tar       gname: '',
707 silly tar       devmaj: 0,
707 silly tar       devmin: 0,
707 silly tar       atime: null,
707 silly tar       ctime: null,
707 silly tar       Symbol(type): '0'
707 silly tar     },
707 silly tar     startBlockSize: 8704,
707 silly tar     blockRemain: 0,
707 silly tar     remain: 0,
707 silly tar     type: 'File',
707 silly tar     meta: false,
707 silly tar     ignore: false,
707 silly tar     path: 'prisma-client/runtime/query_compiler_bg.sqlserver.mjs',
707 silly tar     mode: 438,
707 silly tar     uid: 0,
707 silly tar     gid: 0,
707 silly tar     uname: '',
707 silly tar     gname: '',
707 silly tar     size: 8507,
707 silly tar     mtime: 1985-10-26T08:15:00.000Z,
707 silly tar     atime: null,
707 silly tar     ctime: null,
707 silly tar     linkpath: '',
707 silly tar     absolute: '/run/media/ttf/4D68CCA27FA538EE/immo_tul/backend/node_modules/prisma/prisma-client/runtime/query_compiler_bg.sqlserver.mjs',
707 silly tar     Symbol(shapeMode): false,
707 silly tar     Symbol(kCapture): false,
707 silly tar     Symbol(flowing): false,
707 silly tar     Symbol(paused): true,
707 silly tar     Symbol(pipes): [ [Pipe] ],
707 silly tar     Symbol(buffer): [
707 silly tar       <Buffer 6e 63 74 69 6f 6e 20 6e 65 28 65 29 7b 6c 65 74 20 74 3b 74 72 79 7b 74 3d 65 20 69 6e 73 74 61 6e 63 65 6f 66 20 55 69 6e 74 38 41 72 72 61 79 7d 63 ... 4077 more bytes>
707 silly tar     ],
707 silly tar     Symbol(objectMode): false,
707 silly tar     Symbol(encoding): null,
707 silly tar     Symbol(async): false,
707 silly tar     Symbol(decoder): null,
707 silly tar     Symbol(EOF): true,
707 silly tar     Symbol(emittedEnd): false,
707 silly tar     Symbol(emittingEnd): false,
707 silly tar     Symbol(closed): false,
707 silly tar     Symbol(emittedError): null,
707 silly tar     Symbol(bufferLength): 4127,
707 silly tar     Symbol(destroyed): false,
707 silly tar     Symbol(signal): undefined,
707 silly tar     Symbol(aborted): false,
707 silly tar     Symbol(dataListeners): 0,
707 silly tar     Symbol(discarded): false
707 silly tar   },
707 silly tar   cwd: '/run/media/ttf/4D68CCA27FA538EE/immo_tul/backend/node_modules/prisma',
707 silly tar   tarCode: 'TAR_ENTRY_ERROR'
707 silly tar }
708 warn tar TAR_ENTRY_ERROR ENOENT: no such file or directory, open '/run/media/ttf/4D68CCA27FA538EE/immo_tul/backend/node_modules/prisma/build/query_engine_bg.cockroachdb.mjs'
709 silly tar TAR_ENTRY_ERROR ENOENT: no such file or directory, open '/run/media/ttf/4D68CCA27FA538EE/immo_tul/backend/node_modules/prisma/build/query_engine_bg.cockroachdb.mjs' [Error: ENOENT: no such file or directory, open '/run/media/ttf/4D68CCA27FA538EE/immo_tul/backend/node_modules/prisma/build/query_engine_bg.cockroachdb.mjs'] {
709 silly tar   errno: -2,
709 silly tar   code: 'ENOENT',
709 silly tar   syscall: 'open',
709 silly tar   path: '/run/media/ttf/4D68CCA27FA538EE/immo_tul/backend/node_modules/prisma/build/query_engine_bg.cockroachdb.mjs',
709 silly tar   entry: ReadEntry {
709 silly tar     _events: [Object: null prototype] { end: [Function (anonymous)] },
709 silly tar     _eventsCount: 1,
709 silly tar     _maxListeners: undefined,
709 silly tar     writable: false,
709 silly tar     readable: true,
709 silly tar     extended: null,
709 silly tar     globalExtended: null,
709 silly tar     header: Header {
709 silly tar       cksumValid: true,
709 silly tar       needPax: false,
709 silly tar       nullBlock: false,
709 silly tar       block: null,
709 silly tar       path: 'package/build/query_engine_bg.cockroachdb.mjs',
709 silly tar       mode: 420,
709 silly tar       uid: 0,
709 silly tar       gid: 0,
709 silly tar       size: 13272,
709 silly tar       mtime: 1985-10-26T08:15:00.000Z,
709 silly tar       cksum: 8225,
709 silly tar       linkpath: '',
709 silly tar       uname: '',
709 silly tar       gname: '',
709 silly tar       devmaj: 0,
709 silly tar       devmin: 0,
709 silly tar       atime: null,
709 silly tar       ctime: null,
709 silly tar       Symbol(type): '0'
709 silly tar     },
709 silly tar     startBlockSize: 13312,
709 silly tar     blockRemain: 0,
709 silly tar     remain: 0,
709 silly tar     type: 'File',
709 silly tar     meta: false,
709 silly tar     ignore: false,
709 silly tar     path: 'build/query_engine_bg.cockroachdb.mjs',
709 silly tar     mode: 438,
709 silly tar     uid: 0,
709 silly tar     gid: 0,
709 silly tar     uname: '',
709 silly tar     gname: '',
709 silly tar     size: 13272,
709 silly tar     mtime: 1985-10-26T08:15:00.000Z,
709 silly tar     atime: null,
709 silly tar     ctime: null,
709 silly tar     linkpath: '',
709 silly tar     absolute: '/run/media/ttf/4D68CCA27FA538EE/immo_tul/backend/node_modules/prisma/build/query_engine_bg.cockroachdb.mjs',
709 silly tar     Symbol(shapeMode): false,
709 silly tar     Symbol(kCapture): false,
709 silly tar     Symbol(flowing): false,
709 silly tar     Symbol(paused): true,
709 silly tar     Symbol(pipes): [ [Pipe] ],
709 silly tar     Symbol(buffer): [
709 silly tar       <Buffer 39 66 30 33 36 2c 6a 65 20 61 73 20 5f 5f 77 62 67 5f 6e 65 77 5f 33 63 33 64 38 34 39 30 34 36 36 38 38 61 36 36 2c 42 65 20 61 73 20 5f 5f 77 62 67 ... 1674 more bytes>
709 silly tar     ],
709 silly tar     Symbol(objectMode): false,
709 silly tar     Symbol(encoding): null,
709 silly tar     Symbol(async): false,
709 silly tar     Symbol(decoder): null,
709 silly tar     Symbol(EOF): true,
709 silly tar     Symbol(emittedEnd): false,
709 silly tar     Symbol(emittingEnd): false,
709 silly tar     Symbol(closed): false,
709 silly tar     Symbol(emittedError): null,
709 silly tar     Symbol(bufferLength): 1724,
709 silly tar     Symbol(destroyed): false,
709 silly tar     Symbol(signal): undefined,
709 silly tar     Symbol(aborted): false,
709 silly tar     Symbol(dataListeners): 0,
709 silly tar     Symbol(discarded): false
709 silly tar   },
709 silly tar   cwd: '/run/media/ttf/4D68CCA27FA538EE/immo_tul/backend/node_modules/prisma',
709 silly tar   tarCode: 'TAR_ENTRY_ERROR'
709 silly tar }
710 warn tar TAR_ENTRY_ERROR ENOENT: no such file or directory, open '/run/media/ttf/4D68CCA27FA538EE/immo_tul/backend/node_modules/prisma/prisma-client/runtime/query_engine_bg.cockroachdb.mjs'
711 silly tar TAR_ENTRY_ERROR ENOENT: no such file or directory, open '/run/media/ttf/4D68CCA27FA538EE/immo_tul/backend/node_modules/prisma/prisma-client/runtime/query_engine_bg.cockroachdb.mjs' [Error: ENOENT: no such file or directory, open '/run/media/ttf/4D68CCA27FA538EE/immo_tul/backend/node_modules/prisma/prisma-client/runtime/query_engine_bg.cockroachdb.mjs'] {
711 silly tar   errno: -2,
711 silly tar   code: 'ENOENT',
711 silly tar   syscall: 'open',
711 silly tar   path: '/run/media/ttf/4D68CCA27FA538EE/immo_tul/backend/node_modules/prisma/prisma-client/runtime/query_engine_bg.cockroachdb.mjs',
711 silly tar   entry: ReadEntry {
711 silly tar     _events: [Object: null prototype] {},
711 silly tar     _eventsCount: 0,
711 silly tar     _maxListeners: undefined,
711 silly tar     writable: false,
711 silly tar     readable: false,
711 silly tar     extended: null,
711 silly tar     globalExtended: null,
711 silly tar     header: Header {
711 silly tar       cksumValid: true,
711 silly tar       needPax: false,
711 silly tar       nullBlock: false,
711 silly tar       block: null,
711 silly tar       path: 'package/prisma-client/runtime/query_engine_bg.cockroachdb.mjs',
711 silly tar       mode: 420,
711 silly tar       uid: 0,
711 silly tar       gid: 0,
711 silly tar       size: 13272,
711 silly tar       mtime: 1985-10-26T08:15:00.000Z,
711 silly tar       cksum: 9852,
711 silly tar       linkpath: '',
711 silly tar       uname: '',
711 silly tar       gname: '',
711 silly tar       devmaj: 0,
711 silly tar       devmin: 0,
711 silly tar       atime: null,
711 silly tar       ctime: null,
711 silly tar       Symbol(type): '0'
711 silly tar     },
711 silly tar     startBlockSize: 13312,
711 silly tar     blockRemain: 0,
711 silly tar     remain: 0,
711 silly tar     type: 'File',
711 silly tar     meta: false,
711 silly tar     ignore: false,
711 silly tar     path: 'prisma-client/runtime/query_engine_bg.cockroachdb.mjs',
711 silly tar     mode: 438,
711 silly tar     uid: 0,
711 silly tar     gid: 0,
711 silly tar     uname: '',
711 silly tar     gname: '',
711 silly tar     size: 13272,
711 silly tar     mtime: 1985-10-26T08:15:00.000Z,
711 silly tar     atime: null,
711 silly tar     ctime: null,
711 silly tar     linkpath: '',
711 silly tar     absolute: '/run/media/ttf/4D68CCA27FA538EE/immo_tul/backend/node_modules/prisma/prisma-client/runtime/query_engine_bg.cockroachdb.mjs',
711 silly tar     Symbol(shapeMode): false,
711 silly tar     Symbol(kCapture): false,
711 silly tar     Symbol(flowing): false,
711 silly tar     Symbol(paused): true,
711 silly tar     Symbol(pipes): [ [Pipe] ],
711 silly tar     Symbol(buffer): [],
711 silly tar     Symbol(objectMode): false,
711 silly tar     Symbol(encoding): null,
711 silly tar     Symbol(async): false,
711 silly tar     Symbol(decoder): null,
711 silly tar     Symbol(EOF): true,
711 silly tar     Symbol(emittedEnd): true,
711 silly tar     Symbol(emittingEnd): false,
711 silly tar     Symbol(closed): false,
711 silly tar     Symbol(emittedError): null,
711 silly tar     Symbol(bufferLength): 0,
711 silly tar     Symbol(destroyed): false,
711 silly tar     Symbol(signal): undefined,
711 silly tar     Symbol(aborted): false,
711 silly tar     Symbol(dataListeners): 0,
711 silly tar     Symbol(discarded): false
711 silly tar   },
711 silly tar   cwd: '/run/media/ttf/4D68CCA27FA538EE/immo_tul/backend/node_modules/prisma',
711 silly tar   tarCode: 'TAR_ENTRY_ERROR'
711 silly tar }
712 warn tar TAR_ENTRY_ERROR ENOENT: no such file or directory, open '/run/media/ttf/4D68CCA27FA538EE/immo_tul/backend/node_modules/prisma/build/query_engine_bg.mysql.mjs'
713 silly tar TAR_ENTRY_ERROR ENOENT: no such file or directory, open '/run/media/ttf/4D68CCA27FA538EE/immo_tul/backend/node_modules/prisma/build/query_engine_bg.mysql.mjs' [Error: ENOENT: no such file or directory, open '/run/media/ttf/4D68CCA27FA538EE/immo_tul/backend/node_modules/prisma/build/query_engine_bg.mysql.mjs'] {
713 silly tar   errno: -2,
713 silly tar   code: 'ENOENT',
713 silly tar   syscall: 'open',
713 silly tar   path: '/run/media/ttf/4D68CCA27FA538EE/immo_tul/backend/node_modules/prisma/build/query_engine_bg.mysql.mjs',
713 silly tar   entry: ReadEntry {
713 silly tar     _events: [Object: null prototype] {},
713 silly tar     _eventsCount: 0,
713 silly tar     _maxListeners: undefined,
713 silly tar     writable: false,
713 silly tar     readable: false,
713 silly tar     extended: null,
713 silly tar     globalExtended: null,
713 silly tar     header: Header {
713 silly tar       cksumValid: true,
713 silly tar       needPax: false,
713 silly tar       nullBlock: false,
713 silly tar       block: null,
713 silly tar       path: 'package/build/query_engine_bg.mysql.mjs',
713 silly tar       mode: 420,
713 silly tar       uid: 0,
713 silly tar       gid: 0,
713 silly tar       size: 13090,
713 silly tar       mtime: 1985-10-26T08:15:00.000Z,
713 silly tar       cksum: 7652,
713 silly tar       linkpath: '',
713 silly tar       uname: '',
713 silly tar       gname: '',
713 silly tar       devmaj: 0,
713 silly tar       devmin: 0,
713 silly tar       atime: null,
713 silly tar       ctime: null,
713 silly tar       Symbol(type): '0'
713 silly tar     },
713 silly tar     startBlockSize: 13312,
713 silly tar     blockRemain: 0,
713 silly tar     remain: 0,
713 silly tar     type: 'File',
713 silly tar     meta: false,
713 silly tar     ignore: false,
713 silly tar     path: 'build/query_engine_bg.mysql.mjs',
713 silly tar     mode: 438,
713 silly tar     uid: 0,
713 silly tar     gid: 0,
713 silly tar     uname: '',
713 silly tar     gname: '',
713 silly tar     size: 13090,
713 silly tar     mtime: 1985-10-26T08:15:00.000Z,
713 silly tar     atime: null,
713 silly tar     ctime: null,
713 silly tar     linkpath: '',
713 silly tar     absolute: '/run/media/ttf/4D68CCA27FA538EE/immo_tul/backend/node_modules/prisma/build/query_engine_bg.mysql.mjs',
713 silly tar     Symbol(shapeMode): false,
713 silly tar     Symbol(kCapture): false,
713 silly tar     Symbol(flowing): false,
713 silly tar     Symbol(paused): true,
713 silly tar     Symbol(pipes): [ [Pipe] ],
713 silly tar     Symbol(buffer): [],
713 silly tar     Symbol(objectMode): false,
713 silly tar     Symbol(encoding): null,
713 silly tar     Symbol(async): false,
713 silly tar     Symbol(decoder): null,
713 silly tar     Symbol(EOF): true,
713 silly tar     Symbol(emittedEnd): true,
713 silly tar     Symbol(emittingEnd): false,
713 silly tar     Symbol(closed): false,
713 silly tar     Symbol(emittedError): null,
713 silly tar     Symbol(bufferLength): 0,
713 silly tar     Symbol(destroyed): false,
713 silly tar     Symbol(signal): undefined,
713 silly tar     Symbol(aborted): false,
713 silly tar     Symbol(dataListeners): 0,
713 silly tar     Symbol(discarded): false
713 silly tar   },
713 silly tar   cwd: '/run/media/ttf/4D68CCA27FA538EE/immo_tul/backend/node_modules/prisma',
713 silly tar   tarCode: 'TAR_ENTRY_ERROR'
713 silly tar }
714 warn tar TAR_ENTRY_ERROR ENOENT: no such file or directory, open '/run/media/ttf/4D68CCA27FA538EE/immo_tul/backend/node_modules/prisma/prisma-client/runtime/query_engine_bg.mysql.mjs'
715 silly tar TAR_ENTRY_ERROR ENOENT: no such file or directory, open '/run/media/ttf/4D68CCA27FA538EE/immo_tul/backend/node_modules/prisma/prisma-client/runtime/query_engine_bg.mysql.mjs' [Error: ENOENT: no such file or directory, open '/run/media/ttf/4D68CCA27FA538EE/immo_tul/backend/node_modules/prisma/prisma-client/runtime/query_engine_bg.mysql.mjs'] {
715 silly tar   errno: -2,
715 silly tar   code: 'ENOENT',
715 silly tar   syscall: 'open',
715 silly tar   path: '/run/media/ttf/4D68CCA27FA538EE/immo_tul/backend/node_modules/prisma/prisma-client/runtime/query_engine_bg.mysql.mjs',
715 silly tar   entry: ReadEntry {
715 silly tar     _events: [Object: null prototype] { end: [Function (anonymous)] },
715 silly tar     _eventsCount: 1,
715 silly tar     _maxListeners: undefined,
715 silly tar     writable: false,
715 silly tar     readable: true,
715 silly tar     extended: null,
715 silly tar     globalExtended: null,
715 silly tar     header: Header {
715 silly tar       cksumValid: true,
715 silly tar       needPax: false,
715 silly tar       nullBlock: false,
715 silly tar       block: null,
715 silly tar       path: 'package/prisma-client/runtime/query_engine_bg.mysql.mjs',
715 silly tar       mode: 420,
715 silly tar       uid: 0,
715 silly tar       gid: 0,
715 silly tar       size: 13090,
715 silly tar       mtime: 1985-10-26T08:15:00.000Z,
715 silly tar       cksum: 9279,
715 silly tar       linkpath: '',
715 silly tar       uname: '',
715 silly tar       gname: '',
715 silly tar       devmaj: 0,
715 silly tar       devmin: 0,
715 silly tar       atime: null,
715 silly tar       ctime: null,
715 silly tar       Symbol(type): '0'
715 silly tar     },
715 silly tar     startBlockSize: 13312,
715 silly tar     blockRemain: 0,
715 silly tar     remain: 0,
715 silly tar     type: 'File',
715 silly tar     meta: false,
715 silly tar     ignore: false,
715 silly tar     path: 'prisma-client/runtime/query_engine_bg.mysql.mjs',
715 silly tar     mode: 438,
715 silly tar     uid: 0,
715 silly tar     gid: 0,
715 silly tar     uname: '',
715 silly tar     gname: '',
715 silly tar     size: 13090,
715 silly tar     mtime: 1985-10-26T08:15:00.000Z,
715 silly tar     atime: null,
715 silly tar     ctime: null,
715 silly tar     linkpath: '',
715 silly tar     absolute: '/run/media/ttf/4D68CCA27FA538EE/immo_tul/backend/node_modules/prisma/prisma-client/runtime/query_engine_bg.mysql.mjs',
715 silly tar     Symbol(shapeMode): false,
715 silly tar     Symbol(kCapture): false,
715 silly tar     Symbol(flowing): false,
715 silly tar     Symbol(paused): true,
715 silly tar     Symbol(pipes): [ [Pipe] ],
715 silly tar     Symbol(buffer): [
715 silly tar       <Buffer 2c 74 2c 6e 2c 5f 29 7d 63 6f 6e 73 74 20 4f 3d 74 79 70 65 6f 66 20 46 69 6e 61 6c 69 7a 61 74 69 6f 6e 52 65 67 69 73 74 72 79 3e 22 75 22 3f 7b 72 ... 10196 more bytes>
715 silly tar     ],
715 silly tar     Symbol(objectMode): false,
715 silly tar     Symbol(encoding): null,
715 silly tar     Symbol(async): false,
715 silly tar     Symbol(decoder): null,
715 silly tar     Symbol(EOF): true,
715 silly tar     Symbol(emittedEnd): false,
715 silly tar     Symbol(emittingEnd): false,
715 silly tar     Symbol(closed): false,
715 silly tar     Symbol(emittedError): null,
715 silly tar     Symbol(bufferLength): 10246,
715 silly tar     Symbol(destroyed): false,
715 silly tar     Symbol(signal): undefined,
715 silly tar     Symbol(aborted): false,
715 silly tar     Symbol(dataListeners): 0,
715 silly tar     Symbol(discarded): false
715 silly tar   },
715 silly tar   cwd: '/run/media/ttf/4D68CCA27FA538EE/immo_tul/backend/node_modules/prisma',
715 silly tar   tarCode: 'TAR_ENTRY_ERROR'
715 silly tar }
716 warn tar TAR_ENTRY_ERROR ENOENT: no such file or directory, open '/run/media/ttf/4D68CCA27FA538EE/immo_tul/backend/node_modules/prisma/build/query_engine_bg.postgresql.mjs'
717 silly tar TAR_ENTRY_ERROR ENOENT: no such file or directory, open '/run/media/ttf/4D68CCA27FA538EE/immo_tul/backend/node_modules/prisma/build/query_engine_bg.postgresql.mjs' [Error: ENOENT: no such file or directory, open '/run/media/ttf/4D68CCA27FA538EE/immo_tul/backend/node_modules/prisma/build/query_engine_bg.postgresql.mjs'] {
717 silly tar   errno: -2,
717 silly tar   code: 'ENOENT',
717 silly tar   syscall: 'open',
717 silly tar   path: '/run/media/ttf/4D68CCA27FA538EE/immo_tul/backend/node_modules/prisma/build/query_engine_bg.postgresql.mjs',
717 silly tar   entry: ReadEntry {
717 silly tar     _events: [Object: null prototype] { end: [Function (anonymous)] },
717 silly tar     _eventsCount: 1,
717 silly tar     _maxListeners: undefined,
717 silly tar     writable: false,
717 silly tar     readable: true,
717 silly tar     extended: null,
717 silly tar     globalExtended: null,
717 silly tar     header: Header {
717 silly tar       cksumValid: true,
717 silly tar       needPax: false,
717 silly tar       nullBlock: false,
717 silly tar       block: null,
717 silly tar       path: 'package/build/query_engine_bg.postgresql.mjs',
717 silly tar       mode: 420,
717 silly tar       uid: 0,
717 silly tar       gid: 0,
717 silly tar       size: 13272,
717 silly tar       mtime: 1985-10-26T08:15:00.000Z,
717 silly tar       cksum: 8194,
717 silly tar       linkpath: '',
717 silly tar       uname: '',
717 silly tar       gname: '',
717 silly tar       devmaj: 0,
717 silly tar       devmin: 0,
717 silly tar       atime: null,
717 silly tar       ctime: null,
717 silly tar       Symbol(type): '0'
717 silly tar     },
717 silly tar     startBlockSize: 13312,
717 silly tar     blockRemain: 0,
717 silly tar     remain: 0,
717 silly tar     type: 'File',
717 silly tar     meta: false,
717 silly tar     ignore: false,
717 silly tar     path: 'build/query_engine_bg.postgresql.mjs',
717 silly tar     mode: 438,
717 silly tar     uid: 0,
717 silly tar     gid: 0,
717 silly tar     uname: '',
717 silly tar     gname: '',
717 silly tar     size: 13272,
717 silly tar     mtime: 1985-10-26T08:15:00.000Z,
717 silly tar     atime: null,
717 silly tar     ctime: null,
717 silly tar     linkpath: '',
717 silly tar     absolute: '/run/media/ttf/4D68CCA27FA538EE/immo_tul/backend/node_modules/prisma/build/query_engine_bg.postgresql.mjs',
717 silly tar     Symbol(shapeMode): false,
717 silly tar     Symbol(kCapture): false,
717 silly tar     Symbol(flowing): false,
717 silly tar     Symbol(paused): true,
717 silly tar     Symbol(pipes): [ [Pipe] ],
717 silly tar     Symbol(buffer): [
717 silly tar       <Buffer 2e 72 65 67 69 73 74 65 72 28 69 2c 6f 2c 6f 29 2c 69 7d 66 75 6e 63 74 69 6f 6e 20 6b 28 65 29 7b 63 6f 6e 73 74 20 74 3d 72 2e 5f 5f 77 62 69 6e 64 ... 10831 more bytes>
717 silly tar     ],
717 silly tar     Symbol(objectMode): false,
717 silly tar     Symbol(encoding): null,
717 silly tar     Symbol(async): false,
717 silly tar     Symbol(decoder): null,
717 silly tar     Symbol(EOF): true,
717 silly tar     Symbol(emittedEnd): false,
717 silly tar     Symbol(emittingEnd): false,
717 silly tar     Symbol(closed): false,
717 silly tar     Symbol(emittedError): null,
717 silly tar     Symbol(bufferLength): 10881,
717 silly tar     Symbol(destroyed): false,
717 silly tar     Symbol(signal): undefined,
717 silly tar     Symbol(aborted): false,
717 silly tar     Symbol(dataListeners): 0,
717 silly tar     Symbol(discarded): false
717 silly tar   },
717 silly tar   cwd: '/run/media/ttf/4D68CCA27FA538EE/immo_tul/backend/node_modules/prisma',
717 silly tar   tarCode: 'TAR_ENTRY_ERROR'
717 silly tar }
718 warn tar TAR_ENTRY_ERROR ENOENT: no such file or directory, open '/run/media/ttf/4D68CCA27FA538EE/immo_tul/backend/node_modules/prisma/prisma-client/runtime/query_engine_bg.postgresql.mjs'
719 silly tar TAR_ENTRY_ERROR ENOENT: no such file or directory, open '/run/media/ttf/4D68CCA27FA538EE/immo_tul/backend/node_modules/prisma/prisma-client/runtime/query_engine_bg.postgresql.mjs' [Error: ENOENT: no such file or directory, open '/run/media/ttf/4D68CCA27FA538EE/immo_tul/backend/node_modules/prisma/prisma-client/runtime/query_engine_bg.postgresql.mjs'] {
719 silly tar   errno: -2,
719 silly tar   code: 'ENOENT',
719 silly tar   syscall: 'open',
719 silly tar   path: '/run/media/ttf/4D68CCA27FA538EE/immo_tul/backend/node_modules/prisma/prisma-client/runtime/query_engine_bg.postgresql.mjs',
719 silly tar   entry: ReadEntry {
719 silly tar     _events: [Object: null prototype] { end: [Function (anonymous)] },
719 silly tar     _eventsCount: 1,
719 silly tar     _maxListeners: undefined,
719 silly tar     writable: false,
719 silly tar     readable: true,
719 silly tar     extended: null,
719 silly tar     globalExtended: null,
719 silly tar     header: Header {
719 silly tar       cksumValid: true,
719 silly tar       needPax: false,
719 silly tar       nullBlock: false,
719 silly tar       block: null,
719 silly tar       path: 'package/prisma-client/runtime/query_engine_bg.postgresql.mjs',
719 silly tar       mode: 420,
719 silly tar       uid: 0,
719 silly tar       gid: 0,
719 silly tar       size: 13272,
719 silly tar       mtime: 1985-10-26T08:15:00.000Z,
719 silly tar       cksum: 9821,
719 silly tar       linkpath: '',
719 silly tar       uname: '',
719 silly tar       gname: '',
719 silly tar       devmaj: 0,
719 silly tar       devmin: 0,
719 silly tar       atime: null,
719 silly tar       ctime: null,
719 silly tar       Symbol(type): '0'
719 silly tar     },
719 silly tar     startBlockSize: 13312,
719 silly tar     blockRemain: 0,
719 silly tar     remain: 0,
719 silly tar     type: 'File',
719 silly tar     meta: false,
719 silly tar     ignore: false,
719 silly tar     path: 'prisma-client/runtime/query_engine_bg.postgresql.mjs',
719 silly tar     mode: 438,
719 silly tar     uid: 0,
719 silly tar     gid: 0,
719 silly tar     uname: '',
719 silly tar     gname: '',
719 silly tar     size: 13272,
719 silly tar     mtime: 1985-10-26T08:15:00.000Z,
719 silly tar     atime: null,
719 silly tar     ctime: null,
719 silly tar     linkpath: '',
719 silly tar     absolute: '/run/media/ttf/4D68CCA27FA538EE/immo_tul/backend/node_modules/prisma/prisma-client/runtime/query_engine_bg.postgresql.mjs',
719 silly tar     Symbol(shapeMode): false,
719 silly tar     Symbol(kCapture): false,
719 silly tar     Symbol(flowing): false,
719 silly tar     Symbol(paused): true,
719 silly tar     Symbol(pipes): [ [Pipe] ],
719 silly tar     Symbol(buffer): [
719 silly tar       <Buffer 5f 77 62 67 5f 70 74 72 2c 6e 2c 5f 29 7d 7d 53 79 6d 62 6f 6c 2e 64 69 73 70 6f 73 65 26 26 28 4d 2e 70 72 6f 74 6f 74 79 70 65 5b 53 79 6d 62 6f 6c ... 8271 more bytes>
719 silly tar     ],
719 silly tar     Symbol(objectMode): false,
719 silly tar     Symbol(encoding): null,
719 silly tar     Symbol(async): false,
719 silly tar     Symbol(decoder): null,
719 silly tar     Symbol(EOF): true,
719 silly tar     Symbol(emittedEnd): false,
719 silly tar     Symbol(emittingEnd): false,
719 silly tar     Symbol(closed): false,
719 silly tar     Symbol(emittedError): null,
719 silly tar     Symbol(bufferLength): 8321,
719 silly tar     Symbol(destroyed): false,
719 silly tar     Symbol(signal): undefined,
719 silly tar     Symbol(aborted): false,
719 silly tar     Symbol(dataListeners): 0,
719 silly tar     Symbol(discarded): false
719 silly tar   },
719 silly tar   cwd: '/run/media/ttf/4D68CCA27FA538EE/immo_tul/backend/node_modules/prisma',
719 silly tar   tarCode: 'TAR_ENTRY_ERROR'
719 silly tar }
720 warn tar TAR_ENTRY_ERROR ENOENT: no such file or directory, open '/run/media/ttf/4D68CCA27FA538EE/immo_tul/backend/node_modules/prisma/build/query_engine_bg.sqlite.mjs'
721 silly tar TAR_ENTRY_ERROR ENOENT: no such file or directory, open '/run/media/ttf/4D68CCA27FA538EE/immo_tul/backend/node_modules/prisma/build/query_engine_bg.sqlite.mjs' [Error: ENOENT: no such file or directory, open '/run/media/ttf/4D68CCA27FA538EE/immo_tul/backend/node_modules/prisma/build/query_engine_bg.sqlite.mjs'] {
721 silly tar   errno: -2,
721 silly tar   code: 'ENOENT',
721 silly tar   syscall: 'open',
721 silly tar   path: '/run/media/ttf/4D68CCA27FA538EE/immo_tul/backend/node_modules/prisma/build/query_engine_bg.sqlite.mjs',
721 silly tar   entry: ReadEntry {
721 silly tar     _events: [Object: null prototype] { end: [Function (anonymous)] },
721 silly tar     _eventsCount: 1,
721 silly tar     _maxListeners: undefined,
721 silly tar     writable: false,
721 silly tar     readable: true,
721 silly tar     extended: null,
721 silly tar     globalExtended: null,
721 silly tar     header: Header {
721 silly tar       cksumValid: true,
721 silly tar       needPax: false,
721 silly tar       nullBlock: false,
721 silly tar       block: null,
721 silly tar       path: 'package/build/query_engine_bg.sqlite.mjs',
721 silly tar       mode: 420,
721 silly tar       uid: 0,
721 silly tar       gid: 0,
721 silly tar       size: 13090,
721 silly tar       mtime: 1985-10-26T08:15:00.000Z,
721 silly tar       cksum: 7744,
721 silly tar       linkpath: '',
721 silly tar       uname: '',
721 silly tar       gname: '',
721 silly tar       devmaj: 0,
721 silly tar       devmin: 0,
721 silly tar       atime: null,
721 silly tar       ctime: null,
721 silly tar       Symbol(type): '0'
721 silly tar     },
721 silly tar     startBlockSize: 13312,
721 silly tar     blockRemain: 0,
721 silly tar     remain: 0,
721 silly tar     type: 'File',
721 silly tar     meta: false,
721 silly tar     ignore: false,
721 silly tar     path: 'build/query_engine_bg.sqlite.mjs',
721 silly tar     mode: 438,
721 silly tar     uid: 0,
721 silly tar     gid: 0,
721 silly tar     uname: '',
721 silly tar     gname: '',
721 silly tar     size: 13090,
721 silly tar     mtime: 1985-10-26T08:15:00.000Z,
721 silly tar     atime: null,
721 silly tar     ctime: null,
721 silly tar     linkpath: '',
721 silly tar     absolute: '/run/media/ttf/4D68CCA27FA538EE/immo_tul/backend/node_modules/prisma/build/query_engine_bg.sqlite.mjs',
721 silly tar     Symbol(shapeMode): false,
721 silly tar     Symbol(kCapture): false,
721 silly tar     Symbol(flowing): false,
721 silly tar     Symbol(paused): true,
721 silly tar     Symbol(pipes): [ [Pipe] ],
721 silly tar     Symbol(buffer): [
721 silly tar       <Buffer 7b 72 65 74 75 72 6e 20 4c 28 73 2c 6e 2e 62 2c 69 2c 63 29 7d 66 69 6e 61 6c 6c 79 7b 6e 2e 61 3d 73 7d 7d 3b 72 65 74 75 72 6e 20 6e 65 77 20 50 72 ... 5529 more bytes>
721 silly tar     ],
721 silly tar     Symbol(objectMode): false,
721 silly tar     Symbol(encoding): null,
721 silly tar     Symbol(async): false,
721 silly tar     Symbol(decoder): null,
721 silly tar     Symbol(EOF): true,
721 silly tar     Symbol(emittedEnd): false,
721 silly tar     Symbol(emittingEnd): false,
721 silly tar     Symbol(closed): false,
721 silly tar     Symbol(emittedError): null,
721 silly tar     Symbol(bufferLength): 5579,
721 silly tar     Symbol(destroyed): false,
721 silly tar     Symbol(signal): undefined,
721 silly tar     Symbol(aborted): false,
721 silly tar     Symbol(dataListeners): 0,
721 silly tar     Symbol(discarded): false
721 silly tar   },
721 silly tar   cwd: '/run/media/ttf/4D68CCA27FA538EE/immo_tul/backend/node_modules/prisma',
721 silly tar   tarCode: 'TAR_ENTRY_ERROR'
721 silly tar }
722 warn tar TAR_ENTRY_ERROR ENOENT: no such file or directory, open '/run/media/ttf/4D68CCA27FA538EE/immo_tul/backend/node_modules/prisma/prisma-client/runtime/query_engine_bg.sqlite.mjs'
723 silly tar TAR_ENTRY_ERROR ENOENT: no such file or directory, open '/run/media/ttf/4D68CCA27FA538EE/immo_tul/backend/node_modules/prisma/prisma-client/runtime/query_engine_bg.sqlite.mjs' [Error: ENOENT: no such file or directory, open '/run/media/ttf/4D68CCA27FA538EE/immo_tul/backend/node_modules/prisma/prisma-client/runtime/query_engine_bg.sqlite.mjs'] {
723 silly tar   errno: -2,
723 silly tar   code: 'ENOENT',
723 silly tar   syscall: 'open',
723 silly tar   path: '/run/media/ttf/4D68CCA27FA538EE/immo_tul/backend/node_modules/prisma/prisma-client/runtime/query_engine_bg.sqlite.mjs',
723 silly tar   entry: ReadEntry {
723 silly tar     _events: [Object: null prototype] { end: [Function (anonymous)] },
723 silly tar     _eventsCount: 1,
723 silly tar     _maxListeners: undefined,
723 silly tar     writable: false,
723 silly tar     readable: true,
723 silly tar     extended: null,
723 silly tar     globalExtended: null,
723 silly tar     header: Header {
723 silly tar       cksumValid: true,
723 silly tar       needPax: false,
723 silly tar       nullBlock: false,
723 silly tar       block: null,
723 silly tar       path: 'package/prisma-client/runtime/query_engine_bg.sqlite.mjs',
723 silly tar       mode: 420,
723 silly tar       uid: 0,
723 silly tar       gid: 0,
723 silly tar       size: 13090,
723 silly tar       mtime: 1985-10-26T08:15:00.000Z,
723 silly tar       cksum: 9371,
723 silly tar       linkpath: '',
723 silly tar       uname: '',
723 silly tar       gname: '',
723 silly tar       devmaj: 0,
723 silly tar       devmin: 0,
723 silly tar       atime: null,
723 silly tar       ctime: null,
723 silly tar       Symbol(type): '0'
723 silly tar     },
723 silly tar     startBlockSize: 13312,
723 silly tar     blockRemain: 0,
723 silly tar     remain: 0,
723 silly tar     type: 'File',
723 silly tar     meta: false,
723 silly tar     ignore: false,
723 silly tar     path: 'prisma-client/runtime/query_engine_bg.sqlite.mjs',
723 silly tar     mode: 438,
723 silly tar     uid: 0,
723 silly tar     gid: 0,
723 silly tar     uname: '',
723 silly tar     gname: '',
723 silly tar     size: 13090,
723 silly tar     mtime: 1985-10-26T08:15:00.000Z,
723 silly tar     atime: null,
723 silly tar     ctime: null,
723 silly tar     linkpath: '',
723 silly tar     absolute: '/run/media/ttf/4D68CCA27FA538EE/immo_tul/backend/node_modules/prisma/prisma-client/runtime/query_engine_bg.sqlite.mjs',
723 silly tar     Symbol(shapeMode): false,
723 silly tar     Symbol(kCapture): false,
723 silly tar     Symbol(flowing): false,
723 silly tar     Symbol(paused): true,
723 silly tar     Symbol(pipes): [ [Pipe] ],
723 silly tar     Symbol(buffer): [
723 silly tar       <Buffer 5f 77 62 67 5f 5f 5f 77 62 69 6e 64 67 65 6e 5f 69 73 5f 75 6e 64 65 66 69 6e 65 64 5f 32 64 34 37 32 38 36 32 62 64 32 39 61 34 37 38 2c 6e 65 20 61 ... 2969 more bytes>
723 silly tar     ],
723 silly tar     Symbol(objectMode): false,
723 silly tar     Symbol(encoding): null,
723 silly tar     Symbol(async): false,
723 silly tar     Symbol(decoder): null,
723 silly tar     Symbol(EOF): true,
723 silly tar     Symbol(emittedEnd): false,
723 silly tar     Symbol(emittingEnd): false,
723 silly tar     Symbol(closed): false,
723 silly tar     Symbol(emittedError): null,
723 silly tar     Symbol(bufferLength): 3019,
723 silly tar     Symbol(destroyed): false,
723 silly tar     Symbol(signal): undefined,
723 silly tar     Symbol(aborted): false,
723 silly tar     Symbol(dataListeners): 0,
723 silly tar     Symbol(discarded): false
723 silly tar   },
723 silly tar   cwd: '/run/media/ttf/4D68CCA27FA538EE/immo_tul/backend/node_modules/prisma',
723 silly tar   tarCode: 'TAR_ENTRY_ERROR'
723 silly tar }
724 warn tar TAR_ENTRY_ERROR ENOENT: no such file or directory, open '/run/media/ttf/4D68CCA27FA538EE/immo_tul/backend/node_modules/prisma/build/query_engine_bg.sqlserver.mjs'
725 silly tar TAR_ENTRY_ERROR ENOENT: no such file or directory, open '/run/media/ttf/4D68CCA27FA538EE/immo_tul/backend/node_modules/prisma/build/query_engine_bg.sqlserver.mjs' [Error: ENOENT: no such file or directory, open '/run/media/ttf/4D68CCA27FA538EE/immo_tul/backend/node_modules/prisma/build/query_engine_bg.sqlserver.mjs'] {
725 silly tar   errno: -2,
725 silly tar   code: 'ENOENT',
725 silly tar   syscall: 'open',
725 silly tar   path: '/run/media/ttf/4D68CCA27FA538EE/immo_tul/backend/node_modules/prisma/build/query_engine_bg.sqlserver.mjs',
725 silly tar   entry: ReadEntry {
725 silly tar     _events: [Object: null prototype] { end: [Function (anonymous)] },
725 silly tar     _eventsCount: 1,
725 silly tar     _maxListeners: undefined,
725 silly tar     writable: false,
725 silly tar     readable: true,
725 silly tar     extended: null,
725 silly tar     globalExtended: null,
725 silly tar     header: Header {
725 silly tar       cksumValid: true,
725 silly tar       needPax: false,
725 silly tar       nullBlock: false,
725 silly tar       block: null,
725 silly tar       path: 'package/build/query_engine_bg.sqlserver.mjs',
725 silly tar       mode: 420,
725 silly tar       uid: 0,
725 silly tar       gid: 0,
725 silly tar       size: 13090,
725 silly tar       mtime: 1985-10-26T08:15:00.000Z,
725 silly tar       cksum: 8085,
725 silly tar       linkpath: '',
725 silly tar       uname: '',
725 silly tar       gname: '',
725 silly tar       devmaj: 0,
725 silly tar       devmin: 0,
725 silly tar       atime: null,
725 silly tar       ctime: null,
725 silly tar       Symbol(type): '0'
725 silly tar     },
725 silly tar     startBlockSize: 13312,
725 silly tar     blockRemain: 0,
725 silly tar     remain: 0,
725 silly tar     type: 'File',
725 silly tar     meta: false,
725 silly tar     ignore: false,
725 silly tar     path: 'build/query_engine_bg.sqlserver.mjs',
725 silly tar     mode: 438,
725 silly tar     uid: 0,
725 silly tar     gid: 0,
725 silly tar     uname: '',
725 silly tar     gname: '',
725 silly tar     size: 13090,
725 silly tar     mtime: 1985-10-26T08:15:00.000Z,
725 silly tar     atime: null,
725 silly tar     ctime: null,
725 silly tar     linkpath: '',
725 silly tar     absolute: '/run/media/ttf/4D68CCA27FA538EE/immo_tul/backend/node_modules/prisma/build/query_engine_bg.sqlserver.mjs',
725 silly tar     Symbol(shapeMode): false,
725 silly tar     Symbol(kCapture): false,
725 silly tar     Symbol(flowing): false,
725 silly tar     Symbol(paused): true,
725 silly tar     Symbol(pipes): [ [Pipe] ],
725 silly tar     Symbol(buffer): [
725 silly tar       <Buffer 38 2c 66 74 20 61 73 20 5f 5f 77 62 67 5f 74 68 65 6e 5f 37 30 64 30 35 63 66 37 38 30 61 31 38 64 37 37 2c 61 74 20 61 73 20 5f 5f 77 62 67 5f 76 61 ... 409 more bytes>
725 silly tar     ],
725 silly tar     Symbol(objectMode): false,
725 silly tar     Symbol(encoding): null,
725 silly tar     Symbol(async): false,
725 silly tar     Symbol(decoder): null,
725 silly tar     Symbol(EOF): true,
725 silly tar     Symbol(emittedEnd): false,
725 silly tar     Symbol(emittingEnd): false,
725 silly tar     Symbol(closed): false,
725 silly tar     Symbol(emittedError): null,
725 silly tar     Symbol(bufferLength): 459,
725 silly tar     Symbol(destroyed): false,
725 silly tar     Symbol(signal): undefined,
725 silly tar     Symbol(aborted): false,
725 silly tar     Symbol(dataListeners): 0,
725 silly tar     Symbol(discarded): false
725 silly tar   },
725 silly tar   cwd: '/run/media/ttf/4D68CCA27FA538EE/immo_tul/backend/node_modules/prisma',
725 silly tar   tarCode: 'TAR_ENTRY_ERROR'
725 silly tar }
726 warn tar TAR_ENTRY_ERROR ENOENT: no such file or directory, open '/run/media/ttf/4D68CCA27FA538EE/immo_tul/backend/node_modules/prisma/prisma-client/runtime/query_engine_bg.sqlserver.mjs'
727 silly tar TAR_ENTRY_ERROR ENOENT: no such file or directory, open '/run/media/ttf/4D68CCA27FA538EE/immo_tul/backend/node_modules/prisma/prisma-client/runtime/query_engine_bg.sqlserver.mjs' [Error: ENOENT: no such file or directory, open '/run/media/ttf/4D68CCA27FA538EE/immo_tul/backend/node_modules/prisma/prisma-client/runtime/query_engine_bg.sqlserver.mjs'] {
727 silly tar   errno: -2,
727 silly tar   code: 'ENOENT',
727 silly tar   syscall: 'open',
727 silly tar   path: '/run/media/ttf/4D68CCA27FA538EE/immo_tul/backend/node_modules/prisma/prisma-client/runtime/query_engine_bg.sqlserver.mjs',
727 silly tar   entry: ReadEntry {
727 silly tar     _events: [Object: null prototype] {},
727 silly tar     _eventsCount: 0,
727 silly tar     _maxListeners: undefined,
727 silly tar     writable: false,
727 silly tar     readable: false,
727 silly tar     extended: null,
727 silly tar     globalExtended: null,
727 silly tar     header: Header {
727 silly tar       cksumValid: true,
727 silly tar       needPax: false,
727 silly tar       nullBlock: false,
727 silly tar       block: null,
727 silly tar       path: 'package/prisma-client/runtime/query_engine_bg.sqlserver.mjs',
727 silly tar       mode: 420,
727 silly tar       uid: 0,
727 silly tar       gid: 0,
727 silly tar       size: 13090,
727 silly tar       mtime: 1985-10-26T08:15:00.000Z,
727 silly tar       cksum: 9712,
727 silly tar       linkpath: '',
727 silly tar       uname: '',
727 silly tar       gname: '',
727 silly tar       devmaj: 0,
727 silly tar       devmin: 0,
727 silly tar       atime: null,
727 silly tar       ctime: null,
727 silly tar       Symbol(type): '0'
727 silly tar     },
727 silly tar     startBlockSize: 13312,
727 silly tar     blockRemain: 0,
727 silly tar     remain: 0,
727 silly tar     type: 'File',
727 silly tar     meta: false,
727 silly tar     ignore: false,
727 silly tar     path: 'prisma-client/runtime/query_engine_bg.sqlserver.mjs',
727 silly tar     mode: 438,
727 silly tar     uid: 0,
727 silly tar     gid: 0,
727 silly tar     uname: '',
727 silly tar     gname: '',
727 silly tar     size: 13090,
727 silly tar     mtime: 1985-10-26T08:15:00.000Z,
727 silly tar     atime: null,
727 silly tar     ctime: null,
727 silly tar     linkpath: '',
727 silly tar     absolute: '/run/media/ttf/4D68CCA27FA538EE/immo_tul/backend/node_modules/prisma/prisma-client/runtime/query_engine_bg.sqlserver.mjs',
727 silly tar     Symbol(shapeMode): false,
727 silly tar     Symbol(kCapture): false,
727 silly tar     Symbol(flowing): false,
727 silly tar     Symbol(paused): true,
727 silly tar     Symbol(pipes): [ [Pipe] ],
727 silly tar     Symbol(buffer): [],
727 silly tar     Symbol(objectMode): false,
727 silly tar     Symbol(encoding): null,
727 silly tar     Symbol(async): false,
727 silly tar     Symbol(decoder): null,
727 silly tar     Symbol(EOF): true,
727 silly tar     Symbol(emittedEnd): true,
727 silly tar     Symbol(emittingEnd): false,
727 silly tar     Symbol(closed): false,
727 silly tar     Symbol(emittedError): null,
727 silly tar     Symbol(bufferLength): 0,
727 silly tar     Symbol(destroyed): false,
727 silly tar     Symbol(signal): undefined,
727 silly tar     Symbol(aborted): false,
727 silly tar     Symbol(dataListeners): 0,
727 silly tar     Symbol(discarded): false
727 silly tar   },
727 silly tar   cwd: '/run/media/ttf/4D68CCA27FA538EE/immo_tul/backend/node_modules/prisma',
727 silly tar   tarCode: 'TAR_ENTRY_ERROR'
727 silly tar }
728 warn tar TAR_ENTRY_ERROR ENOENT: no such file or directory, open '/run/media/ttf/4D68CCA27FA538EE/immo_tul/backend/node_modules/prisma/prisma-client/sql.mjs'
729 silly tar TAR_ENTRY_ERROR ENOENT: no such file or directory, open '/run/media/ttf/4D68CCA27FA538EE/immo_tul/backend/node_modules/prisma/prisma-client/sql.mjs' [Error: ENOENT: no such file or directory, open '/run/media/ttf/4D68CCA27FA538EE/immo_tul/backend/node_modules/prisma/prisma-client/sql.mjs'] {
729 silly tar   errno: -2,
729 silly tar   code: 'ENOENT',
729 silly tar   syscall: 'open',
729 silly tar   path: '/run/media/ttf/4D68CCA27FA538EE/immo_tul/backend/node_modules/prisma/prisma-client/sql.mjs',
729 silly tar   entry: ReadEntry {
729 silly tar     _events: [Object: null prototype] {},
729 silly tar     _eventsCount: 0,
729 silly tar     _maxListeners: undefined,
729 silly tar     writable: false,
729 silly tar     readable: false,
729 silly tar     extended: null,
729 silly tar     globalExtended: null,
729 silly tar     header: Header {
729 silly tar       cksumValid: true,
729 silly tar       needPax: false,
729 silly tar       nullBlock: false,
729 silly tar       block: null,
729 silly tar       path: 'package/prisma-client/sql.mjs',
729 silly tar       mode: 420,
729 silly tar       uid: 0,
729 silly tar       gid: 0,
729 silly tar       size: 51,
729 silly tar       mtime: 1985-10-26T08:15:00.000Z,
729 silly tar       cksum: 6592,
729 silly tar       linkpath: '',
729 silly tar       uname: '',
729 silly tar       gname: '',
729 silly tar       devmaj: 0,
729 silly tar       devmin: 0,
729 silly tar       atime: null,
729 silly tar       ctime: null,
729 silly tar       Symbol(type): '0'
729 silly tar     },
729 silly tar     startBlockSize: 512,
729 silly tar     blockRemain: 0,
729 silly tar     remain: 0,
729 silly tar     type: 'File',
729 silly tar     meta: false,
729 silly tar     ignore: false,
729 silly tar     path: 'prisma-client/sql.mjs',
729 silly tar     mode: 438,
729 silly tar     uid: 0,
729 silly tar     gid: 0,
729 silly tar     uname: '',
729 silly tar     gname: '',
729 silly tar     size: 51,
729 silly tar     mtime: 1985-10-26T08:15:00.000Z,
729 silly tar     atime: null,
729 silly tar     ctime: null,
729 silly tar     linkpath: '',
729 silly tar     absolute: '/run/media/ttf/4D68CCA27FA538EE/immo_tul/backend/node_modules/prisma/prisma-client/sql.mjs',
729 silly tar     Symbol(shapeMode): false,
729 silly tar     Symbol(kCapture): false,
729 silly tar     Symbol(flowing): false,
729 silly tar     Symbol(paused): true,
729 silly tar     Symbol(pipes): [ [Pipe] ],
729 silly tar     Symbol(buffer): [],
729 silly tar     Symbol(objectMode): false,
729 silly tar     Symbol(encoding): null,
729 silly tar     Symbol(async): false,
729 silly tar     Symbol(decoder): null,
729 silly tar     Symbol(EOF): true,
729 silly tar     Symbol(emittedEnd): true,
729 silly tar     Symbol(emittingEnd): false,
729 silly tar     Symbol(closed): false,
729 silly tar     Symbol(emittedError): null,
729 silly tar     Symbol(bufferLength): 0,
729 silly tar     Symbol(destroyed): false,
729 silly tar     Symbol(signal): undefined,
729 silly tar     Symbol(aborted): false,
729 silly tar     Symbol(dataListeners): 0,
729 silly tar     Symbol(discarded): false
729 silly tar   },
729 silly tar   cwd: '/run/media/ttf/4D68CCA27FA538EE/immo_tul/backend/node_modules/prisma',
729 silly tar   tarCode: 'TAR_ENTRY_ERROR'
729 silly tar }
730 warn tar TAR_ENTRY_ERROR ENOENT: no such file or directory, open '/run/media/ttf/4D68CCA27FA538EE/immo_tul/backend/node_modules/prisma/prisma-client/runtime/client.d.mts'
731 silly tar TAR_ENTRY_ERROR ENOENT: no such file or directory, open '/run/media/ttf/4D68CCA27FA538EE/immo_tul/backend/node_modules/prisma/prisma-client/runtime/client.d.mts' [Error: ENOENT: no such file or directory, open '/run/media/ttf/4D68CCA27FA538EE/immo_tul/backend/node_modules/prisma/prisma-client/runtime/client.d.mts'] {
731 silly tar   errno: -2,
731 silly tar   code: 'ENOENT',
731 silly tar   syscall: 'open',
731 silly tar   path: '/run/media/ttf/4D68CCA27FA538EE/immo_tul/backend/node_modules/prisma/prisma-client/runtime/client.d.mts',
731 silly tar   entry: ReadEntry {
731 silly tar     _events: [Object: null prototype] {
731 silly tar       end: [Function (anonymous)],
731 silly tar       drain: [Function]
731 silly tar     },
731 silly tar     _eventsCount: 2,
731 silly tar     _maxListeners: undefined,
731 silly tar     writable: true,
731 silly tar     readable: true,
731 silly tar     extended: null,
731 silly tar     globalExtended: null,
731 silly tar     header: Header {
731 silly tar       cksumValid: true,
731 silly tar       needPax: false,
731 silly tar       nullBlock: false,
731 silly tar       block: null,
731 silly tar       path: 'package/prisma-client/runtime/client.d.mts',
731 silly tar       mode: 420,
731 silly tar       uid: 0,
731 silly tar       gid: 0,
731 silly tar       size: 129753,
731 silly tar       mtime: 1985-10-26T08:15:00.000Z,
731 silly tar       cksum: 7883,
731 silly tar       linkpath: '',
731 silly tar       uname: '',
731 silly tar       gname: '',
731 silly tar       devmaj: 0,
731 silly tar       devmin: 0,
731 silly tar       atime: null,
731 silly tar       ctime: null,
731 silly tar       Symbol(type): '0'
731 silly tar     },
731 silly tar     startBlockSize: 130048,
731 silly tar     blockRemain: 69463,
731 silly tar     remain: 69168,
731 silly tar     type: 'File',
731 silly tar     meta: false,
731 silly tar     ignore: false,
731 silly tar     path: 'prisma-client/runtime/client.d.mts',
731 silly tar     mode: 438,
731 silly tar     uid: 0,
731 silly tar     gid: 0,
731 silly tar     uname: '',
731 silly tar     gname: '',
731 silly tar     size: 129753,
731 silly tar     mtime: 1985-10-26T08:15:00.000Z,
731 silly tar     atime: null,
731 silly tar     ctime: null,
731 silly tar     linkpath: '',
731 silly tar     absolute: '/run/media/ttf/4D68CCA27FA538EE/immo_tul/backend/node_modules/prisma/prisma-client/runtime/client.d.mts',
731 silly tar     Symbol(shapeMode): false,
731 silly tar     Symbol(kCapture): false,
731 silly tar     Symbol(flowing): false,
731 silly tar     Symbol(paused): true,
731 silly tar     Symbol(pipes): [ [Pipe] ],
731 silly tar     Symbol(buffer): [
731 silly tar       <Buffer 74 6f 46 69 78 65 64 28 64 65 63 69 6d 61 6c 50 6c 61 63 65 73 3f 3a 20 6e 75 6d 62 65 72 29 3a 20 73 74 72 69 6e 67 3b 0d 0a 20 20 20 20 74 6f 46 69 ... 16334 more bytes>,
731 silly tar       <Buffer 20 54 79 70 65 4d 61 70 44 65 66 2c 20 5f 30 20 65 78 74 65 6e 64 73 20 50 72 6f 70 65 72 74 79 4b 65 79 2c 20 5f 31 20 65 78 74 65 6e 64 73 20 50 72 ... 16334 more bytes>,
731 silly tar       <Buffer 74 72 69 6e 67 5d 3a 20 73 74 72 69 6e 67 20 7c 20 73 74 72 69 6e 67 5b 5d 20 7c 20 75 6e 64 65 66 69 6e 65 64 3b 0d 0a 20 20 20 20 7d 3b 0d 0a 20 20 ... 11040 more bytes>
731 silly tar     ],
731 silly tar     Symbol(objectMode): false,
731 silly tar     Symbol(encoding): null,
731 silly tar     Symbol(async): false,
731 silly tar     Symbol(decoder): null,
731 silly tar     Symbol(EOF): false,
731 silly tar     Symbol(emittedEnd): false,
731 silly tar     Symbol(emittingEnd): false,
731 silly tar     Symbol(closed): false,
731 silly tar     Symbol(emittedError): null,
731 silly tar     Symbol(bufferLength): 43858,
731 silly tar     Symbol(destroyed): false,
731 silly tar     Symbol(signal): undefined,
731 silly tar     Symbol(aborted): false,
731 silly tar     Symbol(dataListeners): 0,
731 silly tar     Symbol(discarded): false
731 silly tar   },
731 silly tar   cwd: '/run/media/ttf/4D68CCA27FA538EE/immo_tul/backend/node_modules/prisma',
731 silly tar   tarCode: 'TAR_ENTRY_ERROR'
731 silly tar }
732 warn tar TAR_ENTRY_ERROR ENOENT: no such file or directory, open '/run/media/ttf/4D68CCA27FA538EE/immo_tul/backend/node_modules/prisma/prisma-client/runtime/index-browser.d.mts'
733 silly tar TAR_ENTRY_ERROR ENOENT: no such file or directory, open '/run/media/ttf/4D68CCA27FA538EE/immo_tul/backend/node_modules/prisma/prisma-client/runtime/index-browser.d.mts' [Error: ENOENT: no such file or directory, open '/run/media/ttf/4D68CCA27FA538EE/immo_tul/backend/node_modules/prisma/prisma-client/runtime/index-browser.d.mts'] {
733 silly tar   errno: -2,
733 silly tar   code: 'ENOENT',
733 silly tar   syscall: 'open',
733 silly tar   path: '/run/media/ttf/4D68CCA27FA538EE/immo_tul/backend/node_modules/prisma/prisma-client/runtime/index-browser.d.mts',
733 silly tar   entry: ReadEntry {
733 silly tar     _events: [Object: null prototype] {},
733 silly tar     _eventsCount: 0,
733 silly tar     _maxListeners: undefined,
733 silly tar     writable: false,
733 silly tar     readable: false,
733 silly tar     extended: null,
733 silly tar     globalExtended: null,
733 silly tar     header: Header {
733 silly tar       cksumValid: true,
733 silly tar       needPax: false,
733 silly tar       nullBlock: false,
733 silly tar       block: null,
733 silly tar       path: 'package/prisma-client/runtime/index-browser.d.mts',
733 silly tar       mode: 420,
733 silly tar       uid: 0,
733 silly tar       gid: 0,
733 silly tar       size: 11915,
733 silly tar       mtime: 1985-10-26T08:15:00.000Z,
733 silly tar       cksum: 8590,
733 silly tar       linkpath: '',
733 silly tar       uname: '',
733 silly tar       gname: '',
733 silly tar       devmaj: 0,
733 silly tar       devmin: 0,
733 silly tar       atime: null,
733 silly tar       ctime: null,
733 silly tar       Symbol(type): '0'
733 silly tar     },
733 silly tar     startBlockSize: 12288,
733 silly tar     blockRemain: 0,
733 silly tar     remain: 0,
733 silly tar     type: 'File',
733 silly tar     meta: false,
733 silly tar     ignore: false,
733 silly tar     path: 'prisma-client/runtime/index-browser.d.mts',
733 silly tar     mode: 438,
733 silly tar     uid: 0,
733 silly tar     gid: 0,
733 silly tar     uname: '',
733 silly tar     gname: '',
733 silly tar     size: 11915,
733 silly tar     mtime: 1985-10-26T08:15:00.000Z,
733 silly tar     atime: null,
733 silly tar     ctime: null,
733 silly tar     linkpath: '',
733 silly tar     absolute: '/run/media/ttf/4D68CCA27FA538EE/immo_tul/backend/node_modules/prisma/prisma-client/runtime/index-browser.d.mts',
733 silly tar     Symbol(shapeMode): false,
733 silly tar     Symbol(kCapture): false,
733 silly tar     Symbol(flowing): false,
733 silly tar     Symbol(paused): true,
733 silly tar     Symbol(pipes): [ [Pipe] ],
733 silly tar     Symbol(buffer): [],
733 silly tar     Symbol(objectMode): false,
733 silly tar     Symbol(encoding): null,
733 silly tar     Symbol(async): false,
733 silly tar     Symbol(decoder): null,
733 silly tar     Symbol(EOF): true,
733 silly tar     Symbol(emittedEnd): true,
733 silly tar     Symbol(emittingEnd): false,
733 silly tar     Symbol(closed): false,
733 silly tar     Symbol(emittedError): null,
733 silly tar     Symbol(bufferLength): 0,
733 silly tar     Symbol(destroyed): false,
733 silly tar     Symbol(signal): undefined,
733 silly tar     Symbol(aborted): false,
733 silly tar     Symbol(dataListeners): 0,
733 silly tar     Symbol(discarded): false
733 silly tar   },
733 silly tar   cwd: '/run/media/ttf/4D68CCA27FA538EE/immo_tul/backend/node_modules/prisma',
733 silly tar   tarCode: 'TAR_ENTRY_ERROR'
733 silly tar }
734 warn tar TAR_ENTRY_ERROR ENOENT: no such file or directory, open '/run/media/ttf/4D68CCA27FA538EE/immo_tul/backend/node_modules/prisma/prisma-client/runtime/library.d.mts'
735 silly tar TAR_ENTRY_ERROR ENOENT: no such file or directory, open '/run/media/ttf/4D68CCA27FA538EE/immo_tul/backend/node_modules/prisma/prisma-client/runtime/library.d.mts' [Error: ENOENT: no such file or directory, open '/run/media/ttf/4D68CCA27FA538EE/immo_tul/backend/node_modules/prisma/prisma-client/runtime/library.d.mts'] {
735 silly tar   errno: -2,
735 silly tar   code: 'ENOENT',
735 silly tar   syscall: 'open',
735 silly tar   path: '/run/media/ttf/4D68CCA27FA538EE/immo_tul/backend/node_modules/prisma/prisma-client/runtime/library.d.mts',
735 silly tar   entry: ReadEntry {
735 silly tar     _events: [Object: null prototype] {
735 silly tar       end: [Function (anonymous)],
735 silly tar       drain: [Function]
735 silly tar     },
735 silly tar     _eventsCount: 2,
735 silly tar     _maxListeners: undefined,
735 silly tar     writable: true,
735 silly tar     readable: true,
735 silly tar     extended: null,
735 silly tar     globalExtended: null,
735 silly tar     header: Header {
735 silly tar       cksumValid: true,
735 silly tar       needPax: false,
735 silly tar       nullBlock: false,
735 silly tar       block: null,
735 silly tar       path: 'package/prisma-client/runtime/library.d.mts',
735 silly tar       mode: 420,
735 silly tar       uid: 0,
735 silly tar       gid: 0,
735 silly tar       size: 129753,
735 silly tar       mtime: 1985-10-26T08:15:00.000Z,
735 silly tar       cksum: 8001,
735 silly tar       linkpath: '',
735 silly tar       uname: '',
735 silly tar       gname: '',
735 silly tar       devmaj: 0,
735 silly tar       devmin: 0,
735 silly tar       atime: null,
735 silly tar       ctime: null,
735 silly tar       Symbol(type): '0'
735 silly tar     },
735 silly tar     startBlockSize: 130048,
735 silly tar     blockRemain: 62616,
735 silly tar     remain: 62321,
735 silly tar     type: 'File',
735 silly tar     meta: false,
735 silly tar     ignore: false,
735 silly tar     path: 'prisma-client/runtime/library.d.mts',
735 silly tar     mode: 438,
735 silly tar     uid: 0,
735 silly tar     gid: 0,
735 silly tar     uname: '',
735 silly tar     gname: '',
735 silly tar     size: 129753,
735 silly tar     mtime: 1985-10-26T08:15:00.000Z,
735 silly tar     atime: null,
735 silly tar     ctime: null,
735 silly tar     linkpath: '',
735 silly tar     absolute: '/run/media/ttf/4D68CCA27FA538EE/immo_tul/backend/node_modules/prisma/prisma-client/runtime/library.d.mts',
735 silly tar     Symbol(shapeMode): false,
735 silly tar     Symbol(kCapture): false,
735 silly tar     Symbol(flowing): false,
735 silly tar     Symbol(paused): true,
735 silly tar     Symbol(pipes): [ [Pipe] ],
735 silly tar     Symbol(buffer): [
735 silly tar       <Buffer 65 43 6f 6e 66 69 67 5b 27 63 6c 69 65 6e 74 56 65 72 73 69 6f 6e 27 5d 3b 0d 0a 20 20 20 20 65 6e 67 69 6e 65 56 65 72 73 69 6f 6e 3a 20 45 6e 67 69 ... 16334 more bytes>,
735 silly tar       <Buffer 0a 20 20 20 20 74 6f 48 65 78 61 64 65 63 69 6d 61 6c 28 73 69 67 6e 69 66 69 63 61 6e 74 44 69 67 69 74 73 3f 3a 20 6e 75 6d 62 65 72 29 3a 20 73 74 ... 16334 more bytes>,
735 silly tar       <Buffer 0a 2f 2a 2a 20 52 65 73 75 6c 74 20 2a 2f 0d 0a 65 78 70 6f 72 74 20 64 65 63 6c 61 72 65 20 74 79 70 65 20 44 79 6e 61 6d 69 63 52 65 73 75 6c 74 45 ... 16334 more bytes>,
735 silly tar       <Buffer 0a 7d 0d 0a 0d 0a 65 78 70 6f 72 74 20 64 65 63 6c 61 72 65 20 74 79 70 65 20 47 65 74 41 67 67 72 65 67 61 74 65 52 65 73 75 6c 74 3c 50 20 65 78 74 ... 16334 more bytes>,
735 silly tar       <Buffer 73 20 74 68 65 20 76 61 6c 75 65 20 6f 66 20 61 20 4a 53 4f 4e 20 66 69 65 6c 64 20 62 65 63 61 75 73 65 20 69 74 73 20 6d 65 61 6e 69 6e 67 0d 0a 20 ... 1324 more bytes>
735 silly tar     ],
735 silly tar     Symbol(objectMode): false,
735 silly tar     Symbol(encoding): null,
735 silly tar     Symbol(async): false,
735 silly tar     Symbol(decoder): null,
735 silly tar     Symbol(EOF): false,
735 silly tar     Symbol(emittedEnd): false,
735 silly tar     Symbol(emittingEnd): false,
735 silly tar     Symbol(closed): false,
735 silly tar     Symbol(emittedError): null,
735 silly tar     Symbol(bufferLength): 66910,
735 silly tar     Symbol(destroyed): false,
735 silly tar     Symbol(signal): undefined,
735 silly tar     Symbol(aborted): false,
735 silly tar     Symbol(dataListeners): 0,
735 silly tar     Symbol(discarded): false
735 silly tar   },
735 silly tar   cwd: '/run/media/ttf/4D68CCA27FA538EE/immo_tul/backend/node_modules/prisma',
735 silly tar   tarCode: 'TAR_ENTRY_ERROR'
735 silly tar }
736 warn tar TAR_ENTRY_ERROR ENOENT: no such file or directory, open '/run/media/ttf/4D68CCA27FA538EE/immo_tul/backend/node_modules/prisma/build/public/icon-1024.png'
737 silly tar TAR_ENTRY_ERROR ENOENT: no such file or directory, open '/run/media/ttf/4D68CCA27FA538EE/immo_tul/backend/node_modules/prisma/build/public/icon-1024.png' [Error: ENOENT: no such file or directory, open '/run/media/ttf/4D68CCA27FA538EE/immo_tul/backend/node_modules/prisma/build/public/icon-1024.png'] {
737 silly tar   errno: -2,
737 silly tar   code: 'ENOENT',
737 silly tar   syscall: 'open',
737 silly tar   path: '/run/media/ttf/4D68CCA27FA538EE/immo_tul/backend/node_modules/prisma/build/public/icon-1024.png',
737 silly tar   entry: ReadEntry {
737 silly tar     _events: [Object: null prototype] { end: [Function (anonymous)] },
737 silly tar     _eventsCount: 1,
737 silly tar     _maxListeners: undefined,
737 silly tar     writable: true,
737 silly tar     readable: true,
737 silly tar     extended: null,
737 silly tar     globalExtended: null,
737 silly tar     header: Header {
737 silly tar       cksumValid: true,
737 silly tar       needPax: false,
737 silly tar       nullBlock: false,
737 silly tar       block: null,
737 silly tar       path: 'package/build/public/icon-1024.png',
737 silly tar       mode: 420,
737 silly tar       uid: 0,
737 silly tar       gid: 0,
737 silly tar       size: 594165,
737 silly tar       mtime: 1985-10-26T08:15:00.000Z,
737 silly tar       cksum: 6808,
737 silly tar       linkpath: '',
737 silly tar       uname: '',
737 silly tar       gname: '',
737 silly tar       devmaj: 0,
737 silly tar       devmin: 0,
737 silly tar       atime: null,
737 silly tar       ctime: null,
737 silly tar       Symbol(type): '0'
737 silly tar     },
737 silly tar     startBlockSize: 594432,
737 silly tar     blockRemain: 592477,
737 silly tar     remain: 592210,
737 silly tar     type: 'File',
737 silly tar     meta: false,
737 silly tar     ignore: false,
737 silly tar     path: 'build/public/icon-1024.png',
737 silly tar     mode: 438,
737 silly tar     uid: 0,
737 silly tar     gid: 0,
737 silly tar     uname: '',
737 silly tar     gname: '',
737 silly tar     size: 594165,
737 silly tar     mtime: 1985-10-26T08:15:00.000Z,
737 silly tar     atime: null,
737 silly tar     ctime: null,
737 silly tar     linkpath: '',
737 silly tar     absolute: '/run/media/ttf/4D68CCA27FA538EE/immo_tul/backend/node_modules/prisma/build/public/icon-1024.png',
737 silly tar     Symbol(shapeMode): false,
737 silly tar     Symbol(kCapture): false,
737 silly tar     Symbol(flowing): false,
737 silly tar     Symbol(paused): true,
737 silly tar     Symbol(pipes): [ [Pipe] ],
737 silly tar     Symbol(buffer): [],
737 silly tar     Symbol(objectMode): false,
737 silly tar     Symbol(encoding): null,
737 silly tar     Symbol(async): false,
737 silly tar     Symbol(decoder): null,
737 silly tar     Symbol(EOF): false,
737 silly tar     Symbol(emittedEnd): false,
737 silly tar     Symbol(emittingEnd): false,
737 silly tar     Symbol(closed): false,
737 silly tar     Symbol(emittedError): null,
737 silly tar     Symbol(bufferLength): 0,
737 silly tar     Symbol(destroyed): false,
737 silly tar     Symbol(signal): undefined,
737 silly tar     Symbol(aborted): false,
737 silly tar     Symbol(dataListeners): 0,
737 silly tar     Symbol(discarded): false
737 silly tar   },
737 silly tar   cwd: '/run/media/ttf/4D68CCA27FA538EE/immo_tul/backend/node_modules/prisma',
737 silly tar   tarCode: 'TAR_ENTRY_ERROR'
737 silly tar }
738 warn tar TAR_ENTRY_ERROR ENOENT: no such file or directory, open '/run/media/ttf/4D68CCA27FA538EE/immo_tul/backend/node_modules/prisma/build/public/assets/alert.60ea9f84.svg'
739 silly tar TAR_ENTRY_ERROR ENOENT: no such file or directory, open '/run/media/ttf/4D68CCA27FA538EE/immo_tul/backend/node_modules/prisma/build/public/assets/alert.60ea9f84.svg' [Error: ENOENT: no such file or directory, open '/run/media/ttf/4D68CCA27FA538EE/immo_tul/backend/node_modules/prisma/build/public/assets/alert.60ea9f84.svg'] {
739 silly tar   errno: -2,
739 silly tar   code: 'ENOENT',
739 silly tar   syscall: 'open',
739 silly tar   path: '/run/media/ttf/4D68CCA27FA538EE/immo_tul/backend/node_modules/prisma/build/public/assets/alert.60ea9f84.svg',
739 silly tar   entry: ReadEntry {
739 silly tar     _events: [Object: null prototype] {},
739 silly tar     _eventsCount: 0,
739 silly tar     _maxListeners: undefined,
739 silly tar     writable: false,
739 silly tar     readable: false,
739 silly tar     extended: null,
739 silly tar     globalExtended: null,
739 silly tar     header: Header {
739 silly tar       cksumValid: true,
739 silly tar       needPax: false,
739 silly tar       nullBlock: false,
739 silly tar       block: null,
739 silly tar       path: 'package/build/public/assets/alert.60ea9f84.svg',
739 silly tar       mode: 420,
739 silly tar       uid: 0,
739 silly tar       gid: 0,
739 silly tar       size: 510,
739 silly tar       mtime: 1985-10-26T08:15:00.000Z,
739 silly tar       cksum: 8006,
739 silly tar       linkpath: '',
739 silly tar       uname: '',
739 silly tar       gname: '',
739 silly tar       devmaj: 0,
739 silly tar       devmin: 0,
739 silly tar       atime: null,
739 silly tar       ctime: null,
739 silly tar       Symbol(type): '0'
739 silly tar     },
739 silly tar     startBlockSize: 512,
739 silly tar     blockRemain: 0,
739 silly tar     remain: 0,
739 silly tar     type: 'File',
739 silly tar     meta: false,
739 silly tar     ignore: false,
739 silly tar     path: 'build/public/assets/alert.60ea9f84.svg',
739 silly tar     mode: 438,
739 silly tar     uid: 0,
739 silly tar     gid: 0,
739 silly tar     uname: '',
739 silly tar     gname: '',
739 silly tar     size: 510,
739 silly tar     mtime: 1985-10-26T08:15:00.000Z,
739 silly tar     atime: null,
739 silly tar     ctime: null,
739 silly tar     linkpath: '',
739 silly tar     absolute: '/run/media/ttf/4D68CCA27FA538EE/immo_tul/backend/node_modules/prisma/build/public/assets/alert.60ea9f84.svg',
739 silly tar     Symbol(shapeMode): false,
739 silly tar     Symbol(kCapture): false,
739 silly tar     Symbol(flowing): false,
739 silly tar     Symbol(paused): true,
739 silly tar     Symbol(pipes): [ [Pipe] ],
739 silly tar     Symbol(buffer): [],
739 silly tar     Symbol(objectMode): false,
739 silly tar     Symbol(encoding): null,
739 silly tar     Symbol(async): false,
739 silly tar     Symbol(decoder): null,
739 silly tar     Symbol(EOF): true,
739 silly tar     Symbol(emittedEnd): true,
739 silly tar     Symbol(emittingEnd): false,
739 silly tar     Symbol(closed): false,
739 silly tar     Symbol(emittedError): null,
739 silly tar     Symbol(bufferLength): 0,
739 silly tar     Symbol(destroyed): false,
739 silly tar     Symbol(signal): undefined,
739 silly tar     Symbol(aborted): false,
739 silly tar     Symbol(dataListeners): 0,
739 silly tar     Symbol(discarded): false
739 silly tar   },
739 silly tar   cwd: '/run/media/ttf/4D68CCA27FA538EE/immo_tul/backend/node_modules/prisma',
739 silly tar   tarCode: 'TAR_ENTRY_ERROR'
739 silly tar }
740 warn tar TAR_ENTRY_ERROR ENOENT: no such file or directory, open '/run/media/ttf/4D68CCA27FA538EE/immo_tul/backend/node_modules/prisma/build/public/assets/array.1a36c222.svg'
741 silly tar TAR_ENTRY_ERROR ENOENT: no such file or directory, open '/run/media/ttf/4D68CCA27FA538EE/immo_tul/backend/node_modules/prisma/build/public/assets/array.1a36c222.svg' [Error: ENOENT: no such file or directory, open '/run/media/ttf/4D68CCA27FA538EE/immo_tul/backend/node_modules/prisma/build/public/assets/array.1a36c222.svg'] {
741 silly tar   errno: -2,
741 silly tar   code: 'ENOENT',
741 silly tar   syscall: 'open',
741 silly tar   path: '/run/media/ttf/4D68CCA27FA538EE/immo_tul/backend/node_modules/prisma/build/public/assets/array.1a36c222.svg',
741 silly tar   entry: ReadEntry {
741 silly tar     _events: [Object: null prototype] {},
741 silly tar     _eventsCount: 0,
741 silly tar     _maxListeners: undefined,
741 silly tar     writable: false,
741 silly tar     readable: false,
741 silly tar     extended: null,
741 silly tar     globalExtended: null,
741 silly tar     header: Header {
741 silly tar       cksumValid: true,
741 silly tar       needPax: false,
741 silly tar       nullBlock: false,
741 silly tar       block: null,
741 silly tar       path: 'package/build/public/assets/array.1a36c222.svg',
741 silly tar       mode: 420,
741 silly tar       uid: 0,
741 silly tar       gid: 0,
741 silly tar       size: 207,
741 silly tar       mtime: 1985-10-26T08:15:00.000Z,
741 silly tar       cksum: 7937,
741 silly tar       linkpath: '',
741 silly tar       uname: '',
741 silly tar       gname: '',
741 silly tar       devmaj: 0,
741 silly tar       devmin: 0,
741 silly tar       atime: null,
741 silly tar       ctime: null,
741 silly tar       Symbol(type): '0'
741 silly tar     },
741 silly tar     startBlockSize: 512,
741 silly tar     blockRemain: 0,
741 silly tar     remain: 0,
741 silly tar     type: 'File',
741 silly tar     meta: false,
741 silly tar     ignore: false,
741 silly tar     path: 'build/public/assets/array.1a36c222.svg',
741 silly tar     mode: 438,
741 silly tar     uid: 0,
741 silly tar     gid: 0,
741 silly tar     uname: '',
741 silly tar     gname: '',
741 silly tar     size: 207,
741 silly tar     mtime: 1985-10-26T08:15:00.000Z,
741 silly tar     atime: null,
741 silly tar     ctime: null,
741 silly tar     linkpath: '',
741 silly tar     absolute: '/run/media/ttf/4D68CCA27FA538EE/immo_tul/backend/node_modules/prisma/build/public/assets/array.1a36c222.svg',
741 silly tar     Symbol(shapeMode): false,
741 silly tar     Symbol(kCapture): false,
741 silly tar     Symbol(flowing): false,
741 silly tar     Symbol(paused): true,
741 silly tar     Symbol(pipes): [ [Pipe] ],
741 silly tar     Symbol(buffer): [],
741 silly tar     Symbol(objectMode): false,
741 silly tar     Symbol(encoding): null,
741 silly tar     Symbol(async): false,
741 silly tar     Symbol(decoder): null,
741 silly tar     Symbol(EOF): true,
741 silly tar     Symbol(emittedEnd): true,
741 silly tar     Symbol(emittingEnd): false,
741 silly tar     Symbol(closed): false,
741 silly tar     Symbol(emittedError): null,
741 silly tar     Symbol(bufferLength): 0,
741 silly tar     Symbol(destroyed): false,
741 silly tar     Symbol(signal): undefined,
741 silly tar     Symbol(aborted): false,
741 silly tar     Symbol(dataListeners): 0,
741 silly tar     Symbol(discarded): false
741 silly tar   },
741 silly tar   cwd: '/run/media/ttf/4D68CCA27FA538EE/immo_tul/backend/node_modules/prisma',
741 silly tar   tarCode: 'TAR_ENTRY_ERROR'
741 silly tar }
742 warn tar TAR_ENTRY_ERROR ENOENT: no such file or directory, open '/run/media/ttf/4D68CCA27FA538EE/immo_tul/backend/node_modules/prisma/build/public/assets/boolean.9188b434.svg'
743 silly tar TAR_ENTRY_ERROR ENOENT: no such file or directory, open '/run/media/ttf/4D68CCA27FA538EE/immo_tul/backend/node_modules/prisma/build/public/assets/boolean.9188b434.svg' [Error: ENOENT: no such file or directory, open '/run/media/ttf/4D68CCA27FA538EE/immo_tul/backend/node_modules/prisma/build/public/assets/boolean.9188b434.svg'] {
743 silly tar   errno: -2,
743 silly tar   code: 'ENOENT',
743 silly tar   syscall: 'open',
743 silly tar   path: '/run/media/ttf/4D68CCA27FA538EE/immo_tul/backend/node_modules/prisma/build/public/assets/boolean.9188b434.svg',
743 silly tar   entry: ReadEntry {
743 silly tar     _events: [Object: null prototype] {},
743 silly tar     _eventsCount: 0,
743 silly tar     _maxListeners: undefined,
743 silly tar     writable: false,
743 silly tar     readable: false,
743 silly tar     extended: null,
743 silly tar     globalExtended: null,
743 silly tar     header: Header {
743 silly tar       cksumValid: true,
743 silly tar       needPax: false,
743 silly tar       nullBlock: false,
743 silly tar       block: null,
743 silly tar       path: 'package/build/public/assets/boolean.9188b434.svg',
743 silly tar       mode: 420,
743 silly tar       uid: 0,
743 silly tar       gid: 0,
743 silly tar       size: 430,
743 silly tar       mtime: 1985-10-26T08:15:00.000Z,
743 silly tar       cksum: 8107,
743 silly tar       linkpath: '',
743 silly tar       uname: '',
743 silly tar       gname: '',
743 silly tar       devmaj: 0,
743 silly tar       devmin: 0,
743 silly tar       atime: null,
743 silly tar       ctime: null,
743 silly tar       Symbol(type): '0'
743 silly tar     },
743 silly tar     startBlockSize: 512,
743 silly tar     blockRemain: 0,
743 silly tar     remain: 0,
743 silly tar     type: 'File',
743 silly tar     meta: false,
743 silly tar     ignore: false,
743 silly tar     path: 'build/public/assets/boolean.9188b434.svg',
743 silly tar     mode: 438,
743 silly tar     uid: 0,
743 silly tar     gid: 0,
743 silly tar     uname: '',
743 silly tar     gname: '',
743 silly tar     size: 430,
743 silly tar     mtime: 1985-10-26T08:15:00.000Z,
743 silly tar     atime: null,
743 silly tar     ctime: null,
743 silly tar     linkpath: '',
743 silly tar     absolute: '/run/media/ttf/4D68CCA27FA538EE/immo_tul/backend/node_modules/prisma/build/public/assets/boolean.9188b434.svg',
743 silly tar     Symbol(shapeMode): false,
743 silly tar     Symbol(kCapture): false,
743 silly tar     Symbol(flowing): false,
743 silly tar     Symbol(paused): true,
743 silly tar     Symbol(pipes): [ [Pipe] ],
743 silly tar     Symbol(buffer): [],
743 silly tar     Symbol(objectMode): false,
743 silly tar     Symbol(encoding): null,
743 silly tar     Symbol(async): false,
743 silly tar     Symbol(decoder): null,
743 silly tar     Symbol(EOF): true,
743 silly tar     Symbol(emittedEnd): true,
743 silly tar     Symbol(emittingEnd): false,
743 silly tar     Symbol(closed): false,
743 silly tar     Symbol(emittedError): null,
743 silly tar     Symbol(bufferLength): 0,
743 silly tar     Symbol(destroyed): false,
743 silly tar     Symbol(signal): undefined,
743 silly tar     Symbol(aborted): false,
743 silly tar     Symbol(dataListeners): 0,
743 silly tar     Symbol(discarded): false
743 silly tar   },
743 silly tar   cwd: '/run/media/ttf/4D68CCA27FA538EE/immo_tul/backend/node_modules/prisma',
743 silly tar   tarCode: 'TAR_ENTRY_ERROR'
743 silly tar }
744 warn tar TAR_ENTRY_ERROR ENOENT: no such file or directory, open '/run/media/ttf/4D68CCA27FA538EE/immo_tul/backend/node_modules/prisma/build/public/assets/chevron-down.24f76e3c.svg'
745 silly tar TAR_ENTRY_ERROR ENOENT: no such file or directory, open '/run/media/ttf/4D68CCA27FA538EE/immo_tul/backend/node_modules/prisma/build/public/assets/chevron-down.24f76e3c.svg' [Error: ENOENT: no such file or directory, open '/run/media/ttf/4D68CCA27FA538EE/immo_tul/backend/node_modules/prisma/build/public/assets/chevron-down.24f76e3c.svg'] {
745 silly tar   errno: -2,
745 silly tar   code: 'ENOENT',
745 silly tar   syscall: 'open',
745 silly tar   path: '/run/media/ttf/4D68CCA27FA538EE/immo_tul/backend/node_modules/prisma/build/public/assets/chevron-down.24f76e3c.svg',
745 silly tar   entry: ReadEntry {
745 silly tar     _events: [Object: null prototype] {},
745 silly tar     _eventsCount: 0,
745 silly tar     _maxListeners: undefined,
745 silly tar     writable: false,
745 silly tar     readable: false,
745 silly tar     extended: null,
745 silly tar     globalExtended: null,
745 silly tar     header: Header {
745 silly tar       cksumValid: true,
745 silly tar       needPax: false,
745 silly tar       nullBlock: false,
745 silly tar       block: null,
745 silly tar       path: 'package/build/public/assets/chevron-down.24f76e3c.svg',
745 silly tar       mode: 420,
745 silly tar       uid: 0,
745 silly tar       gid: 0,
745 silly tar       size: 136,
745 silly tar       mtime: 1985-10-26T08:15:00.000Z,
745 silly tar       cksum: 8692,
745 silly tar       linkpath: '',
745 silly tar       uname: '',
745 silly tar       gname: '',
745 silly tar       devmaj: 0,
745 silly tar       devmin: 0,
745 silly tar       atime: null,
745 silly tar       ctime: null,
745 silly tar       Symbol(type): '0'
745 silly tar     },
745 silly tar     startBlockSize: 512,
745 silly tar     blockRemain: 0,
745 silly tar     remain: 0,
745 silly tar     type: 'File',
745 silly tar     meta: false,
745 silly tar     ignore: false,
745 silly tar     path: 'build/public/assets/chevron-down.24f76e3c.svg',
745 silly tar     mode: 438,
745 silly tar     uid: 0,
745 silly tar     gid: 0,
745 silly tar     uname: '',
745 silly tar     gname: '',
745 silly tar     size: 136,
745 silly tar     mtime: 1985-10-26T08:15:00.000Z,
745 silly tar     atime: null,
745 silly tar     ctime: null,
745 silly tar     linkpath: '',
745 silly tar     absolute: '/run/media/ttf/4D68CCA27FA538EE/immo_tul/backend/node_modules/prisma/build/public/assets/chevron-down.24f76e3c.svg',
745 silly tar     Symbol(shapeMode): false,
745 silly tar     Symbol(kCapture): false,
745 silly tar     Symbol(flowing): false,
745 silly tar     Symbol(paused): true,
745 silly tar     Symbol(pipes): [ [Pipe] ],
745 silly tar     Symbol(buffer): [],
745 silly tar     Symbol(objectMode): false,
745 silly tar     Symbol(encoding): null,
745 silly tar     Symbol(async): false,
745 silly tar     Symbol(decoder): null,
745 silly tar     Symbol(EOF): true,
745 silly tar     Symbol(emittedEnd): true,
745 silly tar     Symbol(emittingEnd): false,
745 silly tar     Symbol(closed): false,
745 silly tar     Symbol(emittedError): null,
745 silly tar     Symbol(bufferLength): 0,
745 silly tar     Symbol(destroyed): false,
745 silly tar     Symbol(signal): undefined,
745 silly tar     Symbol(aborted): false,
745 silly tar     Symbol(dataListeners): 0,
745 silly tar     Symbol(discarded): false
745 silly tar   },
745 silly tar   cwd: '/run/media/ttf/4D68CCA27FA538EE/immo_tul/backend/node_modules/prisma',
745 silly tar   tarCode: 'TAR_ENTRY_ERROR'
745 silly tar }
746 warn tar TAR_ENTRY_ERROR ENOENT: no such file or directory, open '/run/media/ttf/4D68CCA27FA538EE/immo_tul/backend/node_modules/prisma/build/public/assets/cross.c2610cf5.svg'
747 silly tar TAR_ENTRY_ERROR ENOENT: no such file or directory, open '/run/media/ttf/4D68CCA27FA538EE/immo_tul/backend/node_modules/prisma/build/public/assets/cross.c2610cf5.svg' [Error: ENOENT: no such file or directory, open '/run/media/ttf/4D68CCA27FA538EE/immo_tul/backend/node_modules/prisma/build/public/assets/cross.c2610cf5.svg'] {
747 silly tar   errno: -2,
747 silly tar   code: 'ENOENT',
747 silly tar   syscall: 'open',
747 silly tar   path: '/run/media/ttf/4D68CCA27FA538EE/immo_tul/backend/node_modules/prisma/build/public/assets/cross.c2610cf5.svg',
747 silly tar   entry: ReadEntry {
747 silly tar     _events: [Object: null prototype] {},
747 silly tar     _eventsCount: 0,
747 silly tar     _maxListeners: undefined,
747 silly tar     writable: false,
747 silly tar     readable: false,
747 silly tar     extended: null,
747 silly tar     globalExtended: null,
747 silly tar     header: Header {
747 silly tar       cksumValid: true,
747 silly tar       needPax: false,
747 silly tar       nullBlock: false,
747 silly tar       block: null,
747 silly tar       path: 'package/build/public/assets/cross.c2610cf5.svg',
747 silly tar       mode: 420,
747 silly tar       uid: 0,
747 silly tar       gid: 0,
747 silly tar       size: 823,
747 silly tar       mtime: 1985-10-26T08:15:00.000Z,
747 silly tar       cksum: 8009,
747 silly tar       linkpath: '',
747 silly tar       uname: '',
747 silly tar       gname: '',
747 silly tar       devmaj: 0,
747 silly tar       devmin: 0,
747 silly tar       atime: null,
747 silly tar       ctime: null,
747 silly tar       Symbol(type): '0'
747 silly tar     },
747 silly tar     startBlockSize: 1024,
747 silly tar     blockRemain: 0,
747 silly tar     remain: 0,
747 silly tar     type: 'File',
747 silly tar     meta: false,
747 silly tar     ignore: false,
747 silly tar     path: 'build/public/assets/cross.c2610cf5.svg',
747 silly tar     mode: 438,
747 silly tar     uid: 0,
747 silly tar     gid: 0,
747 silly tar     uname: '',
747 silly tar     gname: '',
747 silly tar     size: 823,
747 silly tar     mtime: 1985-10-26T08:15:00.000Z,
747 silly tar     atime: null,
747 silly tar     ctime: null,
747 silly tar     linkpath: '',
747 silly tar     absolute: '/run/media/ttf/4D68CCA27FA538EE/immo_tul/backend/node_modules/prisma/build/public/assets/cross.c2610cf5.svg',
747 silly tar     Symbol(shapeMode): false,
747 silly tar     Symbol(kCapture): false,
747 silly tar     Symbol(flowing): false,
747 silly tar     Symbol(paused): true,
747 silly tar     Symbol(pipes): [ [Pipe] ],
747 silly tar     Symbol(buffer): [],
747 silly tar     Symbol(objectMode): false,
747 silly tar     Symbol(encoding): null,
747 silly tar     Symbol(async): false,
747 silly tar     Symbol(decoder): null,
747 silly tar     Symbol(EOF): true,
747 silly tar     Symbol(emittedEnd): true,
747 silly tar     Symbol(emittingEnd): false,
747 silly tar     Symbol(closed): false,
747 silly tar     Symbol(emittedError): null,
747 silly tar     Symbol(bufferLength): 0,
747 silly tar     Symbol(destroyed): false,
747 silly tar     Symbol(signal): undefined,
747 silly tar     Symbol(aborted): false,
747 silly tar     Symbol(dataListeners): 0,
747 silly tar     Symbol(discarded): false
747 silly tar   },
747 silly tar   cwd: '/run/media/ttf/4D68CCA27FA538EE/immo_tul/backend/node_modules/prisma',
747 silly tar   tarCode: 'TAR_ENTRY_ERROR'
747 silly tar }
748 warn tar TAR_ENTRY_ERROR ENOENT: no such file or directory, open '/run/media/ttf/4D68CCA27FA538EE/immo_tul/backend/node_modules/prisma/build/public/assets/datetime.a3bf710a.svg'
749 silly tar TAR_ENTRY_ERROR ENOENT: no such file or directory, open '/run/media/ttf/4D68CCA27FA538EE/immo_tul/backend/node_modules/prisma/build/public/assets/datetime.a3bf710a.svg' [Error: ENOENT: no such file or directory, open '/run/media/ttf/4D68CCA27FA538EE/immo_tul/backend/node_modules/prisma/build/public/assets/datetime.a3bf710a.svg'] {
749 silly tar   errno: -2,
749 silly tar   code: 'ENOENT',
749 silly tar   syscall: 'open',
749 silly tar   path: '/run/media/ttf/4D68CCA27FA538EE/immo_tul/backend/node_modules/prisma/build/public/assets/datetime.a3bf710a.svg',
749 silly tar   entry: ReadEntry {
749 silly tar     _events: [Object: null prototype] {},
749 silly tar     _eventsCount: 0,
749 silly tar     _maxListeners: undefined,
749 silly tar     writable: false,
749 silly tar     readable: false,
749 silly tar     extended: null,
749 silly tar     globalExtended: null,
749 silly tar     header: Header {
749 silly tar       cksumValid: true,
749 silly tar       needPax: false,
749 silly tar       nullBlock: false,
749 silly tar       block: null,
749 silly tar       path: 'package/build/public/assets/datetime.a3bf710a.svg',
749 silly tar       mode: 420,
749 silly tar       uid: 0,
749 silly tar       gid: 0,
749 silly tar       size: 329,
749 silly tar       mtime: 1985-10-26T08:15:00.000Z,
749 silly tar       cksum: 8332,
749 silly tar       linkpath: '',
749 silly tar       uname: '',
749 silly tar       gname: '',
749 silly tar       devmaj: 0,
749 silly tar       devmin: 0,
749 silly tar       atime: null,
749 silly tar       ctime: null,
749 silly tar       Symbol(type): '0'
749 silly tar     },
749 silly tar     startBlockSize: 512,
749 silly tar     blockRemain: 0,
749 silly tar     remain: 0,
749 silly tar     type: 'File',
749 silly tar     meta: false,
749 silly tar     ignore: false,
749 silly tar     path: 'build/public/assets/datetime.a3bf710a.svg',
749 silly tar     mode: 438,
749 silly tar     uid: 0,
749 silly tar     gid: 0,
749 silly tar     uname: '',
749 silly tar     gname: '',
749 silly tar     size: 329,
749 silly tar     mtime: 1985-10-26T08:15:00.000Z,
749 silly tar     atime: null,
749 silly tar     ctime: null,
749 silly tar     linkpath: '',
749 silly tar     absolute: '/run/media/ttf/4D68CCA27FA538EE/immo_tul/backend/node_modules/prisma/build/public/assets/datetime.a3bf710a.svg',
749 silly tar     Symbol(shapeMode): false,
749 silly tar     Symbol(kCapture): false,
749 silly tar     Symbol(flowing): false,
749 silly tar     Symbol(paused): true,
749 silly tar     Symbol(pipes): [ [Pipe] ],
749 silly tar     Symbol(buffer): [],
749 silly tar     Symbol(objectMode): false,
749 silly tar     Symbol(encoding): null,
749 silly tar     Symbol(async): false,
749 silly tar     Symbol(decoder): null,
749 silly tar     Symbol(EOF): true,
749 silly tar     Symbol(emittedEnd): true,
749 silly tar     Symbol(emittingEnd): false,
749 silly tar     Symbol(closed): false,
749 silly tar     Symbol(emittedError): null,
749 silly tar     Symbol(bufferLength): 0,
749 silly tar     Symbol(destroyed): false,
749 silly tar     Symbol(signal): undefined,
749 silly tar     Symbol(aborted): false,
749 silly tar     Symbol(dataListeners): 0,
749 silly tar     Symbol(discarded): false
749 silly tar   },
749 silly tar   cwd: '/run/media/ttf/4D68CCA27FA538EE/immo_tul/backend/node_modules/prisma',
749 silly tar   tarCode: 'TAR_ENTRY_ERROR'
749 silly tar }
750 warn tar TAR_ENTRY_ERROR ENOENT: no such file or directory, open '/run/media/ttf/4D68CCA27FA538EE/immo_tul/backend/node_modules/prisma/build/public/assets/download.8d34b65a.svg'
751 silly tar TAR_ENTRY_ERROR ENOENT: no such file or directory, open '/run/media/ttf/4D68CCA27FA538EE/immo_tul/backend/node_modules/prisma/build/public/assets/download.8d34b65a.svg' [Error: ENOENT: no such file or directory, open '/run/media/ttf/4D68CCA27FA538EE/immo_tul/backend/node_modules/prisma/build/public/assets/download.8d34b65a.svg'] {
751 silly tar   errno: -2,
751 silly tar   code: 'ENOENT',
751 silly tar   syscall: 'open',
751 silly tar   path: '/run/media/ttf/4D68CCA27FA538EE/immo_tul/backend/node_modules/prisma/build/public/assets/download.8d34b65a.svg',
751 silly tar   entry: ReadEntry {
751 silly tar     _events: [Object: null prototype] {},
751 silly tar     _eventsCount: 0,
751 silly tar     _maxListeners: undefined,
751 silly tar     writable: false,
751 silly tar     readable: false,
751 silly tar     extended: null,
751 silly tar     globalExtended: null,
751 silly tar     header: Header {
751 silly tar       cksumValid: true,
751 silly tar       needPax: false,
751 silly tar       nullBlock: false,
751 silly tar       block: null,
751 silly tar       path: 'package/build/public/assets/download.8d34b65a.svg',
751 silly tar       mode: 420,
751 silly tar       uid: 0,
751 silly tar       gid: 0,
751 silly tar       size: 945,
751 silly tar       mtime: 1985-10-26T08:15:00.000Z,
751 silly tar       cksum: 8314,
751 silly tar       linkpath: '',
751 silly tar       uname: '',
751 silly tar       gname: '',
751 silly tar       devmaj: 0,
751 silly tar       devmin: 0,
751 silly tar       atime: null,
751 silly tar       ctime: null,
751 silly tar       Symbol(type): '0'
751 silly tar     },
751 silly tar     startBlockSize: 1024,
751 silly tar     blockRemain: 0,
751 silly tar     remain: 0,
751 silly tar     type: 'File',
751 silly tar     meta: false,
751 silly tar     ignore: false,
751 silly tar     path: 'build/public/assets/download.8d34b65a.svg',
751 silly tar     mode: 438,
751 silly tar     uid: 0,
751 silly tar     gid: 0,
751 silly tar     uname: '',
751 silly tar     gname: '',
751 silly tar     size: 945,
751 silly tar     mtime: 1985-10-26T08:15:00.000Z,
751 silly tar     atime: null,
751 silly tar     ctime: null,
751 silly tar     linkpath: '',
751 silly tar     absolute: '/run/media/ttf/4D68CCA27FA538EE/immo_tul/backend/node_modules/prisma/build/public/assets/download.8d34b65a.svg',
751 silly tar     Symbol(shapeMode): false,
751 silly tar     Symbol(kCapture): false,
751 silly tar     Symbol(flowing): false,
751 silly tar     Symbol(paused): true,
751 silly tar     Symbol(pipes): [ [Pipe] ],
751 silly tar     Symbol(buffer): [],
751 silly tar     Symbol(objectMode): false,
751 silly tar     Symbol(encoding): null,
751 silly tar     Symbol(async): false,
751 silly tar     Symbol(decoder): null,
751 silly tar     Symbol(EOF): true,
751 silly tar     Symbol(emittedEnd): true,
751 silly tar     Symbol(emittingEnd): false,
751 silly tar     Symbol(closed): false,
751 silly tar     Symbol(emittedError): null,
751 silly tar     Symbol(bufferLength): 0,
751 silly tar     Symbol(destroyed): false,
751 silly tar     Symbol(signal): undefined,
751 silly tar     Symbol(aborted): false,
751 silly tar     Symbol(dataListeners): 0,
751 silly tar     Symbol(discarded): false
751 silly tar   },
751 silly tar   cwd: '/run/media/ttf/4D68CCA27FA538EE/immo_tul/backend/node_modules/prisma',
751 silly tar   tarCode: 'TAR_ENTRY_ERROR'
751 silly tar }
752 warn tar TAR_ENTRY_ERROR ENOENT: no such file or directory, open '/run/media/ttf/4D68CCA27FA538EE/immo_tul/backend/node_modules/prisma/build/public/assets/ellipsis.a8c5a34a.svg'
753 silly tar TAR_ENTRY_ERROR ENOENT: no such file or directory, open '/run/media/ttf/4D68CCA27FA538EE/immo_tul/backend/node_modules/prisma/build/public/assets/ellipsis.a8c5a34a.svg' [Error: ENOENT: no such file or directory, open '/run/media/ttf/4D68CCA27FA538EE/immo_tul/backend/node_modules/prisma/build/public/assets/ellipsis.a8c5a34a.svg'] {
753 silly tar   errno: -2,
753 silly tar   code: 'ENOENT',
753 silly tar   syscall: 'open',
753 silly tar   path: '/run/media/ttf/4D68CCA27FA538EE/immo_tul/backend/node_modules/prisma/build/public/assets/ellipsis.a8c5a34a.svg',
753 silly tar   entry: ReadEntry {
753 silly tar     _events: [Object: null prototype] {},
753 silly tar     _eventsCount: 0,
753 silly tar     _maxListeners: undefined,
753 silly tar     writable: false,
753 silly tar     readable: false,
753 silly tar     extended: null,
753 silly tar     globalExtended: null,
753 silly tar     header: Header {
753 silly tar       cksumValid: true,
753 silly tar       needPax: false,
753 silly tar       nullBlock: false,
753 silly tar       block: null,
753 silly tar       path: 'package/build/public/assets/ellipsis.a8c5a34a.svg',
753 silly tar       mode: 420,
753 silly tar       uid: 0,
753 silly tar       gid: 0,
753 silly tar       size: 195,
753 silly tar       mtime: 1985-10-26T08:15:00.000Z,
753 silly tar       cksum: 8360,
753 silly tar       linkpath: '',
753 silly tar       uname: '',
753 silly tar       gname: '',
753 silly tar       devmaj: 0,
753 silly tar       devmin: 0,
753 silly tar       atime: null,
753 silly tar       ctime: null,
753 silly tar       Symbol(type): '0'
753 silly tar     },
753 silly tar     startBlockSize: 512,
753 silly tar     blockRemain: 0,
753 silly tar     remain: 0,
753 silly tar     type: 'File',
753 silly tar     meta: false,
753 silly tar     ignore: false,
753 silly tar     path: 'build/public/assets/ellipsis.a8c5a34a.svg',
753 silly tar     mode: 438,
753 silly tar     uid: 0,
753 silly tar     gid: 0,
753 silly tar     uname: '',
753 silly tar     gname: '',
753 silly tar     size: 195,
753 silly tar     mtime: 1985-10-26T08:15:00.000Z,
753 silly tar     atime: null,
753 silly tar     ctime: null,
753 silly tar     linkpath: '',
753 silly tar     absolute: '/run/media/ttf/4D68CCA27FA538EE/immo_tul/backend/node_modules/prisma/build/public/assets/ellipsis.a8c5a34a.svg',
753 silly tar     Symbol(shapeMode): false,
753 silly tar     Symbol(kCapture): false,
753 silly tar     Symbol(flowing): false,
753 silly tar     Symbol(paused): true,
753 silly tar     Symbol(pipes): [ [Pipe] ],
753 silly tar     Symbol(buffer): [],
753 silly tar     Symbol(objectMode): false,
753 silly tar     Symbol(encoding): null,
753 silly tar     Symbol(async): false,
753 silly tar     Symbol(decoder): null,
753 silly tar     Symbol(EOF): true,
753 silly tar     Symbol(emittedEnd): true,
753 silly tar     Symbol(emittingEnd): false,
753 silly tar     Symbol(closed): false,
753 silly tar     Symbol(emittedError): null,
753 silly tar     Symbol(bufferLength): 0,
753 silly tar     Symbol(destroyed): false,
753 silly tar     Symbol(signal): undefined,
753 silly tar     Symbol(aborted): false,
753 silly tar     Symbol(dataListeners): 0,
753 silly tar     Symbol(discarded): false
753 silly tar   },
753 silly tar   cwd: '/run/media/ttf/4D68CCA27FA538EE/immo_tul/backend/node_modules/prisma',
753 silly tar   tarCode: 'TAR_ENTRY_ERROR'
753 silly tar }
754 warn tar TAR_ENTRY_ERROR ENOENT: no such file or directory, open '/run/media/ttf/4D68CCA27FA538EE/immo_tul/backend/node_modules/prisma/build/public/assets/enum.7ec0b64c.svg'
755 silly tar TAR_ENTRY_ERROR ENOENT: no such file or directory, open '/run/media/ttf/4D68CCA27FA538EE/immo_tul/backend/node_modules/prisma/build/public/assets/enum.7ec0b64c.svg' [Error: ENOENT: no such file or directory, open '/run/media/ttf/4D68CCA27FA538EE/immo_tul/backend/node_modules/prisma/build/public/assets/enum.7ec0b64c.svg'] {
755 silly tar   errno: -2,
755 silly tar   code: 'ENOENT',
755 silly tar   syscall: 'open',
755 silly tar   path: '/run/media/ttf/4D68CCA27FA538EE/immo_tul/backend/node_modules/prisma/build/public/assets/enum.7ec0b64c.svg',
755 silly tar   entry: ReadEntry {
755 silly tar     _events: [Object: null prototype] {},
755 silly tar     _eventsCount: 0,
755 silly tar     _maxListeners: undefined,
755 silly tar     writable: false,
755 silly tar     readable: false,
755 silly tar     extended: null,
755 silly tar     globalExtended: null,
755 silly tar     header: Header {
755 silly tar       cksumValid: true,
755 silly tar       needPax: false,
755 silly tar       nullBlock: false,
755 silly tar       block: null,
755 silly tar       path: 'package/build/public/assets/enum.7ec0b64c.svg',
755 silly tar       mode: 420,
755 silly tar       uid: 0,
755 silly tar       gid: 0,
755 silly tar       size: 309,
755 silly tar       mtime: 1985-10-26T08:15:00.000Z,
755 silly tar       cksum: 7941,
755 silly tar       linkpath: '',
755 silly tar       uname: '',
755 silly tar       gname: '',
755 silly tar       devmaj: 0,
755 silly tar       devmin: 0,
755 silly tar       atime: null,
755 silly tar       ctime: null,
755 silly tar       Symbol(type): '0'
755 silly tar     },
755 silly tar     startBlockSize: 512,
755 silly tar     blockRemain: 0,
755 silly tar     remain: 0,
755 silly tar     type: 'File',
755 silly tar     meta: false,
755 silly tar     ignore: false,
755 silly tar     path: 'build/public/assets/enum.7ec0b64c.svg',
755 silly tar     mode: 438,
755 silly tar     uid: 0,
755 silly tar     gid: 0,
755 silly tar     uname: '',
755 silly tar     gname: '',
755 silly tar     size: 309,
755 silly tar     mtime: 1985-10-26T08:15:00.000Z,
755 silly tar     atime: null,
755 silly tar     ctime: null,
755 silly tar     linkpath: '',
755 silly tar     absolute: '/run/media/ttf/4D68CCA27FA538EE/immo_tul/backend/node_modules/prisma/build/public/assets/enum.7ec0b64c.svg',
755 silly tar     Symbol(shapeMode): false,
755 silly tar     Symbol(kCapture): false,
755 silly tar     Symbol(flowing): false,
755 silly tar     Symbol(paused): true,
755 silly tar     Symbol(pipes): [ [Pipe] ],
755 silly tar     Symbol(buffer): [],
755 silly tar     Symbol(objectMode): false,
755 silly tar     Symbol(encoding): null,
755 silly tar     Symbol(async): false,
755 silly tar     Symbol(decoder): null,
755 silly tar     Symbol(EOF): true,
755 silly tar     Symbol(emittedEnd): true,
755 silly tar     Symbol(emittingEnd): false,
755 silly tar     Symbol(closed): false,
755 silly tar     Symbol(emittedError): null,
755 silly tar     Symbol(bufferLength): 0,
755 silly tar     Symbol(destroyed): false,
755 silly tar     Symbol(signal): undefined,
755 silly tar     Symbol(aborted): false,
755 silly tar     Symbol(dataListeners): 0,
755 silly tar     Symbol(discarded): false
755 silly tar   },
755 silly tar   cwd: '/run/media/ttf/4D68CCA27FA538EE/immo_tul/backend/node_modules/prisma',
755 silly tar   tarCode: 'TAR_ENTRY_ERROR'
755 silly tar }
756 warn tar TAR_ENTRY_ERROR ENOENT: no such file or directory, open '/run/media/ttf/4D68CCA27FA538EE/immo_tul/backend/node_modules/prisma/build/public/favicon.svg'
757 silly tar TAR_ENTRY_ERROR ENOENT: no such file or directory, open '/run/media/ttf/4D68CCA27FA538EE/immo_tul/backend/node_modules/prisma/build/public/favicon.svg' [Error: ENOENT: no such file or directory, open '/run/media/ttf/4D68CCA27FA538EE/immo_tul/backend/node_modules/prisma/build/public/favicon.svg'] {
757 silly tar   errno: -2,
757 silly tar   code: 'ENOENT',
757 silly tar   syscall: 'open',
757 silly tar   path: '/run/media/ttf/4D68CCA27FA538EE/immo_tul/backend/node_modules/prisma/build/public/favicon.svg',
757 silly tar   entry: ReadEntry {
757 silly tar     _events: [Object: null prototype] {},
757 silly tar     _eventsCount: 0,
757 silly tar     _maxListeners: undefined,
757 silly tar     writable: false,
757 silly tar     readable: false,
757 silly tar     extended: null,
757 silly tar     globalExtended: null,
757 silly tar     header: Header {
757 silly tar       cksumValid: true,
757 silly tar       needPax: false,
757 silly tar       nullBlock: false,
757 silly tar       block: null,
757 silly tar       path: 'package/build/public/favicon.svg',
757 silly tar       mode: 420,
757 silly tar       uid: 0,
757 silly tar       gid: 0,
757 silly tar       size: 627,
757 silly tar       mtime: 1985-10-26T08:15:00.000Z,
757 silly tar       cksum: 6884,
757 silly tar       linkpath: '',
757 silly tar       uname: '',
757 silly tar       gname: '',
757 silly tar       devmaj: 0,
757 silly tar       devmin: 0,
757 silly tar       atime: null,
757 silly tar       ctime: null,
757 silly tar       Symbol(type): '0'
757 silly tar     },
757 silly tar     startBlockSize: 1024,
757 silly tar     blockRemain: 0,
757 silly tar     remain: 0,
757 silly tar     type: 'File',
757 silly tar     meta: false,
757 silly tar     ignore: false,
757 silly tar     path: 'build/public/favicon.svg',
757 silly tar     mode: 438,
757 silly tar     uid: 0,
757 silly tar     gid: 0,
757 silly tar     uname: '',
757 silly tar     gname: '',
757 silly tar     size: 627,
757 silly tar     mtime: 1985-10-26T08:15:00.000Z,
757 silly tar     atime: null,
757 silly tar     ctime: null,
757 silly tar     linkpath: '',
757 silly tar     absolute: '/run/media/ttf/4D68CCA27FA538EE/immo_tul/backend/node_modules/prisma/build/public/favicon.svg',
757 silly tar     Symbol(shapeMode): false,
757 silly tar     Symbol(kCapture): false,
757 silly tar     Symbol(flowing): false,
757 silly tar     Symbol(paused): true,
757 silly tar     Symbol(pipes): [ [Pipe] ],
757 silly tar     Symbol(buffer): [],
757 silly tar     Symbol(objectMode): false,
757 silly tar     Symbol(encoding): null,
757 silly tar     Symbol(async): false,
757 silly tar     Symbol(decoder): null,
757 silly tar     Symbol(EOF): true,
757 silly tar     Symbol(emittedEnd): true,
757 silly tar     Symbol(emittingEnd): false,
757 silly tar     Symbol(closed): false,
757 silly tar     Symbol(emittedError): null,
757 silly tar     Symbol(bufferLength): 0,
757 silly tar     Symbol(destroyed): false,
757 silly tar     Symbol(signal): undefined,
757 silly tar     Symbol(aborted): false,
757 silly tar     Symbol(dataListeners): 0,
757 silly tar     Symbol(discarded): false
757 silly tar   },
757 silly tar   cwd: '/run/media/ttf/4D68CCA27FA538EE/immo_tul/backend/node_modules/prisma',
757 silly tar   tarCode: 'TAR_ENTRY_ERROR'
757 silly tar }
758 warn tar TAR_ENTRY_ERROR ENOENT: no such file or directory, open '/run/media/ttf/4D68CCA27FA538EE/immo_tul/backend/node_modules/prisma/build/public/assets/folder.d77b8eaf.svg'
759 silly tar TAR_ENTRY_ERROR ENOENT: no such file or directory, open '/run/media/ttf/4D68CCA27FA538EE/immo_tul/backend/node_modules/prisma/build/public/assets/folder.d77b8eaf.svg' [Error: ENOENT: no such file or directory, open '/run/media/ttf/4D68CCA27FA538EE/immo_tul/backend/node_modules/prisma/build/public/assets/folder.d77b8eaf.svg'] {
759 silly tar   errno: -2,
759 silly tar   code: 'ENOENT',
759 silly tar   syscall: 'open',
759 silly tar   path: '/run/media/ttf/4D68CCA27FA538EE/immo_tul/backend/node_modules/prisma/build/public/assets/folder.d77b8eaf.svg',
759 silly tar   entry: ReadEntry {
759 silly tar     _events: [Object: null prototype] {},
759 silly tar     _eventsCount: 0,
759 silly tar     _maxListeners: undefined,
759 silly tar     writable: false,
759 silly tar     readable: false,
759 silly tar     extended: null,
759 silly tar     globalExtended: null,
759 silly tar     header: Header {
759 silly tar       cksumValid: true,
759 silly tar       needPax: false,
759 silly tar       nullBlock: false,
759 silly tar       block: null,
759 silly tar       path: 'package/build/public/assets/folder.d77b8eaf.svg',
759 silly tar       mode: 420,
759 silly tar       uid: 0,
759 silly tar       gid: 0,
759 silly tar       size: 606,
759 silly tar       mtime: 1985-10-26T08:15:00.000Z,
759 silly tar       cksum: 8194,
759 silly tar       linkpath: '',
759 silly tar       uname: '',
759 silly tar       gname: '',
759 silly tar       devmaj: 0,
759 silly tar       devmin: 0,
759 silly tar       atime: null,
759 silly tar       ctime: null,
759 silly tar       Symbol(type): '0'
759 silly tar     },
759 silly tar     startBlockSize: 1024,
759 silly tar     blockRemain: 0,
759 silly tar     remain: 0,
759 silly tar     type: 'File',
759 silly tar     meta: false,
759 silly tar     ignore: false,
759 silly tar     path: 'build/public/assets/folder.d77b8eaf.svg',
759 silly tar     mode: 438,
759 silly tar     uid: 0,
759 silly tar     gid: 0,
759 silly tar     uname: '',
759 silly tar     gname: '',
759 silly tar     size: 606,
759 silly tar     mtime: 1985-10-26T08:15:00.000Z,
759 silly tar     atime: null,
759 silly tar     ctime: null,
759 silly tar     linkpath: '',
759 silly tar     absolute: '/run/media/ttf/4D68CCA27FA538EE/immo_tul/backend/node_modules/prisma/build/public/assets/folder.d77b8eaf.svg',
759 silly tar     Symbol(shapeMode): false,
759 silly tar     Symbol(kCapture): false,
759 silly tar     Symbol(flowing): false,
759 silly tar     Symbol(paused): true,
759 silly tar     Symbol(pipes): [ [Pipe] ],
759 silly tar     Symbol(buffer): [],
759 silly tar     Symbol(objectMode): false,
759 silly tar     Symbol(encoding): null,
759 silly tar     Symbol(async): false,
759 silly tar     Symbol(decoder): null,
759 silly tar     Symbol(EOF): true,
759 silly tar     Symbol(emittedEnd): true,
759 silly tar     Symbol(emittingEnd): false,
759 silly tar     Symbol(closed): false,
759 silly tar     Symbol(emittedError): null,
759 silly tar     Symbol(bufferLength): 0,
759 silly tar     Symbol(destroyed): false,
759 silly tar     Symbol(signal): undefined,
759 silly tar     Symbol(aborted): false,
759 silly tar     Symbol(dataListeners): 0,
759 silly tar     Symbol(discarded): false
759 silly tar   },
759 silly tar   cwd: '/run/media/ttf/4D68CCA27FA538EE/immo_tul/backend/node_modules/prisma',
759 silly tar   tarCode: 'TAR_ENTRY_ERROR'
759 silly tar }
760 warn tar TAR_ENTRY_ERROR ENOENT: no such file or directory, open '/run/media/ttf/4D68CCA27FA538EE/immo_tul/backend/node_modules/prisma/build/public/assets/hamburger.5fdadeac.svg'
761 silly tar TAR_ENTRY_ERROR ENOENT: no such file or directory, open '/run/media/ttf/4D68CCA27FA538EE/immo_tul/backend/node_modules/prisma/build/public/assets/hamburger.5fdadeac.svg' [Error: ENOENT: no such file or directory, open '/run/media/ttf/4D68CCA27FA538EE/immo_tul/backend/node_modules/prisma/build/public/assets/hamburger.5fdadeac.svg'] {
761 silly tar   errno: -2,
761 silly tar   code: 'ENOENT',
761 silly tar   syscall: 'open',
761 silly tar   path: '/run/media/ttf/4D68CCA27FA538EE/immo_tul/backend/node_modules/prisma/build/public/assets/hamburger.5fdadeac.svg',
761 silly tar   entry: ReadEntry {
761 silly tar     _events: [Object: null prototype] {},
761 silly tar     _eventsCount: 0,
761 silly tar     _maxListeners: undefined,
761 silly tar     writable: false,
761 silly tar     readable: false,
761 silly tar     extended: null,
761 silly tar     globalExtended: null,
761 silly tar     header: Header {
761 silly tar       cksumValid: true,
761 silly tar       needPax: false,
761 silly tar       nullBlock: false,
761 silly tar       block: null,
761 silly tar       path: 'package/build/public/assets/hamburger.5fdadeac.svg',
761 silly tar       mode: 420,
761 silly tar       uid: 0,
761 silly tar       gid: 0,
761 silly tar       size: 286,
761 silly tar       mtime: 1985-10-26T08:15:00.000Z,
761 silly tar       cksum: 8602,
761 silly tar       linkpath: '',
761 silly tar       uname: '',
761 silly tar       gname: '',
761 silly tar       devmaj: 0,
761 silly tar       devmin: 0,
761 silly tar       atime: null,
761 silly tar       ctime: null,
761 silly tar       Symbol(type): '0'
761 silly tar     },
761 silly tar     startBlockSize: 512,
761 silly tar     blockRemain: 0,
761 silly tar     remain: 0,
761 silly tar     type: 'File',
761 silly tar     meta: false,
761 silly tar     ignore: false,
761 silly tar     path: 'build/public/assets/hamburger.5fdadeac.svg',
761 silly tar     mode: 438,
761 silly tar     uid: 0,
761 silly tar     gid: 0,
761 silly tar     uname: '',
761 silly tar     gname: '',
761 silly tar     size: 286,
761 silly tar     mtime: 1985-10-26T08:15:00.000Z,
761 silly tar     atime: null,
761 silly tar     ctime: null,
761 silly tar     linkpath: '',
761 silly tar     absolute: '/run/media/ttf/4D68CCA27FA538EE/immo_tul/backend/node_modules/prisma/build/public/assets/hamburger.5fdadeac.svg',
761 silly tar     Symbol(shapeMode): false,
761 silly tar     Symbol(kCapture): false,
761 silly tar     Symbol(flowing): false,
761 silly tar     Symbol(paused): true,
761 silly tar     Symbol(pipes): [ [Pipe] ],
761 silly tar     Symbol(buffer): [],
761 silly tar     Symbol(objectMode): false,
761 silly tar     Symbol(encoding): null,
761 silly tar     Symbol(async): false,
761 silly tar     Symbol(decoder): null,
761 silly tar     Symbol(EOF): true,
761 silly tar     Symbol(emittedEnd): true,
761 silly tar     Symbol(emittingEnd): false,
761 silly tar     Symbol(closed): false,
761 silly tar     Symbol(emittedError): null,
761 silly tar     Symbol(bufferLength): 0,
761 silly tar     Symbol(destroyed): false,
761 silly tar     Symbol(signal): undefined,
761 silly tar     Symbol(aborted): false,
761 silly tar     Symbol(dataListeners): 0,
761 silly tar     Symbol(discarded): false
761 silly tar   },
761 silly tar   cwd: '/run/media/ttf/4D68CCA27FA538EE/immo_tul/backend/node_modules/prisma',
761 silly tar   tarCode: 'TAR_ENTRY_ERROR'
761 silly tar }
762 warn tar TAR_ENTRY_ERROR ENOENT: no such file or directory, open '/run/media/ttf/4D68CCA27FA538EE/immo_tul/backend/node_modules/prisma/build/public/assets/logotype.a960b169.svg'
763 silly tar TAR_ENTRY_ERROR ENOENT: no such file or directory, open '/run/media/ttf/4D68CCA27FA538EE/immo_tul/backend/node_modules/prisma/build/public/assets/logotype.a960b169.svg' [Error: ENOENT: no such file or directory, open '/run/media/ttf/4D68CCA27FA538EE/immo_tul/backend/node_modules/prisma/build/public/assets/logotype.a960b169.svg'] {
763 silly tar   errno: -2,
763 silly tar   code: 'ENOENT',
763 silly tar   syscall: 'open',
763 silly tar   path: '/run/media/ttf/4D68CCA27FA538EE/immo_tul/backend/node_modules/prisma/build/public/assets/logotype.a960b169.svg',
763 silly tar   entry: ReadEntry {
763 silly tar     _events: [Object: null prototype] { end: [Function (anonymous)] },
763 silly tar     _eventsCount: 1,
763 silly tar     _maxListeners: undefined,
763 silly tar     writable: false,
763 silly tar     readable: true,
763 silly tar     extended: null,
763 silly tar     globalExtended: null,
763 silly tar     header: Header {
763 silly tar       cksumValid: true,
763 silly tar       needPax: false,
763 silly tar       nullBlock: false,
763 silly tar       block: null,
763 silly tar       path: 'package/build/public/assets/logotype.a960b169.svg',
763 silly tar       mode: 420,
763 silly tar       uid: 0,
763 silly tar       gid: 0,
763 silly tar       size: 13047,
763 silly tar       mtime: 1985-10-26T08:15:00.000Z,
763 silly tar       cksum: 8300,
763 silly tar       linkpath: '',
763 silly tar       uname: '',
763 silly tar       gname: '',
763 silly tar       devmaj: 0,
763 silly tar       devmin: 0,
763 silly tar       atime: null,
763 silly tar       ctime: null,
763 silly tar       Symbol(type): '0'
763 silly tar     },
763 silly tar     startBlockSize: 13312,
763 silly tar     blockRemain: 0,
763 silly tar     remain: 0,
763 silly tar     type: 'File',
763 silly tar     meta: false,
763 silly tar     ignore: false,
763 silly tar     path: 'build/public/assets/logotype.a960b169.svg',
763 silly tar     mode: 438,
763 silly tar     uid: 0,
763 silly tar     gid: 0,
763 silly tar     uname: '',
763 silly tar     gname: '',
763 silly tar     size: 13047,
763 silly tar     mtime: 1985-10-26T08:15:00.000Z,
763 silly tar     atime: null,
763 silly tar     ctime: null,
763 silly tar     linkpath: '',
763 silly tar     absolute: '/run/media/ttf/4D68CCA27FA538EE/immo_tul/backend/node_modules/prisma/build/public/assets/logotype.a960b169.svg',
763 silly tar     Symbol(shapeMode): false,
763 silly tar     Symbol(kCapture): false,
763 silly tar     Symbol(flowing): false,
763 silly tar     Symbol(paused): true,
763 silly tar     Symbol(pipes): [ [Pipe] ],
763 silly tar     Symbol(buffer): [
763 silly tar       <Buffer 2e 37 33 39 35 20 31 31 2e 34 31 38 20 32 38 2e 31 30 38 32 20 31 31 2e 33 31 35 33 20 32 38 2e 33 35 30 39 20 31 31 2e 31 31 43 32 38 2e 35 39 33 35 ... 3038 more bytes>
763 silly tar     ],
763 silly tar     Symbol(objectMode): false,
763 silly tar     Symbol(encoding): null,
763 silly tar     Symbol(async): false,
763 silly tar     Symbol(decoder): null,
763 silly tar     Symbol(EOF): true,
763 silly tar     Symbol(emittedEnd): false,
763 silly tar     Symbol(emittingEnd): false,
763 silly tar     Symbol(closed): false,
763 silly tar     Symbol(emittedError): null,
763 silly tar     Symbol(bufferLength): 3088,
763 silly tar     Symbol(destroyed): false,
763 silly tar     Symbol(signal): undefined,
763 silly tar     Symbol(aborted): false,
763 silly tar     Symbol(dataListeners): 0,
763 silly tar     Symbol(discarded): false
763 silly tar   },
763 silly tar   cwd: '/run/media/ttf/4D68CCA27FA538EE/immo_tul/backend/node_modules/prisma',
763 silly tar   tarCode: 'TAR_ENTRY_ERROR'
763 silly tar }
764 warn tar TAR_ENTRY_ERROR ENOENT: no such file or directory, open '/run/media/ttf/4D68CCA27FA538EE/immo_tul/backend/node_modules/prisma/build/public/assets/maximize.ce1a88fc.svg'
765 silly tar TAR_ENTRY_ERROR ENOENT: no such file or directory, open '/run/media/ttf/4D68CCA27FA538EE/immo_tul/backend/node_modules/prisma/build/public/assets/maximize.ce1a88fc.svg' [Error: ENOENT: no such file or directory, open '/run/media/ttf/4D68CCA27FA538EE/immo_tul/backend/node_modules/prisma/build/public/assets/maximize.ce1a88fc.svg'] {
765 silly tar   errno: -2,
765 silly tar   code: 'ENOENT',
765 silly tar   syscall: 'open',
765 silly tar   path: '/run/media/ttf/4D68CCA27FA538EE/immo_tul/backend/node_modules/prisma/build/public/assets/maximize.ce1a88fc.svg',
765 silly tar   entry: ReadEntry {
765 silly tar     _events: [Object: null prototype] {},
765 silly tar     _eventsCount: 0,
765 silly tar     _maxListeners: undefined,
765 silly tar     writable: false,
765 silly tar     readable: false,
765 silly tar     extended: null,
765 silly tar     globalExtended: null,
765 silly tar     header: Header {
765 silly tar       cksumValid: true,
765 silly tar       needPax: false,
765 silly tar       nullBlock: false,
765 silly tar       block: null,
765 silly tar       path: 'package/build/public/assets/maximize.ce1a88fc.svg',
765 silly tar       mode: 420,
765 silly tar       uid: 0,
765 silly tar       gid: 0,
765 silly tar       size: 330,
765 silly tar       mtime: 1985-10-26T08:15:00.000Z,
765 silly tar       cksum: 8418,
765 silly tar       linkpath: '',
765 silly tar       uname: '',
765 silly tar       gname: '',
765 silly tar       devmaj: 0,
765 silly tar       devmin: 0,
765 silly tar       atime: null,
765 silly tar       ctime: null,
765 silly tar       Symbol(type): '0'
765 silly tar     },
765 silly tar     startBlockSize: 512,
765 silly tar     blockRemain: 0,
765 silly tar     remain: 0,
765 silly tar     type: 'File',
765 silly tar     meta: false,
765 silly tar     ignore: false,
765 silly tar     path: 'build/public/assets/maximize.ce1a88fc.svg',
765 silly tar     mode: 438,
765 silly tar     uid: 0,
765 silly tar     gid: 0,
765 silly tar     uname: '',
765 silly tar     gname: '',
765 silly tar     size: 330,
765 silly tar     mtime: 1985-10-26T08:15:00.000Z,
765 silly tar     atime: null,
765 silly tar     ctime: null,
765 silly tar     linkpath: '',
765 silly tar     absolute: '/run/media/ttf/4D68CCA27FA538EE/immo_tul/backend/node_modules/prisma/build/public/assets/maximize.ce1a88fc.svg',
765 silly tar     Symbol(shapeMode): false,
765 silly tar     Symbol(kCapture): false,
765 silly tar     Symbol(flowing): false,
765 silly tar     Symbol(paused): true,
765 silly tar     Symbol(pipes): [ [Pipe] ],
765 silly tar     Symbol(buffer): [],
765 silly tar     Symbol(objectMode): false,
765 silly tar     Symbol(encoding): null,
765 silly tar     Symbol(async): false,
765 silly tar     Symbol(decoder): null,
765 silly tar     Symbol(EOF): true,
765 silly tar     Symbol(emittedEnd): true,
765 silly tar     Symbol(emittingEnd): false,
765 silly tar     Symbol(closed): false,
765 silly tar     Symbol(emittedError): null,
765 silly tar     Symbol(bufferLength): 0,
765 silly tar     Symbol(destroyed): false,
765 silly tar     Symbol(signal): undefined,
765 silly tar     Symbol(aborted): false,
765 silly tar     Symbol(dataListeners): 0,
765 silly tar     Symbol(discarded): false
765 silly tar   },
765 silly tar   cwd: '/run/media/ttf/4D68CCA27FA538EE/immo_tul/backend/node_modules/prisma',
765 silly tar   tarCode: 'TAR_ENTRY_ERROR'
765 silly tar }
766 warn tar TAR_ENTRY_ERROR ENOENT: no such file or directory, open '/run/media/ttf/4D68CCA27FA538EE/immo_tul/backend/node_modules/prisma/build/public/assets/minimize.23fe727a.svg'
767 silly tar TAR_ENTRY_ERROR ENOENT: no such file or directory, open '/run/media/ttf/4D68CCA27FA538EE/immo_tul/backend/node_modules/prisma/build/public/assets/minimize.23fe727a.svg' [Error: ENOENT: no such file or directory, open '/run/media/ttf/4D68CCA27FA538EE/immo_tul/backend/node_modules/prisma/build/public/assets/minimize.23fe727a.svg'] {
767 silly tar   errno: -2,
767 silly tar   code: 'ENOENT',
767 silly tar   syscall: 'open',
767 silly tar   path: '/run/media/ttf/4D68CCA27FA538EE/immo_tul/backend/node_modules/prisma/build/public/assets/minimize.23fe727a.svg',
767 silly tar   entry: ReadEntry {
767 silly tar     _events: [Object: null prototype] {},
767 silly tar     _eventsCount: 0,
767 silly tar     _maxListeners: undefined,
767 silly tar     writable: false,
767 silly tar     readable: false,
767 silly tar     extended: null,
767 silly tar     globalExtended: null,
767 silly tar     header: Header {
767 silly tar       cksumValid: true,
767 silly tar       needPax: false,
767 silly tar       nullBlock: false,
767 silly tar       block: null,
767 silly tar       path: 'package/build/public/assets/minimize.23fe727a.svg',
767 silly tar       mode: 420,
767 silly tar       uid: 0,
767 silly tar       gid: 0,
767 silly tar       size: 353,
767 silly tar       mtime: 1985-10-26T08:15:00.000Z,
767 silly tar       cksum: 8320,
767 silly tar       linkpath: '',
767 silly tar       uname: '',
767 silly tar       gname: '',
767 silly tar       devmaj: 0,
767 silly tar       devmin: 0,
767 silly tar       atime: null,
767 silly tar       ctime: null,
767 silly tar       Symbol(type): '0'
767 silly tar     },
767 silly tar     startBlockSize: 512,
767 silly tar     blockRemain: 0,
767 silly tar     remain: 0,
767 silly tar     type: 'File',
767 silly tar     meta: false,
767 silly tar     ignore: false,
767 silly tar     path: 'build/public/assets/minimize.23fe727a.svg',
767 silly tar     mode: 438,
767 silly tar     uid: 0,
767 silly tar     gid: 0,
767 silly tar     uname: '',
767 silly tar     gname: '',
767 silly tar     size: 353,
767 silly tar     mtime: 1985-10-26T08:15:00.000Z,
767 silly tar     atime: null,
767 silly tar     ctime: null,
767 silly tar     linkpath: '',
767 silly tar     absolute: '/run/media/ttf/4D68CCA27FA538EE/immo_tul/backend/node_modules/prisma/build/public/assets/minimize.23fe727a.svg',
767 silly tar     Symbol(shapeMode): false,
767 silly tar     Symbol(kCapture): false,
767 silly tar     Symbol(flowing): false,
767 silly tar     Symbol(paused): true,
767 silly tar     Symbol(pipes): [ [Pipe] ],
767 silly tar     Symbol(buffer): [],
767 silly tar     Symbol(objectMode): false,
767 silly tar     Symbol(encoding): null,
767 silly tar     Symbol(async): false,
767 silly tar     Symbol(decoder): null,
767 silly tar     Symbol(EOF): true,
767 silly tar     Symbol(emittedEnd): true,
767 silly tar     Symbol(emittingEnd): false,
767 silly tar     Symbol(closed): false,
767 silly tar     Symbol(emittedError): null,
767 silly tar     Symbol(bufferLength): 0,
767 silly tar     Symbol(destroyed): false,
767 silly tar     Symbol(signal): undefined,
767 silly tar     Symbol(aborted): false,
767 silly tar     Symbol(dataListeners): 0,
767 silly tar     Symbol(discarded): false
767 silly tar   },
767 silly tar   cwd: '/run/media/ttf/4D68CCA27FA538EE/immo_tul/backend/node_modules/prisma',
767 silly tar   tarCode: 'TAR_ENTRY_ERROR'
767 silly tar }
768 warn tar TAR_ENTRY_ERROR ENOENT: no such file or directory, open '/run/media/ttf/4D68CCA27FA538EE/immo_tul/backend/node_modules/prisma/build/public/assets/moon.387ab66c.svg'
769 silly tar TAR_ENTRY_ERROR ENOENT: no such file or directory, open '/run/media/ttf/4D68CCA27FA538EE/immo_tul/backend/node_modules/prisma/build/public/assets/moon.387ab66c.svg' [Error: ENOENT: no such file or directory, open '/run/media/ttf/4D68CCA27FA538EE/immo_tul/backend/node_modules/prisma/build/public/assets/moon.387ab66c.svg'] {
769 silly tar   errno: -2,
769 silly tar   code: 'ENOENT',
769 silly tar   syscall: 'open',
769 silly tar   path: '/run/media/ttf/4D68CCA27FA538EE/immo_tul/backend/node_modules/prisma/build/public/assets/moon.387ab66c.svg',
769 silly tar   entry: ReadEntry {
769 silly tar     _events: [Object: null prototype] {},
769 silly tar     _eventsCount: 0,
769 silly tar     _maxListeners: undefined,
769 silly tar     writable: false,
769 silly tar     readable: false,
769 silly tar     extended: null,
769 silly tar     globalExtended: null,
769 silly tar     header: Header {
769 silly tar       cksumValid: true,
769 silly tar       needPax: false,
769 silly tar       nullBlock: false,
769 silly tar       block: null,
769 silly tar       path: 'package/build/public/assets/moon.387ab66c.svg',
769 silly tar       mode: 420,
769 silly tar       uid: 0,
769 silly tar       gid: 0,
769 silly tar       size: 239,
769 silly tar       mtime: 1985-10-26T08:15:00.000Z,
769 silly tar       cksum: 7903,
769 silly tar       linkpath: '',
769 silly tar       uname: '',
769 silly tar       gname: '',
769 silly tar       devmaj: 0,
769 silly tar       devmin: 0,
769 silly tar       atime: null,
769 silly tar       ctime: null,
769 silly tar       Symbol(type): '0'
769 silly tar     },
769 silly tar     startBlockSize: 512,
769 silly tar     blockRemain: 0,
769 silly tar     remain: 0,
769 silly tar     type: 'File',
769 silly tar     meta: false,
769 silly tar     ignore: false,
769 silly tar     path: 'build/public/assets/moon.387ab66c.svg',
769 silly tar     mode: 438,
769 silly tar     uid: 0,
769 silly tar     gid: 0,
769 silly tar     uname: '',
769 silly tar     gname: '',
769 silly tar     size: 239,
769 silly tar     mtime: 1985-10-26T08:15:00.000Z,
769 silly tar     atime: null,
769 silly tar     ctime: null,
769 silly tar     linkpath: '',
769 silly tar     absolute: '/run/media/ttf/4D68CCA27FA538EE/immo_tul/backend/node_modules/prisma/build/public/assets/moon.387ab66c.svg',
769 silly tar     Symbol(shapeMode): false,
769 silly tar     Symbol(kCapture): false,
769 silly tar     Symbol(flowing): false,
769 silly tar     Symbol(paused): true,
769 silly tar     Symbol(pipes): [ [Pipe] ],
769 silly tar     Symbol(buffer): [],
769 silly tar     Symbol(objectMode): false,
769 silly tar     Symbol(encoding): null,
769 silly tar     Symbol(async): false,
769 silly tar     Symbol(decoder): null,
769 silly tar     Symbol(EOF): true,
769 silly tar     Symbol(emittedEnd): true,
769 silly tar     Symbol(emittingEnd): false,
769 silly tar     Symbol(closed): false,
769 silly tar     Symbol(emittedError): null,
769 silly tar     Symbol(bufferLength): 0,
769 silly tar     Symbol(destroyed): false,
769 silly tar     Symbol(signal): undefined,
769 silly tar     Symbol(aborted): false,
769 silly tar     Symbol(dataListeners): 0,
769 silly tar     Symbol(discarded): false
769 silly tar   },
769 silly tar   cwd: '/run/media/ttf/4D68CCA27FA538EE/immo_tul/backend/node_modules/prisma',
769 silly tar   tarCode: 'TAR_ENTRY_ERROR'
769 silly tar }
770 warn tar TAR_ENTRY_ERROR ENOENT: no such file or directory, open '/run/media/ttf/4D68CCA27FA538EE/immo_tul/backend/node_modules/prisma/build/public/assets/number.85ddf96b.svg'
771 silly tar TAR_ENTRY_ERROR ENOENT: no such file or directory, open '/run/media/ttf/4D68CCA27FA538EE/immo_tul/backend/node_modules/prisma/build/public/assets/number.85ddf96b.svg' [Error: ENOENT: no such file or directory, open '/run/media/ttf/4D68CCA27FA538EE/immo_tul/backend/node_modules/prisma/build/public/assets/number.85ddf96b.svg'] {
771 silly tar   errno: -2,
771 silly tar   code: 'ENOENT',
771 silly tar   syscall: 'open',
771 silly tar   path: '/run/media/ttf/4D68CCA27FA538EE/immo_tul/backend/node_modules/prisma/build/public/assets/number.85ddf96b.svg',
771 silly tar   entry: ReadEntry {
771 silly tar     _events: [Object: null prototype] {},
771 silly tar     _eventsCount: 0,
771 silly tar     _maxListeners: undefined,
771 silly tar     writable: false,
771 silly tar     readable: false,
771 silly tar     extended: null,
771 silly tar     globalExtended: null,
771 silly tar     header: Header {
771 silly tar       cksumValid: true,
771 silly tar       needPax: false,
771 silly tar       nullBlock: false,
771 silly tar       block: null,
771 silly tar       path: 'package/build/public/assets/number.85ddf96b.svg',
771 silly tar       mode: 420,
771 silly tar       uid: 0,
771 silly tar       gid: 0,
771 silly tar       size: 1139,
771 silly tar       mtime: 1985-10-26T08:15:00.000Z,
771 silly tar       cksum: 8164,
771 silly tar       linkpath: '',
771 silly tar       uname: '',
771 silly tar       gname: '',
771 silly tar       devmaj: 0,
771 silly tar       devmin: 0,
771 silly tar       atime: null,
771 silly tar       ctime: null,
771 silly tar       Symbol(type): '0'
771 silly tar     },
771 silly tar     startBlockSize: 1536,
771 silly tar     blockRemain: 0,
771 silly tar     remain: 0,
771 silly tar     type: 'File',
771 silly tar     meta: false,
771 silly tar     ignore: false,
771 silly tar     path: 'build/public/assets/number.85ddf96b.svg',
771 silly tar     mode: 438,
771 silly tar     uid: 0,
771 silly tar     gid: 0,
771 silly tar     uname: '',
771 silly tar     gname: '',
771 silly tar     size: 1139,
771 silly tar     mtime: 1985-10-26T08:15:00.000Z,
771 silly tar     atime: null,
771 silly tar     ctime: null,
771 silly tar     linkpath: '',
771 silly tar     absolute: '/run/media/ttf/4D68CCA27FA538EE/immo_tul/backend/node_modules/prisma/build/public/assets/number.85ddf96b.svg',
771 silly tar     Symbol(shapeMode): false,
771 silly tar     Symbol(kCapture): false,
771 silly tar     Symbol(flowing): false,
771 silly tar     Symbol(paused): true,
771 silly tar     Symbol(pipes): [ [Pipe] ],
771 silly tar     Symbol(buffer): [],
771 silly tar     Symbol(objectMode): false,
771 silly tar     Symbol(encoding): null,
771 silly tar     Symbol(async): false,
771 silly tar     Symbol(decoder): null,
771 silly tar     Symbol(EOF): true,
771 silly tar     Symbol(emittedEnd): true,
771 silly tar     Symbol(emittingEnd): false,
771 silly tar     Symbol(closed): false,
771 silly tar     Symbol(emittedError): null,
771 silly tar     Symbol(bufferLength): 0,
771 silly tar     Symbol(destroyed): false,
771 silly tar     Symbol(signal): undefined,
771 silly tar     Symbol(aborted): false,
771 silly tar     Symbol(dataListeners): 0,
771 silly tar     Symbol(discarded): false
771 silly tar   },
771 silly tar   cwd: '/run/media/ttf/4D68CCA27FA538EE/immo_tul/backend/node_modules/prisma',
771 silly tar   tarCode: 'TAR_ENTRY_ERROR'
771 silly tar }
772 warn tar TAR_ENTRY_ERROR ENOENT: no such file or directory, open '/run/media/ttf/4D68CCA27FA538EE/immo_tul/backend/node_modules/prisma/build/public/assets/object.0ba944a6.svg'
773 silly tar TAR_ENTRY_ERROR ENOENT: no such file or directory, open '/run/media/ttf/4D68CCA27FA538EE/immo_tul/backend/node_modules/prisma/build/public/assets/object.0ba944a6.svg' [Error: ENOENT: no such file or directory, open '/run/media/ttf/4D68CCA27FA538EE/immo_tul/backend/node_modules/prisma/build/public/assets/object.0ba944a6.svg'] {
773 silly tar   errno: -2,
773 silly tar   code: 'ENOENT',
773 silly tar   syscall: 'open',
773 silly tar   path: '/run/media/ttf/4D68CCA27FA538EE/immo_tul/backend/node_modules/prisma/build/public/assets/object.0ba944a6.svg',
773 silly tar   entry: ReadEntry {
773 silly tar     _events: [Object: null prototype] {},
773 silly tar     _eventsCount: 0,
773 silly tar     _maxListeners: undefined,
773 silly tar     writable: false,
773 silly tar     readable: false,
773 silly tar     extended: null,
773 silly tar     globalExtended: null,
773 silly tar     header: Header {
773 silly tar       cksumValid: true,
773 silly tar       needPax: false,
773 silly tar       nullBlock: false,
773 silly tar       block: null,
773 silly tar       path: 'package/build/public/assets/object.0ba944a6.svg',
773 silly tar       mode: 420,
773 silly tar       uid: 0,
773 silly tar       gid: 0,
773 silly tar       size: 1022,
773 silly tar       mtime: 1985-10-26T08:15:00.000Z,
773 silly tar       cksum: 8090,
773 silly tar       linkpath: '',
773 silly tar       uname: '',
773 silly tar       gname: '',
773 silly tar       devmaj: 0,
773 silly tar       devmin: 0,
773 silly tar       atime: null,
773 silly tar       ctime: null,
773 silly tar       Symbol(type): '0'
773 silly tar     },
773 silly tar     startBlockSize: 1024,
773 silly tar     blockRemain: 0,
773 silly tar     remain: 0,
773 silly tar     type: 'File',
773 silly tar     meta: false,
773 silly tar     ignore: false,
773 silly tar     path: 'build/public/assets/object.0ba944a6.svg',
773 silly tar     mode: 438,
773 silly tar     uid: 0,
773 silly tar     gid: 0,
773 silly tar     uname: '',
773 silly tar     gname: '',
773 silly tar     size: 1022,
773 silly tar     mtime: 1985-10-26T08:15:00.000Z,
773 silly tar     atime: null,
773 silly tar     ctime: null,
773 silly tar     linkpath: '',
773 silly tar     absolute: '/run/media/ttf/4D68CCA27FA538EE/immo_tul/backend/node_modules/prisma/build/public/assets/object.0ba944a6.svg',
773 silly tar     Symbol(shapeMode): false,
773 silly tar     Symbol(kCapture): false,
773 silly tar     Symbol(flowing): false,
773 silly tar     Symbol(paused): true,
773 silly tar     Symbol(pipes): [ [Pipe] ],
773 silly tar     Symbol(buffer): [],
773 silly tar     Symbol(objectMode): false,
773 silly tar     Symbol(encoding): null,
773 silly tar     Symbol(async): false,
773 silly tar     Symbol(decoder): null,
773 silly tar     Symbol(EOF): true,
773 silly tar     Symbol(emittedEnd): true,
773 silly tar     Symbol(emittingEnd): false,
773 silly tar     Symbol(closed): false,
773 silly tar     Symbol(emittedError): null,
773 silly tar     Symbol(bufferLength): 0,
773 silly tar     Symbol(destroyed): false,
773 silly tar     Symbol(signal): undefined,
773 silly tar     Symbol(aborted): false,
773 silly tar     Symbol(dataListeners): 0,
773 silly tar     Symbol(discarded): false
773 silly tar   },
773 silly tar   cwd: '/run/media/ttf/4D68CCA27FA538EE/immo_tul/backend/node_modules/prisma',
773 silly tar   tarCode: 'TAR_ENTRY_ERROR'
773 silly tar }
774 warn tar TAR_ENTRY_ERROR ENOENT: no such file or directory, open '/run/media/ttf/4D68CCA27FA538EE/immo_tul/backend/node_modules/prisma/build/public/assets/panel-left.a81e4b97.svg'
775 silly tar TAR_ENTRY_ERROR ENOENT: no such file or directory, open '/run/media/ttf/4D68CCA27FA538EE/immo_tul/backend/node_modules/prisma/build/public/assets/panel-left.a81e4b97.svg' [Error: ENOENT: no such file or directory, open '/run/media/ttf/4D68CCA27FA538EE/immo_tul/backend/node_modules/prisma/build/public/assets/panel-left.a81e4b97.svg'] {
775 silly tar   errno: -2,
775 silly tar   code: 'ENOENT',
775 silly tar   syscall: 'open',
775 silly tar   path: '/run/media/ttf/4D68CCA27FA538EE/immo_tul/backend/node_modules/prisma/build/public/assets/panel-left.a81e4b97.svg',
775 silly tar   entry: ReadEntry {
775 silly tar     _events: [Object: null prototype] {},
775 silly tar     _eventsCount: 0,
775 silly tar     _maxListeners: undefined,
775 silly tar     writable: false,
775 silly tar     readable: false,
775 silly tar     extended: null,
775 silly tar     globalExtended: null,
775 silly tar     header: Header {
775 silly tar       cksumValid: true,
775 silly tar       needPax: false,
775 silly tar       nullBlock: false,
775 silly tar       block: null,
775 silly tar       path: 'package/build/public/assets/panel-left.a81e4b97.svg',
775 silly tar       mode: 420,
775 silly tar       uid: 0,
775 silly tar       gid: 0,
775 silly tar       size: 244,
775 silly tar       mtime: 1985-10-26T08:15:00.000Z,
775 silly tar       cksum: 8461,
775 silly tar       linkpath: '',
775 silly tar       uname: '',
775 silly tar       gname: '',
775 silly tar       devmaj: 0,
775 silly tar       devmin: 0,
775 silly tar       atime: null,
775 silly tar       ctime: null,
775 silly tar       Symbol(type): '0'
775 silly tar     },
775 silly tar     startBlockSize: 512,
775 silly tar     blockRemain: 0,
775 silly tar     remain: 0,
775 silly tar     type: 'File',
775 silly tar     meta: false,
775 silly tar     ignore: false,
775 silly tar     path: 'build/public/assets/panel-left.a81e4b97.svg',
775 silly tar     mode: 438,
775 silly tar     uid: 0,
775 silly tar     gid: 0,
775 silly tar     uname: '',
775 silly tar     gname: '',
775 silly tar     size: 244,
775 silly tar     mtime: 1985-10-26T08:15:00.000Z,
775 silly tar     atime: null,
775 silly tar     ctime: null,
775 silly tar     linkpath: '',
775 silly tar     absolute: '/run/media/ttf/4D68CCA27FA538EE/immo_tul/backend/node_modules/prisma/build/public/assets/panel-left.a81e4b97.svg',
775 silly tar     Symbol(shapeMode): false,
775 silly tar     Symbol(kCapture): false,
775 silly tar     Symbol(flowing): false,
775 silly tar     Symbol(paused): true,
775 silly tar     Symbol(pipes): [ [Pipe] ],
775 silly tar     Symbol(buffer): [],
775 silly tar     Symbol(objectMode): false,
775 silly tar     Symbol(encoding): null,
775 silly tar     Symbol(async): false,
775 silly tar     Symbol(decoder): null,
775 silly tar     Symbol(EOF): true,
775 silly tar     Symbol(emittedEnd): true,
775 silly tar     Symbol(emittingEnd): false,
775 silly tar     Symbol(closed): false,
775 silly tar     Symbol(emittedError): null,
775 silly tar     Symbol(bufferLength): 0,
775 silly tar     Symbol(destroyed): false,
775 silly tar     Symbol(signal): undefined,
775 silly tar     Symbol(aborted): false,
775 silly tar     Symbol(dataListeners): 0,
775 silly tar     Symbol(discarded): false
775 silly tar   },
775 silly tar   cwd: '/run/media/ttf/4D68CCA27FA538EE/immo_tul/backend/node_modules/prisma',
775 silly tar   tarCode: 'TAR_ENTRY_ERROR'
775 silly tar }
776 warn tar TAR_ENTRY_ERROR ENOENT: no such file or directory, open '/run/media/ttf/4D68CCA27FA538EE/immo_tul/backend/node_modules/prisma/build/public/assets/play.8811691e.svg'
777 silly tar TAR_ENTRY_ERROR ENOENT: no such file or directory, open '/run/media/ttf/4D68CCA27FA538EE/immo_tul/backend/node_modules/prisma/build/public/assets/play.8811691e.svg' [Error: ENOENT: no such file or directory, open '/run/media/ttf/4D68CCA27FA538EE/immo_tul/backend/node_modules/prisma/build/public/assets/play.8811691e.svg'] {
777 silly tar   errno: -2,
777 silly tar   code: 'ENOENT',
777 silly tar   syscall: 'open',
777 silly tar   path: '/run/media/ttf/4D68CCA27FA538EE/immo_tul/backend/node_modules/prisma/build/public/assets/play.8811691e.svg',
777 silly tar   entry: ReadEntry {
777 silly tar     _events: [Object: null prototype] {},
777 silly tar     _eventsCount: 0,
777 silly tar     _maxListeners: undefined,
777 silly tar     writable: false,
777 silly tar     readable: false,
777 silly tar     extended: null,
777 silly tar     globalExtended: null,
777 silly tar     header: Header {
777 silly tar       cksumValid: true,
777 silly tar       needPax: false,
777 silly tar       nullBlock: false,
777 silly tar       block: null,
777 silly tar       path: 'package/build/public/assets/play.8811691e.svg',
777 silly tar       mode: 420,
777 silly tar       uid: 0,
777 silly tar       gid: 0,
777 silly tar       size: 311,
777 silly tar       mtime: 1985-10-26T08:15:00.000Z,
777 silly tar       cksum: 7809,
777 silly tar       linkpath: '',
777 silly tar       uname: '',
777 silly tar       gname: '',
777 silly tar       devmaj: 0,
777 silly tar       devmin: 0,
777 silly tar       atime: null,
777 silly tar       ctime: null,
777 silly tar       Symbol(type): '0'
777 silly tar     },
777 silly tar     startBlockSize: 512,
777 silly tar     blockRemain: 0,
777 silly tar     remain: 0,
777 silly tar     type: 'File',
777 silly tar     meta: false,
777 silly tar     ignore: false,
777 silly tar     path: 'build/public/assets/play.8811691e.svg',
777 silly tar     mode: 438,
777 silly tar     uid: 0,
777 silly tar     gid: 0,
777 silly tar     uname: '',
777 silly tar     gname: '',
777 silly tar     size: 311,
777 silly tar     mtime: 1985-10-26T08:15:00.000Z,
777 silly tar     atime: null,
777 silly tar     ctime: null,
777 silly tar     linkpath: '',
777 silly tar     absolute: '/run/media/ttf/4D68CCA27FA538EE/immo_tul/backend/node_modules/prisma/build/public/assets/play.8811691e.svg',
777 silly tar     Symbol(shapeMode): false,
777 silly tar     Symbol(kCapture): false,
777 silly tar     Symbol(flowing): false,
777 silly tar     Symbol(paused): true,
777 silly tar     Symbol(pipes): [ [Pipe] ],
777 silly tar     Symbol(buffer): [],
777 silly tar     Symbol(objectMode): false,
777 silly tar     Symbol(encoding): null,
777 silly tar     Symbol(async): false,
777 silly tar     Symbol(decoder): null,
777 silly tar     Symbol(EOF): true,
777 silly tar     Symbol(emittedEnd): true,
777 silly tar     Symbol(emittingEnd): false,
777 silly tar     Symbol(closed): false,
777 silly tar     Symbol(emittedError): null,
777 silly tar     Symbol(bufferLength): 0,
777 silly tar     Symbol(destroyed): false,
777 silly tar     Symbol(signal): undefined,
777 silly tar     Symbol(aborted): false,
777 silly tar     Symbol(dataListeners): 0,
777 silly tar     Symbol(discarded): false
777 silly tar   },
777 silly tar   cwd: '/run/media/ttf/4D68CCA27FA538EE/immo_tul/backend/node_modules/prisma',
777 silly tar   tarCode: 'TAR_ENTRY_ERROR'
777 silly tar }
778 warn tar TAR_ENTRY_ERROR ENOENT: no such file or directory, open '/run/media/ttf/4D68CCA27FA538EE/immo_tul/backend/node_modules/prisma/build/public/assets/plus.8fbf7ad3.svg'
779 silly tar TAR_ENTRY_ERROR ENOENT: no such file or directory, open '/run/media/ttf/4D68CCA27FA538EE/immo_tul/backend/node_modules/prisma/build/public/assets/plus.8fbf7ad3.svg' [Error: ENOENT: no such file or directory, open '/run/media/ttf/4D68CCA27FA538EE/immo_tul/backend/node_modules/prisma/build/public/assets/plus.8fbf7ad3.svg'] {
779 silly tar   errno: -2,
779 silly tar   code: 'ENOENT',
779 silly tar   syscall: 'open',
779 silly tar   path: '/run/media/ttf/4D68CCA27FA538EE/immo_tul/backend/node_modules/prisma/build/public/assets/plus.8fbf7ad3.svg',
779 silly tar   entry: ReadEntry {
779 silly tar     _events: [Object: null prototype] {},
779 silly tar     _eventsCount: 0,
779 silly tar     _maxListeners: undefined,
779 silly tar     writable: false,
779 silly tar     readable: false,
779 silly tar     extended: null,
779 silly tar     globalExtended: null,
779 silly tar     header: Header {
779 silly tar       cksumValid: true,
779 silly tar       needPax: false,
779 silly tar       nullBlock: false,
779 silly tar       block: null,
779 silly tar       path: 'package/build/public/assets/plus.8fbf7ad3.svg',
779 silly tar       mode: 420,
779 silly tar       uid: 0,
779 silly tar       gid: 0,
779 silly tar       size: 437,
779 silly tar       mtime: 1985-10-26T08:15:00.000Z,
779 silly tar       cksum: 8013,
779 silly tar       linkpath: '',
779 silly tar       uname: '',
779 silly tar       gname: '',
779 silly tar       devmaj: 0,
779 silly tar       devmin: 0,
779 silly tar       atime: null,
779 silly tar       ctime: null,
779 silly tar       Symbol(type): '0'
779 silly tar     },
779 silly tar     startBlockSize: 512,
779 silly tar     blockRemain: 0,
779 silly tar     remain: 0,
779 silly tar     type: 'File',
779 silly tar     meta: false,
779 silly tar     ignore: false,
779 silly tar     path: 'build/public/assets/plus.8fbf7ad3.svg',
779 silly tar     mode: 438,
779 silly tar     uid: 0,
779 silly tar     gid: 0,
779 silly tar     uname: '',
779 silly tar     gname: '',
779 silly tar     size: 437,
779 silly tar     mtime: 1985-10-26T08:15:00.000Z,
779 silly tar     atime: null,
779 silly tar     ctime: null,
779 silly tar     linkpath: '',
779 silly tar     absolute: '/run/media/ttf/4D68CCA27FA538EE/immo_tul/backend/node_modules/prisma/build/public/assets/plus.8fbf7ad3.svg',
779 silly tar     Symbol(shapeMode): false,
779 silly tar     Symbol(kCapture): false,
779 silly tar     Symbol(flowing): false,
779 silly tar     Symbol(paused): true,
779 silly tar     Symbol(pipes): [ [Pipe] ],
779 silly tar     Symbol(buffer): [],
779 silly tar     Symbol(objectMode): false,
779 silly tar     Symbol(encoding): null,
779 silly tar     Symbol(async): false,
779 silly tar     Symbol(decoder): null,
779 silly tar     Symbol(EOF): true,
779 silly tar     Symbol(emittedEnd): true,
779 silly tar     Symbol(emittingEnd): false,
779 silly tar     Symbol(closed): false,
779 silly tar     Symbol(emittedError): null,
779 silly tar     Symbol(bufferLength): 0,
779 silly tar     Symbol(destroyed): false,
779 silly tar     Symbol(signal): undefined,
779 silly tar     Symbol(aborted): false,
779 silly tar     Symbol(dataListeners): 0,
779 silly tar     Symbol(discarded): false
779 silly tar   },
779 silly tar   cwd: '/run/media/ttf/4D68CCA27FA538EE/immo_tul/backend/node_modules/prisma',
779 silly tar   tarCode: 'TAR_ENTRY_ERROR'
779 silly tar }
780 warn tar TAR_ENTRY_ERROR ENOENT: no such file or directory, open '/run/media/ttf/4D68CCA27FA538EE/immo_tul/backend/node_modules/prisma/build/public/assets/refresh.d5448ccc.svg'
781 silly tar TAR_ENTRY_ERROR ENOENT: no such file or directory, open '/run/media/ttf/4D68CCA27FA538EE/immo_tul/backend/node_modules/prisma/build/public/assets/refresh.d5448ccc.svg' [Error: ENOENT: no such file or directory, open '/run/media/ttf/4D68CCA27FA538EE/immo_tul/backend/node_modules/prisma/build/public/assets/refresh.d5448ccc.svg'] {
781 silly tar   errno: -2,
781 silly tar   code: 'ENOENT',
781 silly tar   syscall: 'open',
781 silly tar   path: '/run/media/ttf/4D68CCA27FA538EE/immo_tul/backend/node_modules/prisma/build/public/assets/refresh.d5448ccc.svg',
781 silly tar   entry: ReadEntry {
781 silly tar     _events: [Object: null prototype] {},
781 silly tar     _eventsCount: 0,
781 silly tar     _maxListeners: undefined,
781 silly tar     writable: false,
781 silly tar     readable: false,
781 silly tar     extended: null,
781 silly tar     globalExtended: null,
781 silly tar     header: Header {
781 silly tar       cksumValid: true,
781 silly tar       needPax: false,
781 silly tar       nullBlock: false,
781 silly tar       block: null,
781 silly tar       path: 'package/build/public/assets/refresh.d5448ccc.svg',
781 silly tar       mode: 420,
781 silly tar       uid: 0,
781 silly tar       gid: 0,
781 silly tar       size: 557,
781 silly tar       mtime: 1985-10-26T08:15:00.000Z,
781 silly tar       cksum: 8255,
781 silly tar       linkpath: '',
781 silly tar       uname: '',
781 silly tar       gname: '',
781 silly tar       devmaj: 0,
781 silly tar       devmin: 0,
781 silly tar       atime: null,
781 silly tar       ctime: null,
781 silly tar       Symbol(type): '0'
781 silly tar     },
781 silly tar     startBlockSize: 1024,
781 silly tar     blockRemain: 0,
781 silly tar     remain: 0,
781 silly tar     type: 'File',
781 silly tar     meta: false,
781 silly tar     ignore: false,
781 silly tar     path: 'build/public/assets/refresh.d5448ccc.svg',
781 silly tar     mode: 438,
781 silly tar     uid: 0,
781 silly tar     gid: 0,
781 silly tar     uname: '',
781 silly tar     gname: '',
781 silly tar     size: 557,
781 silly tar     mtime: 1985-10-26T08:15:00.000Z,
781 silly tar     atime: null,
781 silly tar     ctime: null,
781 silly tar     linkpath: '',
781 silly tar     absolute: '/run/media/ttf/4D68CCA27FA538EE/immo_tul/backend/node_modules/prisma/build/public/assets/refresh.d5448ccc.svg',
781 silly tar     Symbol(shapeMode): false,
781 silly tar     Symbol(kCapture): false,
781 silly tar     Symbol(flowing): false,
781 silly tar     Symbol(paused): true,
781 silly tar     Symbol(pipes): [ [Pipe] ],
781 silly tar     Symbol(buffer): [],
781 silly tar     Symbol(objectMode): false,
781 silly tar     Symbol(encoding): null,
781 silly tar     Symbol(async): false,
781 silly tar     Symbol(decoder): null,
781 silly tar     Symbol(EOF): true,
781 silly tar     Symbol(emittedEnd): true,
781 silly tar     Symbol(emittingEnd): false,
781 silly tar     Symbol(closed): false,
781 silly tar     Symbol(emittedError): null,
781 silly tar     Symbol(bufferLength): 0,
781 silly tar     Symbol(destroyed): false,
781 silly tar     Symbol(signal): undefined,
781 silly tar     Symbol(aborted): false,
781 silly tar     Symbol(dataListeners): 0,
781 silly tar     Symbol(discarded): false
781 silly tar   },
781 silly tar   cwd: '/run/media/ttf/4D68CCA27FA538EE/immo_tul/backend/node_modules/prisma',
781 silly tar   tarCode: 'TAR_ENTRY_ERROR'
781 silly tar }
782 warn tar TAR_ENTRY_ERROR ENOENT: no such file or directory, open '/run/media/ttf/4D68CCA27FA538EE/immo_tul/backend/node_modules/prisma/build/public/assets/search.2ed766ce.svg'
783 silly tar TAR_ENTRY_ERROR ENOENT: no such file or directory, open '/run/media/ttf/4D68CCA27FA538EE/immo_tul/backend/node_modules/prisma/build/public/assets/search.2ed766ce.svg' [Error: ENOENT: no such file or directory, open '/run/media/ttf/4D68CCA27FA538EE/immo_tul/backend/node_modules/prisma/build/public/assets/search.2ed766ce.svg'] {
783 silly tar   errno: -2,
783 silly tar   code: 'ENOENT',
783 silly tar   syscall: 'open',
783 silly tar   path: '/run/media/ttf/4D68CCA27FA538EE/immo_tul/backend/node_modules/prisma/build/public/assets/search.2ed766ce.svg',
783 silly tar   entry: ReadEntry {
783 silly tar     _events: [Object: null prototype] {},
783 silly tar     _eventsCount: 0,
783 silly tar     _maxListeners: undefined,
783 silly tar     writable: false,
783 silly tar     readable: false,
783 silly tar     extended: null,
783 silly tar     globalExtended: null,
783 silly tar     header: Header {
783 silly tar       cksumValid: true,
783 silly tar       needPax: false,
783 silly tar       nullBlock: false,
783 silly tar       block: null,
783 silly tar       path: 'package/build/public/assets/search.2ed766ce.svg',
783 silly tar       mode: 420,
783 silly tar       uid: 0,
783 silly tar       gid: 0,
783 silly tar       size: 363,
783 silly tar       mtime: 1985-10-26T08:15:00.000Z,
783 silly tar       cksum: 8140,
783 silly tar       linkpath: '',
783 silly tar       uname: '',
783 silly tar       gname: '',
783 silly tar       devmaj: 0,
783 silly tar       devmin: 0,
783 silly tar       atime: null,
783 silly tar       ctime: null,
783 silly tar       Symbol(type): '0'
783 silly tar     },
783 silly tar     startBlockSize: 512,
783 silly tar     blockRemain: 0,
783 silly tar     remain: 0,
783 silly tar     type: 'File',
783 silly tar     meta: false,
783 silly tar     ignore: false,
783 silly tar     path: 'build/public/assets/search.2ed766ce.svg',
783 silly tar     mode: 438,
783 silly tar     uid: 0,
783 silly tar     gid: 0,
783 silly tar     uname: '',
783 silly tar     gname: '',
783 silly tar     size: 363,
783 silly tar     mtime: 1985-10-26T08:15:00.000Z,
783 silly tar     atime: null,
783 silly tar     ctime: null,
783 silly tar     linkpath: '',
783 silly tar     absolute: '/run/media/ttf/4D68CCA27FA538EE/immo_tul/backend/node_modules/prisma/build/public/assets/search.2ed766ce.svg',
783 silly tar     Symbol(shapeMode): false,
783 silly tar     Symbol(kCapture): false,
783 silly tar     Symbol(flowing): false,
783 silly tar     Symbol(paused): true,
783 silly tar     Symbol(pipes): [ [Pipe] ],
783 silly tar     Symbol(buffer): [],
783 silly tar     Symbol(objectMode): false,
783 silly tar     Symbol(encoding): null,
783 silly tar     Symbol(async): false,
783 silly tar     Symbol(decoder): null,
783 silly tar     Symbol(EOF): true,
783 silly tar     Symbol(emittedEnd): true,
783 silly tar     Symbol(emittingEnd): false,
783 silly tar     Symbol(closed): false,
783 silly tar     Symbol(emittedError): null,
783 silly tar     Symbol(bufferLength): 0,
783 silly tar     Symbol(destroyed): false,
783 silly tar     Symbol(signal): undefined,
783 silly tar     Symbol(aborted): false,
783 silly tar     Symbol(dataListeners): 0,
783 silly tar     Symbol(discarded): false
783 silly tar   },
783 silly tar   cwd: '/run/media/ttf/4D68CCA27FA538EE/immo_tul/backend/node_modules/prisma',
783 silly tar   tarCode: 'TAR_ENTRY_ERROR'
783 silly tar }
784 warn tar TAR_ENTRY_ERROR ENOENT: no such file or directory, open '/run/media/ttf/4D68CCA27FA538EE/immo_tul/backend/node_modules/prisma/build/public/assets/settings.5ad25af2.svg'
785 silly tar TAR_ENTRY_ERROR ENOENT: no such file or directory, open '/run/media/ttf/4D68CCA27FA538EE/immo_tul/backend/node_modules/prisma/build/public/assets/settings.5ad25af2.svg' [Error: ENOENT: no such file or directory, open '/run/media/ttf/4D68CCA27FA538EE/immo_tul/backend/node_modules/prisma/build/public/assets/settings.5ad25af2.svg'] {
785 silly tar   errno: -2,
785 silly tar   code: 'ENOENT',
785 silly tar   syscall: 'open',
785 silly tar   path: '/run/media/ttf/4D68CCA27FA538EE/immo_tul/backend/node_modules/prisma/build/public/assets/settings.5ad25af2.svg',
785 silly tar   entry: ReadEntry {
785 silly tar     _events: [Object: null prototype] { end: [Function (anonymous)] },
785 silly tar     _eventsCount: 1,
785 silly tar     _maxListeners: undefined,
785 silly tar     writable: false,
785 silly tar     readable: true,
785 silly tar     extended: null,
785 silly tar     globalExtended: null,
785 silly tar     header: Header {
785 silly tar       cksumValid: true,
785 silly tar       needPax: false,
785 silly tar       nullBlock: false,
785 silly tar       block: null,
785 silly tar       path: 'package/build/public/assets/settings.5ad25af2.svg',
785 silly tar       mode: 420,
785 silly tar       uid: 0,
785 silly tar       gid: 0,
785 silly tar       size: 21112,
785 silly tar       mtime: 1985-10-26T08:15:00.000Z,
785 silly tar       cksum: 8380,
785 silly tar       linkpath: '',
785 silly tar       uname: '',
785 silly tar       gname: '',
785 silly tar       devmaj: 0,
785 silly tar       devmin: 0,
785 silly tar       atime: null,
785 silly tar       ctime: null,
785 silly tar       Symbol(type): '0'
785 silly tar     },
785 silly tar     startBlockSize: 21504,
785 silly tar     blockRemain: 0,
785 silly tar     remain: 0,
785 silly tar     type: 'File',
785 silly tar     meta: false,
785 silly tar     ignore: false,
785 silly tar     path: 'build/public/assets/settings.5ad25af2.svg',
785 silly tar     mode: 438,
785 silly tar     uid: 0,
785 silly tar     gid: 0,
785 silly tar     uname: '',
785 silly tar     gname: '',
785 silly tar     size: 21112,
785 silly tar     mtime: 1985-10-26T08:15:00.000Z,
785 silly tar     atime: null,
785 silly tar     ctime: null,
785 silly tar     linkpath: '',
785 silly tar     absolute: '/run/media/ttf/4D68CCA27FA538EE/immo_tul/backend/node_modules/prisma/build/public/assets/settings.5ad25af2.svg',
785 silly tar     Symbol(shapeMode): false,
785 silly tar     Symbol(kCapture): false,
785 silly tar     Symbol(flowing): false,
785 silly tar     Symbol(paused): true,
785 silly tar     Symbol(pipes): [ [Pipe] ],
785 silly tar     Symbol(buffer): [
785 silly tar       <Buffer 36 35 20 33 2e 39 33 36 32 36 43 33 2e 36 32 34 32 31 20 34 2e 31 36 38 34 34 20 33 2e 34 33 39 38 31 20 34 2e 34 34 34 31 35 20 33 2e 33 31 34 20 34 ... 7028 more bytes>
785 silly tar     ],
785 silly tar     Symbol(objectMode): false,
785 silly tar     Symbol(encoding): null,
785 silly tar     Symbol(async): false,
785 silly tar     Symbol(decoder): null,
785 silly tar     Symbol(EOF): true,
785 silly tar     Symbol(emittedEnd): false,
785 silly tar     Symbol(emittingEnd): false,
785 silly tar     Symbol(closed): false,
785 silly tar     Symbol(emittedError): null,
785 silly tar     Symbol(bufferLength): 7078,
785 silly tar     Symbol(destroyed): false,
785 silly tar     Symbol(signal): undefined,
785 silly tar     Symbol(aborted): false,
785 silly tar     Symbol(dataListeners): 0,
785 silly tar     Symbol(discarded): false
785 silly tar   },
785 silly tar   cwd: '/run/media/ttf/4D68CCA27FA538EE/immo_tul/backend/node_modules/prisma',
785 silly tar   tarCode: 'TAR_ENTRY_ERROR'
785 silly tar }
786 warn tar TAR_ENTRY_ERROR ENOENT: no such file or directory, open '/run/media/ttf/4D68CCA27FA538EE/immo_tul/backend/node_modules/prisma/build/public/assets/string.ea615a24.svg'
787 silly tar TAR_ENTRY_ERROR ENOENT: no such file or directory, open '/run/media/ttf/4D68CCA27FA538EE/immo_tul/backend/node_modules/prisma/build/public/assets/string.ea615a24.svg' [Error: ENOENT: no such file or directory, open '/run/media/ttf/4D68CCA27FA538EE/immo_tul/backend/node_modules/prisma/build/public/assets/string.ea615a24.svg'] {
787 silly tar   errno: -2,
787 silly tar   code: 'ENOENT',
787 silly tar   syscall: 'open',
787 silly tar   path: '/run/media/ttf/4D68CCA27FA538EE/immo_tul/backend/node_modules/prisma/build/public/assets/string.ea615a24.svg',
787 silly tar   entry: ReadEntry {
787 silly tar     _events: [Object: null prototype] {},
787 silly tar     _eventsCount: 0,
787 silly tar     _maxListeners: undefined,
787 silly tar     writable: false,
787 silly tar     readable: false,
787 silly tar     extended: null,
787 silly tar     globalExtended: null,
787 silly tar     header: Header {
787 silly tar       cksumValid: true,
787 silly tar       needPax: false,
787 silly tar       nullBlock: false,
787 silly tar       block: null,
787 silly tar       path: 'package/build/public/assets/string.ea615a24.svg',
787 silly tar       mode: 420,
787 silly tar       uid: 0,
787 silly tar       gid: 0,
787 silly tar       size: 330,
787 silly tar       mtime: 1985-10-26T08:15:00.000Z,
787 silly tar       cksum: 8107,
787 silly tar       linkpath: '',
787 silly tar       uname: '',
787 silly tar       gname: '',
787 silly tar       devmaj: 0,
787 silly tar       devmin: 0,
787 silly tar       atime: null,
787 silly tar       ctime: null,
787 silly tar       Symbol(type): '0'
787 silly tar     },
787 silly tar     startBlockSize: 512,
787 silly tar     blockRemain: 0,
787 silly tar     remain: 0,
787 silly tar     type: 'File',
787 silly tar     meta: false,
787 silly tar     ignore: false,
787 silly tar     path: 'build/public/assets/string.ea615a24.svg',
787 silly tar     mode: 438,
787 silly tar     uid: 0,
787 silly tar     gid: 0,
787 silly tar     uname: '',
787 silly tar     gname: '',
787 silly tar     size: 330,
787 silly tar     mtime: 1985-10-26T08:15:00.000Z,
787 silly tar     atime: null,
787 silly tar     ctime: null,
787 silly tar     linkpath: '',
787 silly tar     absolute: '/run/media/ttf/4D68CCA27FA538EE/immo_tul/backend/node_modules/prisma/build/public/assets/string.ea615a24.svg',
787 silly tar     Symbol(shapeMode): false,
787 silly tar     Symbol(kCapture): false,
787 silly tar     Symbol(flowing): false,
787 silly tar     Symbol(paused): true,
787 silly tar     Symbol(pipes): [ [Pipe] ],
787 silly tar     Symbol(buffer): [],
787 silly tar     Symbol(objectMode): false,
787 silly tar     Symbol(encoding): null,
787 silly tar     Symbol(async): false,
787 silly tar     Symbol(decoder): null,
787 silly tar     Symbol(EOF): true,
787 silly tar     Symbol(emittedEnd): true,
787 silly tar     Symbol(emittingEnd): false,
787 silly tar     Symbol(closed): false,
787 silly tar     Symbol(emittedError): null,
787 silly tar     Symbol(bufferLength): 0,
787 silly tar     Symbol(destroyed): false,
787 silly tar     Symbol(signal): undefined,
787 silly tar     Symbol(aborted): false,
787 silly tar     Symbol(dataListeners): 0,
787 silly tar     Symbol(discarded): false
787 silly tar   },
787 silly tar   cwd: '/run/media/ttf/4D68CCA27FA538EE/immo_tul/backend/node_modules/prisma',
787 silly tar   tarCode: 'TAR_ENTRY_ERROR'
787 silly tar }
788 warn tar TAR_ENTRY_ERROR ENOENT: no such file or directory, open '/run/media/ttf/4D68CCA27FA538EE/immo_tul/backend/node_modules/prisma/build/public/assets/sun.89774753.svg'
789 silly tar TAR_ENTRY_ERROR ENOENT: no such file or directory, open '/run/media/ttf/4D68CCA27FA538EE/immo_tul/backend/node_modules/prisma/build/public/assets/sun.89774753.svg' [Error: ENOENT: no such file or directory, open '/run/media/ttf/4D68CCA27FA538EE/immo_tul/backend/node_modules/prisma/build/public/assets/sun.89774753.svg'] {
789 silly tar   errno: -2,
789 silly tar   code: 'ENOENT',
789 silly tar   syscall: 'open',
789 silly tar   path: '/run/media/ttf/4D68CCA27FA538EE/immo_tul/backend/node_modules/prisma/build/public/assets/sun.89774753.svg',
789 silly tar   entry: ReadEntry {
789 silly tar     _events: [Object: null prototype] {},
789 silly tar     _eventsCount: 0,
789 silly tar     _maxListeners: undefined,
789 silly tar     writable: false,
789 silly tar     readable: false,
789 silly tar     extended: null,
789 silly tar     globalExtended: null,
789 silly tar     header: Header {
789 silly tar       cksumValid: true,
789 silly tar       needPax: false,
789 silly tar       nullBlock: false,
789 silly tar       block: null,
789 silly tar       path: 'package/build/public/assets/sun.89774753.svg',
789 silly tar       mode: 420,
789 silly tar       uid: 0,
789 silly tar       gid: 0,
789 silly tar       size: 484,
789 silly tar       mtime: 1985-10-26T08:15:00.000Z,
789 silly tar       cksum: 7674,
789 silly tar       linkpath: '',
789 silly tar       uname: '',
789 silly tar       gname: '',
789 silly tar       devmaj: 0,
789 silly tar       devmin: 0,
789 silly tar       atime: null,
789 silly tar       ctime: null,
789 silly tar       Symbol(type): '0'
789 silly tar     },
789 silly tar     startBlockSize: 512,
789 silly tar     blockRemain: 0,
789 silly tar     remain: 0,
789 silly tar     type: 'File',
789 silly tar     meta: false,
789 silly tar     ignore: false,
789 silly tar     path: 'build/public/assets/sun.89774753.svg',
789 silly tar     mode: 438,
789 silly tar     uid: 0,
789 silly tar     gid: 0,
789 silly tar     uname: '',
789 silly tar     gname: '',
789 silly tar     size: 484,
789 silly tar     mtime: 1985-10-26T08:15:00.000Z,
789 silly tar     atime: null,
789 silly tar     ctime: null,
789 silly tar     linkpath: '',
789 silly tar     absolute: '/run/media/ttf/4D68CCA27FA538EE/immo_tul/backend/node_modules/prisma/build/public/assets/sun.89774753.svg',
789 silly tar     Symbol(shapeMode): false,
789 silly tar     Symbol(kCapture): false,
789 silly tar     Symbol(flowing): false,
789 silly tar     Symbol(paused): true,
789 silly tar     Symbol(pipes): [ [Pipe] ],
789 silly tar     Symbol(buffer): [],
789 silly tar     Symbol(objectMode): false,
789 silly tar     Symbol(encoding): null,
789 silly tar     Symbol(async): false,
789 silly tar     Symbol(decoder): null,
789 silly tar     Symbol(EOF): true,
789 silly tar     Symbol(emittedEnd): true,
789 silly tar     Symbol(emittingEnd): false,
789 silly tar     Symbol(closed): false,
789 silly tar     Symbol(emittedError): null,
789 silly tar     Symbol(bufferLength): 0,
789 silly tar     Symbol(destroyed): false,
789 silly tar     Symbol(signal): undefined,
789 silly tar     Symbol(aborted): false,
789 silly tar     Symbol(dataListeners): 0,
789 silly tar     Symbol(discarded): false
789 silly tar   },
789 silly tar   cwd: '/run/media/ttf/4D68CCA27FA538EE/immo_tul/backend/node_modules/prisma',
789 silly tar   tarCode: 'TAR_ENTRY_ERROR'
789 silly tar }
790 warn tar TAR_ENTRY_ERROR ENOENT: no such file or directory, open '/run/media/ttf/4D68CCA27FA538EE/immo_tul/backend/node_modules/prisma/build/public/assets/tick-indeterminate.aec8a44d.svg'
791 silly tar TAR_ENTRY_ERROR ENOENT: no such file or directory, open '/run/media/ttf/4D68CCA27FA538EE/immo_tul/backend/node_modules/prisma/build/public/assets/tick-indeterminate.aec8a44d.svg' [Error: ENOENT: no such file or directory, open '/run/media/ttf/4D68CCA27FA538EE/immo_tul/backend/node_modules/prisma/build/public/assets/tick-indeterminate.aec8a44d.svg'] {
791 silly tar   errno: -2,
791 silly tar   code: 'ENOENT',
791 silly tar   syscall: 'open',
791 silly tar   path: '/run/media/ttf/4D68CCA27FA538EE/immo_tul/backend/node_modules/prisma/build/public/assets/tick-indeterminate.aec8a44d.svg',
791 silly tar   entry: ReadEntry {
791 silly tar     _events: [Object: null prototype] {},
791 silly tar     _eventsCount: 0,
791 silly tar     _maxListeners: undefined,
791 silly tar     writable: false,
791 silly tar     readable: false,
791 silly tar     extended: null,
791 silly tar     globalExtended: null,
791 silly tar     header: Header {
791 silly tar       cksumValid: true,
791 silly tar       needPax: false,
791 silly tar       nullBlock: false,
791 silly tar       block: null,
791 silly tar       path: 'package/build/public/assets/tick-indeterminate.aec8a44d.svg',
791 silly tar       mode: 420,
791 silly tar       uid: 0,
791 silly tar       gid: 0,
791 silly tar       size: 152,
791 silly tar       mtime: 1985-10-26T08:15:00.000Z,
791 silly tar       cksum: 9399,
791 silly tar       linkpath: '',
791 silly tar       uname: '',
791 silly tar       gname: '',
791 silly tar       devmaj: 0,
791 silly tar       devmin: 0,
791 silly tar       atime: null,
791 silly tar       ctime: null,
791 silly tar       Symbol(type): '0'
791 silly tar     },
791 silly tar     startBlockSize: 512,
791 silly tar     blockRemain: 0,
791 silly tar     remain: 0,
791 silly tar     type: 'File',
791 silly tar     meta: false,
791 silly tar     ignore: false,
791 silly tar     path: 'build/public/assets/tick-indeterminate.aec8a44d.svg',
791 silly tar     mode: 438,
791 silly tar     uid: 0,
791 silly tar     gid: 0,
791 silly tar     uname: '',
791 silly tar     gname: '',
791 silly tar     size: 152,
791 silly tar     mtime: 1985-10-26T08:15:00.000Z,
791 silly tar     atime: null,
791 silly tar     ctime: null,
791 silly tar     linkpath: '',
791 silly tar     absolute: '/run/media/ttf/4D68CCA27FA538EE/immo_tul/backend/node_modules/prisma/build/public/assets/tick-indeterminate.aec8a44d.svg',
791 silly tar     Symbol(shapeMode): false,
791 silly tar     Symbol(kCapture): false,
791 silly tar     Symbol(flowing): false,
791 silly tar     Symbol(paused): true,
791 silly tar     Symbol(pipes): [ [Pipe] ],
791 silly tar     Symbol(buffer): [],
791 silly tar     Symbol(objectMode): false,
791 silly tar     Symbol(encoding): null,
791 silly tar     Symbol(async): false,
791 silly tar     Symbol(decoder): null,
791 silly tar     Symbol(EOF): true,
791 silly tar     Symbol(emittedEnd): true,
791 silly tar     Symbol(emittingEnd): false,
791 silly tar     Symbol(closed): false,
791 silly tar     Symbol(emittedError): null,
791 silly tar     Symbol(bufferLength): 0,
791 silly tar     Symbol(destroyed): false,
791 silly tar     Symbol(signal): undefined,
791 silly tar     Symbol(aborted): false,
791 silly tar     Symbol(dataListeners): 0,
791 silly tar     Symbol(discarded): false
791 silly tar   },
791 silly tar   cwd: '/run/media/ttf/4D68CCA27FA538EE/immo_tul/backend/node_modules/prisma',
791 silly tar   tarCode: 'TAR_ENTRY_ERROR'
791 silly tar }
792 warn tar TAR_ENTRY_ERROR ENOENT: no such file or directory, open '/run/media/ttf/4D68CCA27FA538EE/immo_tul/backend/node_modules/prisma/build/public/assets/tick.8cbb6a93.svg'
793 silly tar TAR_ENTRY_ERROR ENOENT: no such file or directory, open '/run/media/ttf/4D68CCA27FA538EE/immo_tul/backend/node_modules/prisma/build/public/assets/tick.8cbb6a93.svg' [Error: ENOENT: no such file or directory, open '/run/media/ttf/4D68CCA27FA538EE/immo_tul/backend/node_modules/prisma/build/public/assets/tick.8cbb6a93.svg'] {
793 silly tar   errno: -2,
793 silly tar   code: 'ENOENT',
793 silly tar   syscall: 'open',
793 silly tar   path: '/run/media/ttf/4D68CCA27FA538EE/immo_tul/backend/node_modules/prisma/build/public/assets/tick.8cbb6a93.svg',
793 silly tar   entry: ReadEntry {
793 silly tar     _events: [Object: null prototype] {},
793 silly tar     _eventsCount: 0,
793 silly tar     _maxListeners: undefined,
793 silly tar     writable: false,
793 silly tar     readable: false,
793 silly tar     extended: null,
793 silly tar     globalExtended: null,
793 silly tar     header: Header {
793 silly tar       cksumValid: true,
793 silly tar       needPax: false,
793 silly tar       nullBlock: false,
793 silly tar       block: null,
793 silly tar       path: 'package/build/public/assets/tick.8cbb6a93.svg',
793 silly tar       mode: 420,
793 silly tar       uid: 0,
793 silly tar       gid: 0,
793 silly tar       size: 481,
793 silly tar       mtime: 1985-10-26T08:15:00.000Z,
793 silly tar       cksum: 7932,
793 silly tar       linkpath: '',
793 silly tar       uname: '',
793 silly tar       gname: '',
793 silly tar       devmaj: 0,
793 silly tar       devmin: 0,
793 silly tar       atime: null,
793 silly tar       ctime: null,
793 silly tar       Symbol(type): '0'
793 silly tar     },
793 silly tar     startBlockSize: 512,
793 silly tar     blockRemain: 0,
793 silly tar     remain: 0,
793 silly tar     type: 'File',
793 silly tar     meta: false,
793 silly tar     ignore: false,
793 silly tar     path: 'build/public/assets/tick.8cbb6a93.svg',
793 silly tar     mode: 438,
793 silly tar     uid: 0,
793 silly tar     gid: 0,
793 silly tar     uname: '',
793 silly tar     gname: '',
793 silly tar     size: 481,
793 silly tar     mtime: 1985-10-26T08:15:00.000Z,
793 silly tar     atime: null,
793 silly tar     ctime: null,
793 silly tar     linkpath: '',
793 silly tar     absolute: '/run/media/ttf/4D68CCA27FA538EE/immo_tul/backend/node_modules/prisma/build/public/assets/tick.8cbb6a93.svg',
793 silly tar     Symbol(shapeMode): false,
793 silly tar     Symbol(kCapture): false,
793 silly tar     Symbol(flowing): false,
793 silly tar     Symbol(paused): true,
793 silly tar     Symbol(pipes): [ [Pipe] ],
793 silly tar     Symbol(buffer): [],
793 silly tar     Symbol(objectMode): false,
793 silly tar     Symbol(encoding): null,
793 silly tar     Symbol(async): false,
793 silly tar     Symbol(decoder): null,
793 silly tar     Symbol(EOF): true,
793 silly tar     Symbol(emittedEnd): true,
793 silly tar     Symbol(emittingEnd): false,
793 silly tar     Symbol(closed): false,
793 silly tar     Symbol(emittedError): null,
793 silly tar     Symbol(bufferLength): 0,
793 silly tar     Symbol(destroyed): false,
793 silly tar     Symbol(signal): undefined,
793 silly tar     Symbol(aborted): false,
793 silly tar     Symbol(dataListeners): 0,
793 silly tar     Symbol(discarded): false
793 silly tar   },
793 silly tar   cwd: '/run/media/ttf/4D68CCA27FA538EE/immo_tul/backend/node_modules/prisma',
793 silly tar   tarCode: 'TAR_ENTRY_ERROR'
793 silly tar }
794 warn tar TAR_ENTRY_ERROR ENOENT: no such file or directory, open '/run/media/ttf/4D68CCA27FA538EE/immo_tul/backend/node_modules/prisma/prisma-client/runtime/binary.d.ts'
795 silly tar TAR_ENTRY_ERROR ENOENT: no such file or directory, open '/run/media/ttf/4D68CCA27FA538EE/immo_tul/backend/node_modules/prisma/prisma-client/runtime/binary.d.ts' [Error: ENOENT: no such file or directory, open '/run/media/ttf/4D68CCA27FA538EE/immo_tul/backend/node_modules/prisma/prisma-client/runtime/binary.d.ts'] {
795 silly tar   errno: -2,
795 silly tar   code: 'ENOENT',
795 silly tar   syscall: 'open',
795 silly tar   path: '/run/media/ttf/4D68CCA27FA538EE/immo_tul/backend/node_modules/prisma/prisma-client/runtime/binary.d.ts',
795 silly tar   entry: ReadEntry {
795 silly tar     _events: [Object: null prototype] {},
795 silly tar     _eventsCount: 0,
795 silly tar     _maxListeners: undefined,
795 silly tar     writable: false,
795 silly tar     readable: false,
795 silly tar     extended: null,
795 silly tar     globalExtended: null,
795 silly tar     header: Header {
795 silly tar       cksumValid: true,
795 silly tar       needPax: false,
795 silly tar       nullBlock: false,
795 silly tar       block: null,
795 silly tar       path: 'package/prisma-client/runtime/binary.d.ts',
795 silly tar       mode: 420,
795 silly tar       uid: 0,
795 silly tar       gid: 0,
795 silly tar       size: 26,
795 silly tar       mtime: 1985-10-26T08:15:00.000Z,
795 silly tar       cksum: 7763,
795 silly tar       linkpath: '',
795 silly tar       uname: '',
795 silly tar       gname: '',
795 silly tar       devmaj: 0,
795 silly tar       devmin: 0,
795 silly tar       atime: null,
795 silly tar       ctime: null,
795 silly tar       Symbol(type): '0'
795 silly tar     },
795 silly tar     startBlockSize: 512,
795 silly tar     blockRemain: 0,
795 silly tar     remain: 0,
795 silly tar     type: 'File',
795 silly tar     meta: false,
795 silly tar     ignore: false,
795 silly tar     path: 'prisma-client/runtime/binary.d.ts',
795 silly tar     mode: 438,
795 silly tar     uid: 0,
795 silly tar     gid: 0,
795 silly tar     uname: '',
795 silly tar     gname: '',
795 silly tar     size: 26,
795 silly tar     mtime: 1985-10-26T08:15:00.000Z,
795 silly tar     atime: null,
795 silly tar     ctime: null,
795 silly tar     linkpath: '',
795 silly tar     absolute: '/run/media/ttf/4D68CCA27FA538EE/immo_tul/backend/node_modules/prisma/prisma-client/runtime/binary.d.ts',
795 silly tar     Symbol(shapeMode): false,
795 silly tar     Symbol(kCapture): false,
795 silly tar     Symbol(flowing): false,
795 silly tar     Symbol(paused): true,
795 silly tar     Symbol(pipes): [ [Pipe] ],
795 silly tar     Symbol(buffer): [],
795 silly tar     Symbol(objectMode): false,
795 silly tar     Symbol(encoding): null,
795 silly tar     Symbol(async): false,
795 silly tar     Symbol(decoder): null,
795 silly tar     Symbol(EOF): true,
795 silly tar     Symbol(emittedEnd): true,
795 silly tar     Symbol(emittingEnd): false,
795 silly tar     Symbol(closed): false,
795 silly tar     Symbol(emittedError): null,
795 silly tar     Symbol(bufferLength): 0,
795 silly tar     Symbol(destroyed): false,
795 silly tar     Symbol(signal): undefined,
795 silly tar     Symbol(aborted): false,
795 silly tar     Symbol(dataListeners): 0,
795 silly tar     Symbol(discarded): false
795 silly tar   },
795 silly tar   cwd: '/run/media/ttf/4D68CCA27FA538EE/immo_tul/backend/node_modules/prisma',
795 silly tar   tarCode: 'TAR_ENTRY_ERROR'
795 silly tar }
796 warn tar TAR_ENTRY_ERROR ENOENT: no such file or directory, open '/run/media/ttf/4D68CCA27FA538EE/immo_tul/backend/node_modules/prisma/prisma-client/runtime/client.d.ts'
797 silly tar TAR_ENTRY_ERROR ENOENT: no such file or directory, open '/run/media/ttf/4D68CCA27FA538EE/immo_tul/backend/node_modules/prisma/prisma-client/runtime/client.d.ts' [Error: ENOENT: no such file or directory, open '/run/media/ttf/4D68CCA27FA538EE/immo_tul/backend/node_modules/prisma/prisma-client/runtime/client.d.ts'] {
797 silly tar   errno: -2,
797 silly tar   code: 'ENOENT',
797 silly tar   syscall: 'open',
797 silly tar   path: '/run/media/ttf/4D68CCA27FA538EE/immo_tul/backend/node_modules/prisma/prisma-client/runtime/client.d.ts',
797 silly tar   entry: ReadEntry {
797 silly tar     _events: [Object: null prototype] {
797 silly tar       end: [Function (anonymous)],
797 silly tar       drain: [Function]
797 silly tar     },
797 silly tar     _eventsCount: 2,
797 silly tar     _maxListeners: undefined,
797 silly tar     writable: true,
797 silly tar     readable: true,
797 silly tar     extended: null,
797 silly tar     globalExtended: null,
797 silly tar     header: Header {
797 silly tar       cksumValid: true,
797 silly tar       needPax: false,
797 silly tar       nullBlock: false,
797 silly tar       block: null,
797 silly tar       path: 'package/prisma-client/runtime/client.d.ts',
797 silly tar       mode: 420,
797 silly tar       uid: 0,
797 silly tar       gid: 0,
797 silly tar       size: 129753,
797 silly tar       mtime: 1985-10-26T08:15:00.000Z,
797 silly tar       cksum: 7774,
797 silly tar       linkpath: '',
797 silly tar       uname: '',
797 silly tar       gname: '',
797 silly tar       devmaj: 0,
797 silly tar       devmin: 0,
797 silly tar       atime: null,
797 silly tar       ctime: null,
797 silly tar       Symbol(type): '0'
797 silly tar     },
797 silly tar     startBlockSize: 130048,
797 silly tar     blockRemain: 96012,
797 silly tar     remain: 95717,
797 silly tar     type: 'File',
797 silly tar     meta: false,
797 silly tar     ignore: false,
797 silly tar     path: 'prisma-client/runtime/client.d.ts',
797 silly tar     mode: 438,
797 silly tar     uid: 0,
797 silly tar     gid: 0,
797 silly tar     uname: '',
797 silly tar     gname: '',
797 silly tar     size: 129753,
797 silly tar     mtime: 1985-10-26T08:15:00.000Z,
797 silly tar     atime: null,
797 silly tar     ctime: null,
797 silly tar     linkpath: '',
797 silly tar     absolute: '/run/media/ttf/4D68CCA27FA538EE/immo_tul/backend/node_modules/prisma/prisma-client/runtime/client.d.ts',
797 silly tar     Symbol(shapeMode): false,
797 silly tar     Symbol(kCapture): false,
797 silly tar     Symbol(flowing): false,
797 silly tar     Symbol(paused): true,
797 silly tar     Symbol(pipes): [ [Pipe] ],
797 silly tar     Symbol(buffer): [
797 silly tar       <Buffer 5d 20 3a 20 61 6e 79 3b 0d 0a 0d 0a 65 78 70 6f 72 74 20 64 65 63 6c 61 72 65 20 74 79 70 65 20 41 72 67 73 5f 33 3c 54 2c 20 46 20 65 78 74 65 6e 64 ... 16334 more bytes>,
797 silly tar       <Buffer 6c 75 65 29 3a 20 44 65 63 69 6d 61 6c 3b 0d 0a 20 20 20 20 73 74 61 74 69 63 20 72 61 6e 64 6f 6d 28 73 69 67 6e 69 66 69 63 61 6e 74 44 69 67 69 74 ... 14320 more bytes>
797 silly tar     ],
797 silly tar     Symbol(objectMode): false,
797 silly tar     Symbol(encoding): null,
797 silly tar     Symbol(async): false,
797 silly tar     Symbol(decoder): null,
797 silly tar     Symbol(EOF): false,
797 silly tar     Symbol(emittedEnd): false,
797 silly tar     Symbol(emittingEnd): false,
797 silly tar     Symbol(closed): false,
797 silly tar     Symbol(emittedError): null,
797 silly tar     Symbol(bufferLength): 30754,
797 silly tar     Symbol(destroyed): false,
797 silly tar     Symbol(signal): undefined,
797 silly tar     Symbol(aborted): false,
797 silly tar     Symbol(dataListeners): 0,
797 silly tar     Symbol(discarded): false
797 silly tar   },
797 silly tar   cwd: '/run/media/ttf/4D68CCA27FA538EE/immo_tul/backend/node_modules/prisma',
797 silly tar   tarCode: 'TAR_ENTRY_ERROR'
797 silly tar }
798 warn tar TAR_ENTRY_ERROR ENOENT: no such file or directory, open '/run/media/ttf/4D68CCA27FA538EE/immo_tul/backend/node_modules/prisma/config.d.ts'
799 silly tar TAR_ENTRY_ERROR ENOENT: no such file or directory, open '/run/media/ttf/4D68CCA27FA538EE/immo_tul/backend/node_modules/prisma/config.d.ts' [Error: ENOENT: no such file or directory, open '/run/media/ttf/4D68CCA27FA538EE/immo_tul/backend/node_modules/prisma/config.d.ts'] {
799 silly tar   errno: -2,
799 silly tar   code: 'ENOENT',
799 silly tar   syscall: 'open',
799 silly tar   path: '/run/media/ttf/4D68CCA27FA538EE/immo_tul/backend/node_modules/prisma/config.d.ts',
799 silly tar   entry: ReadEntry {
799 silly tar     _events: [Object: null prototype] {},
799 silly tar     _eventsCount: 0,
799 silly tar     _maxListeners: undefined,
799 silly tar     writable: false,
799 silly tar     readable: false,
799 silly tar     extended: null,
799 silly tar     globalExtended: null,
799 silly tar     header: Header {
799 silly tar       cksumValid: true,
799 silly tar       needPax: false,
799 silly tar       nullBlock: false,
799 silly tar       block: null,
799 silly tar       path: 'package/config.d.ts',
799 silly tar       mode: 420,
799 silly tar       uid: 0,
799 silly tar       gid: 0,
799 silly tar       size: 98,
799 silly tar       mtime: 1985-10-26T08:15:00.000Z,
799 silly tar       cksum: 5548,
799 silly tar       linkpath: '',
799 silly tar       uname: '',
799 silly tar       gname: '',
799 silly tar       devmaj: 0,
799 silly tar       devmin: 0,
799 silly tar       atime: null,
799 silly tar       ctime: null,
799 silly tar       Symbol(type): '0'
799 silly tar     },
799 silly tar     startBlockSize: 512,
799 silly tar     blockRemain: 0,
799 silly tar     remain: 0,
799 silly tar     type: 'File',
799 silly tar     meta: false,
799 silly tar     ignore: false,
799 silly tar     path: 'config.d.ts',
799 silly tar     mode: 438,
799 silly tar     uid: 0,
799 silly tar     gid: 0,
799 silly tar     uname: '',
799 silly tar     gname: '',
799 silly tar     size: 98,
799 silly tar     mtime: 1985-10-26T08:15:00.000Z,
799 silly tar     atime: null,
799 silly tar     ctime: null,
799 silly tar     linkpath: '',
799 silly tar     absolute: '/run/media/ttf/4D68CCA27FA538EE/immo_tul/backend/node_modules/prisma/config.d.ts',
799 silly tar     Symbol(shapeMode): false,
799 silly tar     Symbol(kCapture): false,
799 silly tar     Symbol(flowing): false,
799 silly tar     Symbol(paused): true,
799 silly tar     Symbol(pipes): [ [Pipe] ],
799 silly tar     Symbol(buffer): [],
799 silly tar     Symbol(objectMode): false,
799 silly tar     Symbol(encoding): null,
799 silly tar     Symbol(async): false,
799 silly tar     Symbol(decoder): null,
799 silly tar     Symbol(EOF): true,
799 silly tar     Symbol(emittedEnd): true,
799 silly tar     Symbol(emittingEnd): false,
799 silly tar     Symbol(closed): false,
799 silly tar     Symbol(emittedError): null,
799 silly tar     Symbol(bufferLength): 0,
799 silly tar     Symbol(destroyed): false,
799 silly tar     Symbol(signal): undefined,
799 silly tar     Symbol(aborted): false,
799 silly tar     Symbol(dataListeners): 0,
799 silly tar     Symbol(discarded): false
799 silly tar   },
799 silly tar   cwd: '/run/media/ttf/4D68CCA27FA538EE/immo_tul/backend/node_modules/prisma',
799 silly tar   tarCode: 'TAR_ENTRY_ERROR'
799 silly tar }
800 warn tar TAR_ENTRY_ERROR ENOENT: no such file or directory, open '/run/media/ttf/4D68CCA27FA538EE/immo_tul/backend/node_modules/prisma/prisma-client/scripts/default-index.d.ts'
801 silly tar TAR_ENTRY_ERROR ENOENT: no such file or directory, open '/run/media/ttf/4D68CCA27FA538EE/immo_tul/backend/node_modules/prisma/prisma-client/scripts/default-index.d.ts' [Error: ENOENT: no such file or directory, open '/run/media/ttf/4D68CCA27FA538EE/immo_tul/backend/node_modules/prisma/prisma-client/scripts/default-index.d.ts'] {
801 silly tar   errno: -2,
801 silly tar   code: 'ENOENT',
801 silly tar   syscall: 'open',
801 silly tar   path: '/run/media/ttf/4D68CCA27FA538EE/immo_tul/backend/node_modules/prisma/prisma-client/scripts/default-index.d.ts',
801 silly tar   entry: ReadEntry {
801 silly tar     _events: [Object: null prototype] {},
801 silly tar     _eventsCount: 0,
801 silly tar     _maxListeners: undefined,
801 silly tar     writable: false,
801 silly tar     readable: false,
801 silly tar     extended: null,
801 silly tar     globalExtended: null,
801 silly tar     header: Header {
801 silly tar       cksumValid: true,
801 silly tar       needPax: false,
801 silly tar       nullBlock: false,
801 silly tar       block: null,
801 silly tar       path: 'package/prisma-client/scripts/default-index.d.ts',
801 silly tar       mode: 420,
801 silly tar       uid: 0,
801 silly tar       gid: 0,
801 silly tar       size: 3989,
801 silly tar       mtime: 1985-10-26T08:15:00.000Z,
801 silly tar       cksum: 8459,
801 silly tar       linkpath: '',
801 silly tar       uname: '',
801 silly tar       gname: '',
801 silly tar       devmaj: 0,
801 silly tar       devmin: 0,
801 silly tar       atime: null,
801 silly tar       ctime: null,
801 silly tar       Symbol(type): '0'
801 silly tar     },
801 silly tar     startBlockSize: 4096,
801 silly tar     blockRemain: 0,
801 silly tar     remain: 0,
801 silly tar     type: 'File',
801 silly tar     meta: false,
801 silly tar     ignore: false,
801 silly tar     path: 'prisma-client/scripts/default-index.d.ts',
801 silly tar     mode: 438,
801 silly tar     uid: 0,
801 silly tar     gid: 0,
801 silly tar     uname: '',
801 silly tar     gname: '',
801 silly tar     size: 3989,
801 silly tar     mtime: 1985-10-26T08:15:00.000Z,
801 silly tar     atime: null,
801 silly tar     ctime: null,
801 silly tar     linkpath: '',
801 silly tar     absolute: '/run/media/ttf/4D68CCA27FA538EE/immo_tul/backend/node_modules/prisma/prisma-client/scripts/default-index.d.ts',
801 silly tar     Symbol(shapeMode): false,
801 silly tar     Symbol(kCapture): false,
801 silly tar     Symbol(flowing): false,
801 silly tar     Symbol(paused): true,
801 silly tar     Symbol(pipes): [ [Pipe] ],
801 silly tar     Symbol(buffer): [],
801 silly tar     Symbol(objectMode): false,
801 silly tar     Symbol(encoding): null,
801 silly tar     Symbol(async): false,
801 silly tar     Symbol(decoder): null,
801 silly tar     Symbol(EOF): true,
801 silly tar     Symbol(emittedEnd): true,
801 silly tar     Symbol(emittingEnd): false,
801 silly tar     Symbol(closed): false,
801 silly tar     Symbol(emittedError): null,
801 silly tar     Symbol(bufferLength): 0,
801 silly tar     Symbol(destroyed): false,
801 silly tar     Symbol(signal): undefined,
801 silly tar     Symbol(aborted): false,
801 silly tar     Symbol(dataListeners): 0,
801 silly tar     Symbol(discarded): false
801 silly tar   },
801 silly tar   cwd: '/run/media/ttf/4D68CCA27FA538EE/immo_tul/backend/node_modules/prisma',
801 silly tar   tarCode: 'TAR_ENTRY_ERROR'
801 silly tar }
802 warn tar TAR_ENTRY_ERROR ENOENT: no such file or directory, open '/run/media/ttf/4D68CCA27FA538EE/immo_tul/backend/node_modules/prisma/prisma-client/default.d.ts'
803 silly tar TAR_ENTRY_ERROR ENOENT: no such file or directory, open '/run/media/ttf/4D68CCA27FA538EE/immo_tul/backend/node_modules/prisma/prisma-client/default.d.ts' [Error: ENOENT: no such file or directory, open '/run/media/ttf/4D68CCA27FA538EE/immo_tul/backend/node_modules/prisma/prisma-client/default.d.ts'] {
803 silly tar   errno: -2,
803 silly tar   code: 'ENOENT',
803 silly tar   syscall: 'open',
803 silly tar   path: '/run/media/ttf/4D68CCA27FA538EE/immo_tul/backend/node_modules/prisma/prisma-client/default.d.ts',
803 silly tar   entry: ReadEntry {
803 silly tar     _events: [Object: null prototype] {},
803 silly tar     _eventsCount: 0,
803 silly tar     _maxListeners: undefined,
803 silly tar     writable: false,
803 silly tar     readable: false,
803 silly tar     extended: null,
803 silly tar     globalExtended: null,
803 silly tar     header: Header {
803 silly tar       cksumValid: true,
803 silly tar       needPax: false,
803 silly tar       nullBlock: false,
803 silly tar       block: null,
803 silly tar       path: 'package/prisma-client/default.d.ts',
803 silly tar       mode: 420,
803 silly tar       uid: 0,
803 silly tar       gid: 0,
803 silly tar       size: 39,
803 silly tar       mtime: 1985-10-26T08:15:00.000Z,
803 silly tar       cksum: 7046,
803 silly tar       linkpath: '',
803 silly tar       uname: '',
803 silly tar       gname: '',
803 silly tar       devmaj: 0,
803 silly tar       devmin: 0,
803 silly tar       atime: null,
803 silly tar       ctime: null,
803 silly tar       Symbol(type): '0'
803 silly tar     },
803 silly tar     startBlockSize: 512,
803 silly tar     blockRemain: 0,
803 silly tar     remain: 0,
803 silly tar     type: 'File',
803 silly tar     meta: false,
803 silly tar     ignore: false,
803 silly tar     path: 'prisma-client/default.d.ts',
803 silly tar     mode: 438,
803 silly tar     uid: 0,
803 silly tar     gid: 0,
803 silly tar     uname: '',
803 silly tar     gname: '',
803 silly tar     size: 39,
803 silly tar     mtime: 1985-10-26T08:15:00.000Z,
803 silly tar     atime: null,
803 silly tar     ctime: null,
803 silly tar     linkpath: '',
803 silly tar     absolute: '/run/media/ttf/4D68CCA27FA538EE/immo_tul/backend/node_modules/prisma/prisma-client/default.d.ts',
803 silly tar     Symbol(shapeMode): false,
803 silly tar     Symbol(kCapture): false,
803 silly tar     Symbol(flowing): false,
803 silly tar     Symbol(paused): true,
803 silly tar     Symbol(pipes): [ [Pipe] ],
803 silly tar     Symbol(buffer): [],
803 silly tar     Symbol(objectMode): false,
803 silly tar     Symbol(encoding): null,
803 silly tar     Symbol(async): false,
803 silly tar     Symbol(decoder): null,
803 silly tar     Symbol(EOF): true,
803 silly tar     Symbol(emittedEnd): true,
803 silly tar     Symbol(emittingEnd): false,
803 silly tar     Symbol(closed): false,
803 silly tar     Symbol(emittedError): null,
803 silly tar     Symbol(bufferLength): 0,
803 silly tar     Symbol(destroyed): false,
803 silly tar     Symbol(signal): undefined,
803 silly tar     Symbol(aborted): false,
803 silly tar     Symbol(dataListeners): 0,
803 silly tar     Symbol(discarded): false
803 silly tar   },
803 silly tar   cwd: '/run/media/ttf/4D68CCA27FA538EE/immo_tul/backend/node_modules/prisma',
803 silly tar   tarCode: 'TAR_ENTRY_ERROR'
803 silly tar }
804 warn tar TAR_ENTRY_ERROR ENOENT: no such file or directory, open '/run/media/ttf/4D68CCA27FA538EE/immo_tul/backend/node_modules/prisma/prisma-client/edge.d.ts'
805 silly tar TAR_ENTRY_ERROR ENOENT: no such file or directory, open '/run/media/ttf/4D68CCA27FA538EE/immo_tul/backend/node_modules/prisma/prisma-client/edge.d.ts' [Error: ENOENT: no such file or directory, open '/run/media/ttf/4D68CCA27FA538EE/immo_tul/backend/node_modules/prisma/prisma-client/edge.d.ts'] {
805 silly tar   errno: -2,
805 silly tar   code: 'ENOENT',
805 silly tar   syscall: 'open',
805 silly tar   path: '/run/media/ttf/4D68CCA27FA538EE/immo_tul/backend/node_modules/prisma/prisma-client/edge.d.ts',
805 silly tar   entry: ReadEntry {
805 silly tar     _events: [Object: null prototype] {},
805 silly tar     _eventsCount: 0,
805 silly tar     _maxListeners: undefined,
805 silly tar     writable: false,
805 silly tar     readable: false,
805 silly tar     extended: null,
805 silly tar     globalExtended: null,
805 silly tar     header: Header {
805 silly tar       cksumValid: true,
805 silly tar       needPax: false,
805 silly tar       nullBlock: false,
805 silly tar       block: null,
805 silly tar       path: 'package/prisma-client/edge.d.ts',
805 silly tar       mode: 420,
805 silly tar       uid: 0,
805 silly tar       gid: 0,
805 silly tar       size: 36,
805 silly tar       mtime: 1985-10-26T08:15:00.000Z,
805 silly tar       cksum: 6707,
805 silly tar       linkpath: '',
805 silly tar       uname: '',
805 silly tar       gname: '',
805 silly tar       devmaj: 0,
805 silly tar       devmin: 0,
805 silly tar       atime: null,
805 silly tar       ctime: null,
805 silly tar       Symbol(type): '0'
805 silly tar     },
805 silly tar     startBlockSize: 512,
805 silly tar     blockRemain: 0,
805 silly tar     remain: 0,
805 silly tar     type: 'File',
805 silly tar     meta: false,
805 silly tar     ignore: false,
805 silly tar     path: 'prisma-client/edge.d.ts',
805 silly tar     mode: 438,
805 silly tar     uid: 0,
805 silly tar     gid: 0,
805 silly tar     uname: '',
805 silly tar     gname: '',
805 silly tar     size: 36,
805 silly tar     mtime: 1985-10-26T08:15:00.000Z,
805 silly tar     atime: null,
805 silly tar     ctime: null,
805 silly tar     linkpath: '',
805 silly tar     absolute: '/run/media/ttf/4D68CCA27FA538EE/immo_tul/backend/node_modules/prisma/prisma-client/edge.d.ts',
805 silly tar     Symbol(shapeMode): false,
805 silly tar     Symbol(kCapture): false,
805 silly tar     Symbol(flowing): false,
805 silly tar     Symbol(paused): true,
805 silly tar     Symbol(pipes): [ [Pipe] ],
805 silly tar     Symbol(buffer): [],
805 silly tar     Symbol(objectMode): false,
805 silly tar     Symbol(encoding): null,
805 silly tar     Symbol(async): false,
805 silly tar     Symbol(decoder): null,
805 silly tar     Symbol(EOF): true,
805 silly tar     Symbol(emittedEnd): true,
805 silly tar     Symbol(emittingEnd): false,
805 silly tar     Symbol(closed): false,
805 silly tar     Symbol(emittedError): null,
805 silly tar     Symbol(bufferLength): 0,
805 silly tar     Symbol(destroyed): false,
805 silly tar     Symbol(signal): undefined,
805 silly tar     Symbol(aborted): false,
805 silly tar     Symbol(dataListeners): 0,
805 silly tar     Symbol(discarded): false
805 silly tar   },
805 silly tar   cwd: '/run/media/ttf/4D68CCA27FA538EE/immo_tul/backend/node_modules/prisma',
805 silly tar   tarCode: 'TAR_ENTRY_ERROR'
805 silly tar }
806 warn tar TAR_ENTRY_ERROR ENOENT: no such file or directory, open '/run/media/ttf/4D68CCA27FA538EE/immo_tul/backend/node_modules/prisma/prisma-client/runtime/edge.d.ts'
807 silly tar TAR_ENTRY_ERROR ENOENT: no such file or directory, open '/run/media/ttf/4D68CCA27FA538EE/immo_tul/backend/node_modules/prisma/prisma-client/runtime/edge.d.ts' [Error: ENOENT: no such file or directory, open '/run/media/ttf/4D68CCA27FA538EE/immo_tul/backend/node_modules/prisma/prisma-client/runtime/edge.d.ts'] {
807 silly tar   errno: -2,
807 silly tar   code: 'ENOENT',
807 silly tar   syscall: 'open',
807 silly tar   path: '/run/media/ttf/4D68CCA27FA538EE/immo_tul/backend/node_modules/prisma/prisma-client/runtime/edge.d.ts',
807 silly tar   entry: ReadEntry {
807 silly tar     _events: [Object: null prototype] {
807 silly tar       end: [Function (anonymous)],
807 silly tar       drain: [Function]
807 silly tar     },
807 silly tar     _eventsCount: 2,
807 silly tar     _maxListeners: undefined,
807 silly tar     writable: true,
807 silly tar     readable: true,
807 silly tar     extended: null,
807 silly tar     globalExtended: null,
807 silly tar     header: Header {
807 silly tar       cksumValid: true,
807 silly tar       needPax: false,
807 silly tar       nullBlock: false,
807 silly tar       block: null,
807 silly tar       path: 'package/prisma-client/runtime/edge.d.ts',
807 silly tar       mode: 420,
807 silly tar       uid: 0,
807 silly tar       gid: 0,
807 silly tar       size: 129753,
807 silly tar       mtime: 1985-10-26T08:15:00.000Z,
807 silly tar       cksum: 7540,
807 silly tar       linkpath: '',
807 silly tar       uname: '',
807 silly tar       gname: '',
807 silly tar       devmaj: 0,
807 silly tar       devmin: 0,
807 silly tar       atime: null,
807 silly tar       ctime: null,
807 silly tar       Symbol(type): '0'
807 silly tar     },
807 silly tar     startBlockSize: 130048,
807 silly tar     blockRemain: 88820,
807 silly tar     remain: 88525,
807 silly tar     type: 'File',
807 silly tar     meta: false,
807 silly tar     ignore: false,
807 silly tar     path: 'prisma-client/runtime/edge.d.ts',
807 silly tar     mode: 438,
807 silly tar     uid: 0,
807 silly tar     gid: 0,
807 silly tar     uname: '',
807 silly tar     gname: '',
807 silly tar     size: 129753,
807 silly tar     mtime: 1985-10-26T08:15:00.000Z,
807 silly tar     atime: null,
807 silly tar     ctime: null,
807 silly tar     linkpath: '',
807 silly tar     absolute: '/run/media/ttf/4D68CCA27FA538EE/immo_tul/backend/node_modules/prisma/prisma-client/runtime/edge.d.ts',
807 silly tar     Symbol(shapeMode): false,
807 silly tar     Symbol(kCapture): false,
807 silly tar     Symbol(flowing): false,
807 silly tar     Symbol(paused): true,
807 silly tar     Symbol(pipes): [ [Pipe] ],
807 silly tar     Symbol(buffer): [
807 silly tar       <Buffer 0a 20 20 20 20 69 73 49 6e 74 28 29 3a 20 62 6f 6f 6c 65 61 6e 3b 0d 0a 0d 0a 20 20 20 20 69 73 4e 61 4e 28 29 3a 20 62 6f 6f 6c 65 61 6e 3b 0d 0a 0d ... 16334 more bytes>,
807 silly tar       <Buffer 73 20 6b 65 79 6f 66 20 54 79 70 65 4d 61 70 5b 27 6d 6f 64 65 6c 27 5d 5b 6b 65 79 6f 66 20 54 79 70 65 4d 61 70 5b 27 6d 6f 64 65 6c 27 5d 5d 5b 27 ... 9767 more bytes>
807 silly tar     ],
807 silly tar     Symbol(objectMode): false,
807 silly tar     Symbol(encoding): null,
807 silly tar     Symbol(async): false,
807 silly tar     Symbol(decoder): null,
807 silly tar     Symbol(EOF): false,
807 silly tar     Symbol(emittedEnd): false,
807 silly tar     Symbol(emittingEnd): false,
807 silly tar     Symbol(closed): false,
807 silly tar     Symbol(emittedError): null,
807 silly tar     Symbol(bufferLength): 26201,
807 silly tar     Symbol(destroyed): false,
807 silly tar     Symbol(signal): undefined,
807 silly tar     Symbol(aborted): false,
807 silly tar     Symbol(dataListeners): 0,
807 silly tar     Symbol(discarded): false
807 silly tar   },
807 silly tar   cwd: '/run/media/ttf/4D68CCA27FA538EE/immo_tul/backend/node_modules/prisma',
807 silly tar   tarCode: 'TAR_ENTRY_ERROR'
807 silly tar }
808 warn tar TAR_ENTRY_ERROR ENOENT: no such file or directory, open '/run/media/ttf/4D68CCA27FA538EE/immo_tul/backend/node_modules/prisma/prisma-client/extension.d.ts'
809 silly tar TAR_ENTRY_ERROR ENOENT: no such file or directory, open '/run/media/ttf/4D68CCA27FA538EE/immo_tul/backend/node_modules/prisma/prisma-client/extension.d.ts' [Error: ENOENT: no such file or directory, open '/run/media/ttf/4D68CCA27FA538EE/immo_tul/backend/node_modules/prisma/prisma-client/extension.d.ts'] {
809 silly tar   errno: -2,
809 silly tar   code: 'ENOENT',
809 silly tar   syscall: 'open',
809 silly tar   path: '/run/media/ttf/4D68CCA27FA538EE/immo_tul/backend/node_modules/prisma/prisma-client/extension.d.ts',
809 silly tar   entry: ReadEntry {
809 silly tar     _events: [Object: null prototype] {},
809 silly tar     _eventsCount: 0,
809 silly tar     _maxListeners: undefined,
809 silly tar     writable: false,
809 silly tar     readable: false,
809 silly tar     extended: null,
809 silly tar     globalExtended: null,
809 silly tar     header: Header {
809 silly tar       cksumValid: true,
809 silly tar       needPax: false,
809 silly tar       nullBlock: false,
809 silly tar       block: null,
809 silly tar       path: 'package/prisma-client/extension.d.ts',
809 silly tar       mode: 420,
809 silly tar       uid: 0,
809 silly tar       gid: 0,
809 silly tar       size: 40,
809 silly tar       mtime: 1985-10-26T08:15:00.000Z,
809 silly tar       cksum: 7288,
809 silly tar       linkpath: '',
809 silly tar       uname: '',
809 silly tar       gname: '',
809 silly tar       devmaj: 0,
809 silly tar       devmin: 0,
809 silly tar       atime: null,
809 silly tar       ctime: null,
809 silly tar       Symbol(type): '0'
809 silly tar     },
809 silly tar     startBlockSize: 512,
809 silly tar     blockRemain: 0,
809 silly tar     remain: 0,
809 silly tar     type: 'File',
809 silly tar     meta: false,
809 silly tar     ignore: false,
809 silly tar     path: 'prisma-client/extension.d.ts',
809 silly tar     mode: 438,
809 silly tar     uid: 0,
809 silly tar     gid: 0,
809 silly tar     uname: '',
809 silly tar     gname: '',
809 silly tar     size: 40,
809 silly tar     mtime: 1985-10-26T08:15:00.000Z,
809 silly tar     atime: null,
809 silly tar     ctime: null,
809 silly tar     linkpath: '',
809 silly tar     absolute: '/run/media/ttf/4D68CCA27FA538EE/immo_tul/backend/node_modules/prisma/prisma-client/extension.d.ts',
809 silly tar     Symbol(shapeMode): false,
809 silly tar     Symbol(kCapture): false,
809 silly tar     Symbol(flowing): false,
809 silly tar     Symbol(paused): true,
809 silly tar     Symbol(pipes): [ [Pipe] ],
809 silly tar     Symbol(buffer): [],
809 silly tar     Symbol(objectMode): false,
809 silly tar     Symbol(encoding): null,
809 silly tar     Symbol(async): false,
809 silly tar     Symbol(decoder): null,
809 silly tar     Symbol(EOF): true,
809 silly tar     Symbol(emittedEnd): true,
809 silly tar     Symbol(emittingEnd): false,
809 silly tar     Symbol(closed): false,
809 silly tar     Symbol(emittedError): null,
809 silly tar     Symbol(bufferLength): 0,
809 silly tar     Symbol(destroyed): false,
809 silly tar     Symbol(signal): undefined,
809 silly tar     Symbol(aborted): false,
809 silly tar     Symbol(dataListeners): 0,
809 silly tar     Symbol(discarded): false
809 silly tar   },
809 silly tar   cwd: '/run/media/ttf/4D68CCA27FA538EE/immo_tul/backend/node_modules/prisma',
809 silly tar   tarCode: 'TAR_ENTRY_ERROR'
809 silly tar }
810 warn tar TAR_ENTRY_ERROR ENOENT: no such file or directory, open '/run/media/ttf/4D68CCA27FA538EE/immo_tul/backend/node_modules/prisma/prisma-client/runtime/index-browser.d.ts'
811 silly tar TAR_ENTRY_ERROR ENOENT: no such file or directory, open '/run/media/ttf/4D68CCA27FA538EE/immo_tul/backend/node_modules/prisma/prisma-client/runtime/index-browser.d.ts' [Error: ENOENT: no such file or directory, open '/run/media/ttf/4D68CCA27FA538EE/immo_tul/backend/node_modules/prisma/prisma-client/runtime/index-browser.d.ts'] {
811 silly tar   errno: -2,
811 silly tar   code: 'ENOENT',
811 silly tar   syscall: 'open',
811 silly tar   path: '/run/media/ttf/4D68CCA27FA538EE/immo_tul/backend/node_modules/prisma/prisma-client/runtime/index-browser.d.ts',
811 silly tar   entry: ReadEntry {
811 silly tar     _events: [Object: null prototype] {},
811 silly tar     _eventsCount: 0,
811 silly tar     _maxListeners: undefined,
811 silly tar     writable: false,
811 silly tar     readable: false,
811 silly tar     extended: null,
811 silly tar     globalExtended: null,
811 silly tar     header: Header {
811 silly tar       cksumValid: true,
811 silly tar       needPax: false,
811 silly tar       nullBlock: false,
811 silly tar       block: null,
811 silly tar       path: 'package/prisma-client/runtime/index-browser.d.ts',
811 silly tar       mode: 420,
811 silly tar       uid: 0,
811 silly tar       gid: 0,
811 silly tar       size: 11915,
811 silly tar       mtime: 1985-10-26T08:15:00.000Z,
811 silly tar       cksum: 8481,
811 silly tar       linkpath: '',
811 silly tar       uname: '',
811 silly tar       gname: '',
811 silly tar       devmaj: 0,
811 silly tar       devmin: 0,
811 silly tar       atime: null,
811 silly tar       ctime: null,
811 silly tar       Symbol(type): '0'
811 silly tar     },
811 silly tar     startBlockSize: 12288,
811 silly tar     blockRemain: 0,
811 silly tar     remain: 0,
811 silly tar     type: 'File',
811 silly tar     meta: false,
811 silly tar     ignore: false,
811 silly tar     path: 'prisma-client/runtime/index-browser.d.ts',
811 silly tar     mode: 438,
811 silly tar     uid: 0,
811 silly tar     gid: 0,
811 silly tar     uname: '',
811 silly tar     gname: '',
811 silly tar     size: 11915,
811 silly tar     mtime: 1985-10-26T08:15:00.000Z,
811 silly tar     atime: null,
811 silly tar     ctime: null,
811 silly tar     linkpath: '',
811 silly tar     absolute: '/run/media/ttf/4D68CCA27FA538EE/immo_tul/backend/node_modules/prisma/prisma-client/runtime/index-browser.d.ts',
811 silly tar     Symbol(shapeMode): false,
811 silly tar     Symbol(kCapture): false,
811 silly tar     Symbol(flowing): false,
811 silly tar     Symbol(paused): true,
811 silly tar     Symbol(pipes): [ [Pipe] ],
811 silly tar     Symbol(buffer): [],
811 silly tar     Symbol(objectMode): false,
811 silly tar     Symbol(encoding): null,
811 silly tar     Symbol(async): false,
811 silly tar     Symbol(decoder): null,
811 silly tar     Symbol(EOF): true,
811 silly tar     Symbol(emittedEnd): true,
811 silly tar     Symbol(emittingEnd): false,
811 silly tar     Symbol(closed): false,
811 silly tar     Symbol(emittedError): null,
811 silly tar     Symbol(bufferLength): 0,
811 silly tar     Symbol(destroyed): false,
811 silly tar     Symbol(signal): undefined,
811 silly tar     Symbol(aborted): false,
811 silly tar     Symbol(dataListeners): 0,
811 silly tar     Symbol(discarded): false
811 silly tar   },
811 silly tar   cwd: '/run/media/ttf/4D68CCA27FA538EE/immo_tul/backend/node_modules/prisma',
811 silly tar   tarCode: 'TAR_ENTRY_ERROR'
811 silly tar }
812 warn tar TAR_ENTRY_ERROR ENOENT: no such file or directory, open '/run/media/ttf/4D68CCA27FA538EE/immo_tul/backend/node_modules/prisma/prisma-client/index.d.ts'
813 silly tar TAR_ENTRY_ERROR ENOENT: no such file or directory, open '/run/media/ttf/4D68CCA27FA538EE/immo_tul/backend/node_modules/prisma/prisma-client/index.d.ts' [Error: ENOENT: no such file or directory, open '/run/media/ttf/4D68CCA27FA538EE/immo_tul/backend/node_modules/prisma/prisma-client/index.d.ts'] {
813 silly tar   errno: -2,
813 silly tar   code: 'ENOENT',
813 silly tar   syscall: 'open',
813 silly tar   path: '/run/media/ttf/4D68CCA27FA538EE/immo_tul/backend/node_modules/prisma/prisma-client/index.d.ts',
813 silly tar   entry: ReadEntry {
813 silly tar     _events: [Object: null prototype] {},
813 silly tar     _eventsCount: 0,
813 silly tar     _maxListeners: undefined,
813 silly tar     writable: false,
813 silly tar     readable: false,
813 silly tar     extended: null,
813 silly tar     globalExtended: null,
813 silly tar     header: Header {
813 silly tar       cksumValid: true,
813 silly tar       needPax: false,
813 silly tar       nullBlock: false,
813 silly tar       block: null,
813 silly tar       path: 'package/prisma-client/index.d.ts',
813 silly tar       mode: 420,
813 silly tar       uid: 0,
813 silly tar       gid: 0,
813 silly tar       size: 39,
813 silly tar       mtime: 1985-10-26T08:15:00.000Z,
813 silly tar       cksum: 6841,
813 silly tar       linkpath: '',
813 silly tar       uname: '',
813 silly tar       gname: '',
813 silly tar       devmaj: 0,
813 silly tar       devmin: 0,
813 silly tar       atime: null,
813 silly tar       ctime: null,
813 silly tar       Symbol(type): '0'
813 silly tar     },
813 silly tar     startBlockSize: 512,
813 silly tar     blockRemain: 0,
813 silly tar     remain: 0,
813 silly tar     type: 'File',
813 silly tar     meta: false,
813 silly tar     ignore: false,
813 silly tar     path: 'prisma-client/index.d.ts',
813 silly tar     mode: 438,
813 silly tar     uid: 0,
813 silly tar     gid: 0,
813 silly tar     uname: '',
813 silly tar     gname: '',
813 silly tar     size: 39,
813 silly tar     mtime: 1985-10-26T08:15:00.000Z,
813 silly tar     atime: null,
813 silly tar     ctime: null,
813 silly tar     linkpath: '',
813 silly tar     absolute: '/run/media/ttf/4D68CCA27FA538EE/immo_tul/backend/node_modules/prisma/prisma-client/index.d.ts',
813 silly tar     Symbol(shapeMode): false,
813 silly tar     Symbol(kCapture): false,
813 silly tar     Symbol(flowing): false,
813 silly tar     Symbol(paused): true,
813 silly tar     Symbol(pipes): [ [Pipe] ],
813 silly tar     Symbol(buffer): [],
813 silly tar     Symbol(objectMode): false,
813 silly tar     Symbol(encoding): null,
813 silly tar     Symbol(async): false,
813 silly tar     Symbol(decoder): null,
813 silly tar     Symbol(EOF): true,
813 silly tar     Symbol(emittedEnd): true,
813 silly tar     Symbol(emittingEnd): false,
813 silly tar     Symbol(closed): false,
813 silly tar     Symbol(emittedError): null,
813 silly tar     Symbol(bufferLength): 0,
813 silly tar     Symbol(destroyed): false,
813 silly tar     Symbol(signal): undefined,
813 silly tar     Symbol(aborted): false,
813 silly tar     Symbol(dataListeners): 0,
813 silly tar     Symbol(discarded): false
813 silly tar   },
813 silly tar   cwd: '/run/media/ttf/4D68CCA27FA538EE/immo_tul/backend/node_modules/prisma',
813 silly tar   tarCode: 'TAR_ENTRY_ERROR'
813 silly tar }
814 warn tar TAR_ENTRY_ERROR ENOENT: no such file or directory, open '/run/media/ttf/4D68CCA27FA538EE/immo_tul/backend/node_modules/prisma/prisma-client/runtime/library.d.ts'
815 silly tar TAR_ENTRY_ERROR ENOENT: no such file or directory, open '/run/media/ttf/4D68CCA27FA538EE/immo_tul/backend/node_modules/prisma/prisma-client/runtime/library.d.ts' [Error: ENOENT: no such file or directory, open '/run/media/ttf/4D68CCA27FA538EE/immo_tul/backend/node_modules/prisma/prisma-client/runtime/library.d.ts'] {
815 silly tar   errno: -2,
815 silly tar   code: 'ENOENT',
815 silly tar   syscall: 'open',
815 silly tar   path: '/run/media/ttf/4D68CCA27FA538EE/immo_tul/backend/node_modules/prisma/prisma-client/runtime/library.d.ts',
815 silly tar   entry: ReadEntry {
815 silly tar     _events: [Object: null prototype] {
815 silly tar       end: [Function (anonymous)],
815 silly tar       drain: [Function]
815 silly tar     },
815 silly tar     _eventsCount: 2,
815 silly tar     _maxListeners: undefined,
815 silly tar     writable: true,
815 silly tar     readable: true,
815 silly tar     extended: null,
815 silly tar     globalExtended: null,
815 silly tar     header: Header {
815 silly tar       cksumValid: true,
815 silly tar       needPax: false,
815 silly tar       nullBlock: false,
815 silly tar       block: null,
815 silly tar       path: 'package/prisma-client/runtime/library.d.ts',
815 silly tar       mode: 420,
815 silly tar       uid: 0,
815 silly tar       gid: 0,
815 silly tar       size: 129753,
815 silly tar       mtime: 1985-10-26T08:15:00.000Z,
815 silly tar       cksum: 7892,
815 silly tar       linkpath: '',
815 silly tar       uname: '',
815 silly tar       gname: '',
815 silly tar       devmaj: 0,
815 silly tar       devmin: 0,
815 silly tar       atime: null,
815 silly tar       ctime: null,
815 silly tar       Symbol(type): '0'
815 silly tar     },
815 silly tar     startBlockSize: 130048,
815 silly tar     blockRemain: 81669,
815 silly tar     remain: 81374,
815 silly tar     type: 'File',
815 silly tar     meta: false,
815 silly tar     ignore: false,
815 silly tar     path: 'prisma-client/runtime/library.d.ts',
815 silly tar     mode: 438,
815 silly tar     uid: 0,
815 silly tar     gid: 0,
815 silly tar     uname: '',
815 silly tar     gname: '',
815 silly tar     size: 129753,
815 silly tar     mtime: 1985-10-26T08:15:00.000Z,
815 silly tar     atime: null,
815 silly tar     ctime: null,
815 silly tar     linkpath: '',
815 silly tar     absolute: '/run/media/ttf/4D68CCA27FA538EE/immo_tul/backend/node_modules/prisma/prisma-client/runtime/library.d.ts',
815 silly tar     Symbol(shapeMode): false,
815 silly tar     Symbol(kCapture): false,
815 silly tar     Symbol(flowing): false,
815 silly tar     Symbol(paused): true,
815 silly tar     Symbol(pipes): [ [Pipe] ],
815 silly tar     Symbol(buffer): [
815 silly tar       <Buffer 63 69 6d 61 6c 3b 0d 0a 0d 0a 20 20 20 20 6e 61 74 75 72 61 6c 45 78 70 6f 6e 65 6e 74 69 61 6c 28 29 3a 20 44 65 63 69 6d 61 6c 3b 0d 0a 20 20 20 20 ... 16334 more bytes>,
815 silly tar       <Buffer 79 70 65 4d 61 70 2c 20 4b 3e 2c 20 50 3e 20 3a 20 6e 65 76 65 72 3b 0d 0a 20 20 20 20 7d 20 3a 20 4b 20 65 78 74 65 6e 64 73 20 6b 65 79 6f 66 20 54 ... 16334 more bytes>
815 silly tar     ],
815 silly tar     Symbol(objectMode): false,
815 silly tar     Symbol(encoding): null,
815 silly tar     Symbol(async): false,
815 silly tar     Symbol(decoder): null,
815 silly tar     Symbol(EOF): false,
815 silly tar     Symbol(emittedEnd): false,
815 silly tar     Symbol(emittingEnd): false,
815 silly tar     Symbol(closed): false,
815 silly tar     Symbol(emittedError): null,
815 silly tar     Symbol(bufferLength): 32768,
815 silly tar     Symbol(destroyed): false,
815 silly tar     Symbol(signal): undefined,
815 silly tar     Symbol(aborted): false,
815 silly tar     Symbol(dataListeners): 0,
815 silly tar     Symbol(discarded): false
815 silly tar   },
815 silly tar   cwd: '/run/media/ttf/4D68CCA27FA538EE/immo_tul/backend/node_modules/prisma',
815 silly tar   tarCode: 'TAR_ENTRY_ERROR'
815 silly tar }
816 warn tar TAR_ENTRY_ERROR ENOENT: no such file or directory, open '/run/media/ttf/4D68CCA27FA538EE/immo_tul/backend/node_modules/prisma/prisma-client/scripts/postinstall.d.ts'
817 silly tar TAR_ENTRY_ERROR ENOENT: no such file or directory, open '/run/media/ttf/4D68CCA27FA538EE/immo_tul/backend/node_modules/prisma/prisma-client/scripts/postinstall.d.ts' [Error: ENOENT: no such file or directory, open '/run/media/ttf/4D68CCA27FA538EE/immo_tul/backend/node_modules/prisma/prisma-client/scripts/postinstall.d.ts'] {
817 silly tar   errno: -2,
817 silly tar   code: 'ENOENT',
817 silly tar   syscall: 'open',
817 silly tar   path: '/run/media/ttf/4D68CCA27FA538EE/immo_tul/backend/node_modules/prisma/prisma-client/scripts/postinstall.d.ts',
817 silly tar   entry: ReadEntry {
817 silly tar     _events: [Object: null prototype] {},
817 silly tar     _eventsCount: 0,
817 silly tar     _maxListeners: undefined,
817 silly tar     writable: false,
817 silly tar     readable: false,
817 silly tar     extended: null,
817 silly tar     globalExtended: null,
817 silly tar     header: Header {
817 silly tar       cksumValid: true,
817 silly tar       needPax: false,
817 silly tar       nullBlock: false,
817 silly tar       block: null,
817 silly tar       path: 'package/prisma-client/scripts/postinstall.d.ts',
817 silly tar       mode: 420,
817 silly tar       uid: 0,
817 silly tar       gid: 0,
817 silly tar       size: 304,
817 silly tar       mtime: 1985-10-26T08:15:00.000Z,
817 silly tar       cksum: 8340,
817 silly tar       linkpath: '',
817 silly tar       uname: '',
817 silly tar       gname: '',
817 silly tar       devmaj: 0,
817 silly tar       devmin: 0,
817 silly tar       atime: null,
817 silly tar       ctime: null,
817 silly tar       Symbol(type): '0'
817 silly tar     },
817 silly tar     startBlockSize: 512,
817 silly tar     blockRemain: 0,
817 silly tar     remain: 0,
817 silly tar     type: 'File',
817 silly tar     meta: false,
817 silly tar     ignore: false,
817 silly tar     path: 'prisma-client/scripts/postinstall.d.ts',
817 silly tar     mode: 438,
817 silly tar     uid: 0,
817 silly tar     gid: 0,
817 silly tar     uname: '',
817 silly tar     gname: '',
817 silly tar     size: 304,
817 silly tar     mtime: 1985-10-26T08:15:00.000Z,
817 silly tar     atime: null,
817 silly tar     ctime: null,
817 silly tar     linkpath: '',
817 silly tar     absolute: '/run/media/ttf/4D68CCA27FA538EE/immo_tul/backend/node_modules/prisma/prisma-client/scripts/postinstall.d.ts',
817 silly tar     Symbol(shapeMode): false,
817 silly tar     Symbol(kCapture): false,
817 silly tar     Symbol(flowing): false,
817 silly tar     Symbol(paused): true,
817 silly tar     Symbol(pipes): [ [Pipe] ],
817 silly tar     Symbol(buffer): [],
817 silly tar     Symbol(objectMode): false,
817 silly tar     Symbol(encoding): null,
817 silly tar     Symbol(async): false,
817 silly tar     Symbol(decoder): null,
817 silly tar     Symbol(EOF): true,
817 silly tar     Symbol(emittedEnd): true,
817 silly tar     Symbol(emittingEnd): false,
817 silly tar     Symbol(closed): false,
817 silly tar     Symbol(emittedError): null,
817 silly tar     Symbol(bufferLength): 0,
817 silly tar     Symbol(destroyed): false,
817 silly tar     Symbol(signal): undefined,
817 silly tar     Symbol(aborted): false,
817 silly tar     Symbol(dataListeners): 0,
817 silly tar     Symbol(discarded): false
817 silly tar   },
817 silly tar   cwd: '/run/media/ttf/4D68CCA27FA538EE/immo_tul/backend/node_modules/prisma',
817 silly tar   tarCode: 'TAR_ENTRY_ERROR'
817 silly tar }
818 warn tar TAR_ENTRY_ERROR ENOENT: no such file or directory, open '/run/media/ttf/4D68CCA27FA538EE/immo_tul/backend/node_modules/prisma/prisma-client/react-native.d.ts'
819 silly tar TAR_ENTRY_ERROR ENOENT: no such file or directory, open '/run/media/ttf/4D68CCA27FA538EE/immo_tul/backend/node_modules/prisma/prisma-client/react-native.d.ts' [Error: ENOENT: no such file or directory, open '/run/media/ttf/4D68CCA27FA538EE/immo_tul/backend/node_modules/prisma/prisma-client/react-native.d.ts'] {
819 silly tar   errno: -2,
819 silly tar   code: 'ENOENT',
819 silly tar   syscall: 'open',
819 silly tar   path: '/run/media/ttf/4D68CCA27FA538EE/immo_tul/backend/node_modules/prisma/prisma-client/react-native.d.ts',
819 silly tar   entry: ReadEntry {
819 silly tar     _events: [Object: null prototype] {},
819 silly tar     _eventsCount: 0,
819 silly tar     _maxListeners: undefined,
819 silly tar     writable: false,
819 silly tar     readable: false,
819 silly tar     extended: null,
819 silly tar     globalExtended: null,
819 silly tar     header: Header {
819 silly tar       cksumValid: true,
819 silly tar       needPax: false,
819 silly tar       nullBlock: false,
819 silly tar       block: null,
819 silly tar       path: 'package/prisma-client/react-native.d.ts',
819 silly tar       mode: 420,
819 silly tar       uid: 0,
819 silly tar       gid: 0,
819 silly tar       size: 44,
819 silly tar       mtime: 1985-10-26T08:15:00.000Z,
819 silly tar       cksum: 7522,
819 silly tar       linkpath: '',
819 silly tar       uname: '',
819 silly tar       gname: '',
819 silly tar       devmaj: 0,
819 silly tar       devmin: 0,
819 silly tar       atime: null,
819 silly tar       ctime: null,
819 silly tar       Symbol(type): '0'
819 silly tar     },
819 silly tar     startBlockSize: 512,
819 silly tar     blockRemain: 0,
819 silly tar     remain: 0,
819 silly tar     type: 'File',
819 silly tar     meta: false,
819 silly tar     ignore: false,
819 silly tar     path: 'prisma-client/react-native.d.ts',
819 silly tar     mode: 438,
819 silly tar     uid: 0,
819 silly tar     gid: 0,
819 silly tar     uname: '',
819 silly tar     gname: '',
819 silly tar     size: 44,
819 silly tar     mtime: 1985-10-26T08:15:00.000Z,
819 silly tar     atime: null,
819 silly tar     ctime: null,
819 silly tar     linkpath: '',
819 silly tar     absolute: '/run/media/ttf/4D68CCA27FA538EE/immo_tul/backend/node_modules/prisma/prisma-client/react-native.d.ts',
819 silly tar     Symbol(shapeMode): false,
819 silly tar     Symbol(kCapture): false,
819 silly tar     Symbol(flowing): false,
819 silly tar     Symbol(paused): true,
819 silly tar     Symbol(pipes): [ [Pipe] ],
819 silly tar     Symbol(buffer): [],
819 silly tar     Symbol(objectMode): false,
819 silly tar     Symbol(encoding): null,
819 silly tar     Symbol(async): false,
819 silly tar     Symbol(decoder): null,
819 silly tar     Symbol(EOF): true,
819 silly tar     Symbol(emittedEnd): true,
819 silly tar     Symbol(emittingEnd): false,
819 silly tar     Symbol(closed): false,
819 silly tar     Symbol(emittedError): null,
819 silly tar     Symbol(bufferLength): 0,
819 silly tar     Symbol(destroyed): false,
819 silly tar     Symbol(signal): undefined,
819 silly tar     Symbol(aborted): false,
819 silly tar     Symbol(dataListeners): 0,
819 silly tar     Symbol(discarded): false
819 silly tar   },
819 silly tar   cwd: '/run/media/ttf/4D68CCA27FA538EE/immo_tul/backend/node_modules/prisma',
819 silly tar   tarCode: 'TAR_ENTRY_ERROR'
819 silly tar }
820 warn tar TAR_ENTRY_ERROR ENOENT: no such file or directory, open '/run/media/ttf/4D68CCA27FA538EE/immo_tul/backend/node_modules/prisma/prisma-client/runtime/react-native.d.ts'
821 silly tar TAR_ENTRY_ERROR ENOENT: no such file or directory, open '/run/media/ttf/4D68CCA27FA538EE/immo_tul/backend/node_modules/prisma/prisma-client/runtime/react-native.d.ts' [Error: ENOENT: no such file or directory, open '/run/media/ttf/4D68CCA27FA538EE/immo_tul/backend/node_modules/prisma/prisma-client/runtime/react-native.d.ts'] {
821 silly tar   errno: -2,
821 silly tar   code: 'ENOENT',
821 silly tar   syscall: 'open',
821 silly tar   path: '/run/media/ttf/4D68CCA27FA538EE/immo_tul/backend/node_modules/prisma/prisma-client/runtime/react-native.d.ts',
821 silly tar   entry: ReadEntry {
821 silly tar     _events: [Object: null prototype] {
821 silly tar       end: [Function (anonymous)],
821 silly tar       drain: [Function]
821 silly tar     },
821 silly tar     _eventsCount: 2,
821 silly tar     _maxListeners: undefined,
821 silly tar     writable: true,
821 silly tar     readable: true,
821 silly tar     extended: null,
821 silly tar     globalExtended: null,
821 silly tar     header: Header {
821 silly tar       cksumValid: true,
821 silly tar       needPax: false,
821 silly tar       nullBlock: false,
821 silly tar       block: null,
821 silly tar       path: 'package/prisma-client/runtime/react-native.d.ts',
821 silly tar       mode: 420,
821 silly tar       uid: 0,
821 silly tar       gid: 0,
821 silly tar       size: 129753,
821 silly tar       mtime: 1985-10-26T08:15:00.000Z,
821 silly tar       cksum: 8354,
821 silly tar       linkpath: '',
821 silly tar       uname: '',
821 silly tar       gname: '',
821 silly tar       devmaj: 0,
821 silly tar       devmin: 0,
821 silly tar       atime: null,
821 silly tar       ctime: null,
821 silly tar       Symbol(type): '0'
821 silly tar     },
821 silly tar     startBlockSize: 130048,
821 silly tar     blockRemain: 68781,
821 silly tar     remain: 68486,
821 silly tar     type: 'File',
821 silly tar     meta: false,
821 silly tar     ignore: false,
821 silly tar     path: 'prisma-client/runtime/react-native.d.ts',
821 silly tar     mode: 438,
821 silly tar     uid: 0,
821 silly tar     gid: 0,
821 silly tar     uname: '',
821 silly tar     gname: '',
821 silly tar     size: 129753,
821 silly tar     mtime: 1985-10-26T08:15:00.000Z,
821 silly tar     atime: null,
821 silly tar     ctime: null,
821 silly tar     linkpath: '',
821 silly tar     absolute: '/run/media/ttf/4D68CCA27FA538EE/immo_tul/backend/node_modules/prisma/prisma-client/runtime/react-native.d.ts',
821 silly tar     Symbol(shapeMode): false,
821 silly tar     Symbol(kCapture): false,
821 silly tar     Symbol(flowing): false,
821 silly tar     Symbol(paused): true,
821 silly tar     Symbol(pipes): [ [Pipe] ],
821 silly tar     Symbol(buffer): [
821 silly tar       <Buffer 61 74 65 20 65 78 74 65 6e 73 69 6f 6e 2e 0d 0a 20 2a 0d 0a 20 2a 20 54 68 69 73 20 69 73 20 74 68 65 20 61 63 74 75 61 6c 20 69 6e 74 65 72 66 61 63 ... 16334 more bytes>,
821 silly tar       <Buffer 6d 62 65 72 2c 20 72 6f 75 6e 64 69 6e 67 3a 20 44 65 63 69 6d 61 6c 2e 52 6f 75 6e 64 69 6e 67 29 3a 20 73 74 72 69 6e 67 3b 0d 0a 0d 0a 20 20 20 20 ... 16334 more bytes>,
821 silly tar       <Buffer 20 3d 20 47 65 74 46 69 6e 64 52 65 73 75 6c 74 3c 54 79 70 65 4d 61 70 5b 27 6d 6f 64 65 6c 27 5d 5b 4d 5d 5b 27 70 61 79 6c 6f 61 64 27 5d 2c 20 7b ... 16334 more bytes>,
821 silly tar       <Buffer 0a 0d 0a 65 78 70 6f 72 74 20 64 65 63 6c 61 72 65 20 74 79 70 65 20 47 65 74 43 6f 75 6e 74 52 65 73 75 6c 74 3c 41 3e 20 3d 20 41 20 65 78 74 65 6e ... 11068 more bytes>
821 silly tar     ],
821 silly tar     Symbol(objectMode): false,
821 silly tar     Symbol(encoding): null,
821 silly tar     Symbol(async): false,
821 silly tar     Symbol(decoder): null,
821 silly tar     Symbol(EOF): false,
821 silly tar     Symbol(emittedEnd): false,
821 silly tar     Symbol(emittingEnd): false,
821 silly tar     Symbol(closed): false,
821 silly tar     Symbol(emittedError): null,
821 silly tar     Symbol(bufferLength): 60270,
821 silly tar     Symbol(destroyed): false,
821 silly tar     Symbol(signal): undefined,
821 silly tar     Symbol(aborted): false,
821 silly tar     Symbol(dataListeners): 0,
821 silly tar     Symbol(discarded): false
821 silly tar   },
821 silly tar   cwd: '/run/media/ttf/4D68CCA27FA538EE/immo_tul/backend/node_modules/prisma',
821 silly tar   tarCode: 'TAR_ENTRY_ERROR'
821 silly tar }
822 warn tar TAR_ENTRY_ERROR ENOENT: no such file or directory, open '/run/media/ttf/4D68CCA27FA538EE/immo_tul/backend/node_modules/prisma/prisma-client/sql.d.ts'
823 silly tar TAR_ENTRY_ERROR ENOENT: no such file or directory, open '/run/media/ttf/4D68CCA27FA538EE/immo_tul/backend/node_modules/prisma/prisma-client/sql.d.ts' [Error: ENOENT: no such file or directory, open '/run/media/ttf/4D68CCA27FA538EE/immo_tul/backend/node_modules/prisma/prisma-client/sql.d.ts'] {
823 silly tar   errno: -2,
823 silly tar   code: 'ENOENT',
823 silly tar   syscall: 'open',
823 silly tar   path: '/run/media/ttf/4D68CCA27FA538EE/immo_tul/backend/node_modules/prisma/prisma-client/sql.d.ts',
823 silly tar   entry: ReadEntry {
823 silly tar     _events: [Object: null prototype] {},
823 silly tar     _eventsCount: 0,
823 silly tar     _maxListeners: undefined,
823 silly tar     writable: false,
823 silly tar     readable: false,
823 silly tar     extended: null,
823 silly tar     globalExtended: null,
823 silly tar     header: Header {
823 silly tar       cksumValid: true,
823 silly tar       needPax: false,
823 silly tar       nullBlock: false,
823 silly tar       block: null,
823 silly tar       path: 'package/prisma-client/sql.d.ts',
823 silly tar       mode: 420,
823 silly tar       uid: 0,
823 silly tar       gid: 0,
823 silly tar       size: 35,
823 silly tar       mtime: 1985-10-26T08:15:00.000Z,
823 silly tar       cksum: 6637,
823 silly tar       linkpath: '',
823 silly tar       uname: '',
823 silly tar       gname: '',
823 silly tar       devmaj: 0,
823 silly tar       devmin: 0,
823 silly tar       atime: null,
823 silly tar       ctime: null,
823 silly tar       Symbol(type): '0'
823 silly tar     },
823 silly tar     startBlockSize: 512,
823 silly tar     blockRemain: 0,
823 silly tar     remain: 0,
823 silly tar     type: 'File',
823 silly tar     meta: false,
823 silly tar     ignore: false,
823 silly tar     path: 'prisma-client/sql.d.ts',
823 silly tar     mode: 438,
823 silly tar     uid: 0,
823 silly tar     gid: 0,
823 silly tar     uname: '',
823 silly tar     gname: '',
823 silly tar     size: 35,
823 silly tar     mtime: 1985-10-26T08:15:00.000Z,
823 silly tar     atime: null,
823 silly tar     ctime: null,
823 silly tar     linkpath: '',
823 silly tar     absolute: '/run/media/ttf/4D68CCA27FA538EE/immo_tul/backend/node_modules/prisma/prisma-client/sql.d.ts',
823 silly tar     Symbol(shapeMode): false,
823 silly tar     Symbol(kCapture): false,
823 silly tar     Symbol(flowing): false,
823 silly tar     Symbol(paused): true,
823 silly tar     Symbol(pipes): [ [Pipe] ],
823 silly tar     Symbol(buffer): [],
823 silly tar     Symbol(objectMode): false,
823 silly tar     Symbol(encoding): null,
823 silly tar     Symbol(async): false,
823 silly tar     Symbol(decoder): null,
823 silly tar     Symbol(EOF): true,
823 silly tar     Symbol(emittedEnd): true,
823 silly tar     Symbol(emittingEnd): false,
823 silly tar     Symbol(closed): false,
823 silly tar     Symbol(emittedError): null,
823 silly tar     Symbol(bufferLength): 0,
823 silly tar     Symbol(destroyed): false,
823 silly tar     Symbol(signal): undefined,
823 silly tar     Symbol(aborted): false,
823 silly tar     Symbol(dataListeners): 0,
823 silly tar     Symbol(discarded): false
823 silly tar   },
823 silly tar   cwd: '/run/media/ttf/4D68CCA27FA538EE/immo_tul/backend/node_modules/prisma',
823 silly tar   tarCode: 'TAR_ENTRY_ERROR'
823 silly tar }
824 warn tar TAR_ENTRY_ERROR ENOENT: no such file or directory, lstat '/run/media/ttf/4D68CCA27FA538EE/immo_tul/backend/node_modules/prisma/dist'
825 silly tar TAR_ENTRY_ERROR ENOENT: no such file or directory, lstat '/run/media/ttf/4D68CCA27FA538EE/immo_tul/backend/node_modules/prisma/dist' [Error: ENOENT: no such file or directory, lstat '/run/media/ttf/4D68CCA27FA538EE/immo_tul/backend/node_modules/prisma/dist'] {
825 silly tar   errno: -2,
825 silly tar   code: 'ENOENT',
825 silly tar   syscall: 'lstat',
825 silly tar   path: '/run/media/ttf/4D68CCA27FA538EE/immo_tul/backend/node_modules/prisma/dist',
825 silly tar   entry: ReadEntry {
825 silly tar     _events: [Object: null prototype] { end: [Function (anonymous)] },
825 silly tar     _eventsCount: 1,
825 silly tar     _maxListeners: undefined,
825 silly tar     writable: false,
825 silly tar     readable: true,
825 silly tar     extended: null,
825 silly tar     globalExtended: null,
825 silly tar     header: Header {
825 silly tar       cksumValid: true,
825 silly tar       needPax: false,
825 silly tar       nullBlock: false,
825 silly tar       block: null,
825 silly tar       path: 'package/dist/cli/src/types.d.ts',
825 silly tar       mode: 420,
825 silly tar       uid: 0,
825 silly tar       gid: 0,
825 silly tar       size: 52,
825 silly tar       mtime: 1985-10-26T08:15:00.000Z,
825 silly tar       cksum: 6703,
825 silly tar       linkpath: '',
825 silly tar       uname: '',
825 silly tar       gname: '',
825 silly tar       devmaj: 0,
825 silly tar       devmin: 0,
825 silly tar       atime: null,
825 silly tar       ctime: null,
825 silly tar       Symbol(type): '0'
825 silly tar     },
825 silly tar     startBlockSize: 512,
825 silly tar     blockRemain: 0,
825 silly tar     remain: 0,
825 silly tar     type: 'File',
825 silly tar     meta: false,
825 silly tar     ignore: false,
825 silly tar     path: 'dist/cli/src/types.d.ts',
825 silly tar     mode: 438,
825 silly tar     uid: 0,
825 silly tar     gid: 0,
825 silly tar     uname: '',
825 silly tar     gname: '',
825 silly tar     size: 52,
825 silly tar     mtime: 1985-10-26T08:15:00.000Z,
825 silly tar     atime: null,
825 silly tar     ctime: null,
825 silly tar     linkpath: '',
825 silly tar     absolute: '/run/media/ttf/4D68CCA27FA538EE/immo_tul/backend/node_modules/prisma/dist/cli/src/types.d.ts',
825 silly tar     Symbol(shapeMode): false,
825 silly tar     Symbol(kCapture): false,
825 silly tar     Symbol(flowing): false,
825 silly tar     Symbol(paused): true,
825 silly tar     Symbol(pipes): [],
825 silly tar     Symbol(buffer): [
825 silly tar       <Buffer 65 78 70 6f 72 74 20 74 79 70 65 20 7b 20 50 72 69 73 6d 61 43 6f 6e 66 69 67 20 7d 20 66 72 6f 6d 20 27 40 70 72 69 73 6d 61 2f 63 6f 6e 66 69 67 27 ... 2 more bytes>
825 silly tar     ],
825 silly tar     Symbol(objectMode): false,
825 silly tar     Symbol(encoding): null,
825 silly tar     Symbol(async): false,
825 silly tar     Symbol(decoder): null,
825 silly tar     Symbol(EOF): true,
825 silly tar     Symbol(emittedEnd): false,
825 silly tar     Symbol(emittingEnd): false,
825 silly tar     Symbol(closed): false,
825 silly tar     Symbol(emittedError): null,
825 silly tar     Symbol(bufferLength): 52,
825 silly tar     Symbol(destroyed): false,
825 silly tar     Symbol(signal): undefined,
825 silly tar     Symbol(aborted): false,
825 silly tar     Symbol(dataListeners): 0,
825 silly tar     Symbol(discarded): false
825 silly tar   },
825 silly tar   cwd: '/run/media/ttf/4D68CCA27FA538EE/immo_tul/backend/node_modules/prisma',
825 silly tar   tarCode: 'TAR_ENTRY_ERROR'
825 silly tar }
826 warn tar TAR_ENTRY_ERROR ENOENT: no such file or directory, open '/run/media/ttf/4D68CCA27FA538EE/immo_tul/backend/node_modules/prisma/build/prisma_schema_build_bg.wasm'
827 silly tar TAR_ENTRY_ERROR ENOENT: no such file or directory, open '/run/media/ttf/4D68CCA27FA538EE/immo_tul/backend/node_modules/prisma/build/prisma_schema_build_bg.wasm' [Error: ENOENT: no such file or directory, open '/run/media/ttf/4D68CCA27FA538EE/immo_tul/backend/node_modules/prisma/build/prisma_schema_build_bg.wasm'] {
827 silly tar   errno: -2,
827 silly tar   code: 'ENOENT',
827 silly tar   syscall: 'open',
827 silly tar   path: '/run/media/ttf/4D68CCA27FA538EE/immo_tul/backend/node_modules/prisma/build/prisma_schema_build_bg.wasm',
827 silly tar   entry: ReadEntry {
827 silly tar     _events: [Object: null prototype] {
827 silly tar       end: [Function (anonymous)],
827 silly tar       drain: [Function]
827 silly tar     },
827 silly tar     _eventsCount: 2,
827 silly tar     _maxListeners: undefined,
827 silly tar     writable: true,
827 silly tar     readable: true,
827 silly tar     extended: null,
827 silly tar     globalExtended: null,
827 silly tar     header: Header {
827 silly tar       cksumValid: true,
827 silly tar       needPax: false,
827 silly tar       nullBlock: false,
827 silly tar       block: null,
827 silly tar       path: 'package/build/prisma_schema_build_bg.wasm',
827 silly tar       mode: 420,
827 silly tar       uid: 0,
827 silly tar       gid: 0,
827 silly tar       size: 2966822,
827 silly tar       mtime: 1985-10-26T08:15:00.000Z,
827 silly tar       cksum: 7866,
827 silly tar       linkpath: '',
827 silly tar       uname: '',
827 silly tar       gname: '',
827 silly tar       devmaj: 0,
827 silly tar       devmin: 0,
827 silly tar       atime: null,
827 silly tar       ctime: null,
827 silly tar       Symbol(type): '0'
827 silly tar     },
827 silly tar     startBlockSize: 2967040,
827 silly tar     blockRemain: 2930235,
827 silly tar     remain: 2930017,
827 silly tar     type: 'File',
827 silly tar     meta: false,
827 silly tar     ignore: false,
827 silly tar     path: 'build/prisma_schema_build_bg.wasm',
827 silly tar     mode: 438,
827 silly tar     uid: 0,
827 silly tar     gid: 0,
827 silly tar     uname: '',
827 silly tar     gname: '',
827 silly tar     size: 2966822,
827 silly tar     mtime: 1985-10-26T08:15:00.000Z,
827 silly tar     atime: null,
827 silly tar     ctime: null,
827 silly tar     linkpath: '',
827 silly tar     absolute: '/run/media/ttf/4D68CCA27FA538EE/immo_tul/backend/node_modules/prisma/build/prisma_schema_build_bg.wasm',
827 silly tar     Symbol(shapeMode): false,
827 silly tar     Symbol(kCapture): false,
827 silly tar     Symbol(flowing): false,
827 silly tar     Symbol(paused): true,
827 silly tar     Symbol(pipes): [ [Pipe] ],
827 silly tar     Symbol(buffer): [
827 silly tar       <Buffer 01 28 02 d4 09 41 01 6a 36 02 d4 09 20 01 20 01 28 02 d0 09 20 03 41 01 71 6b 36 02 d0 09 0c 04 0b 20 13 41 7c 6a 20 19 36 02 00 20 13 41 78 6a 20 1c ... 16334 more bytes>,
827 silly tar       <Buffer 1b 20 01 41 03 41 04 20 04 28 02 1c 22 04 1b 36 02 cc 09 20 01 41 d4 95 cc 00 41 d0 95 cc 00 20 04 1b 36 02 c8 09 20 01 20 1b 36 02 ac 09 20 01 20 03 ... 11237 more bytes>
827 silly tar     ],
827 silly tar     Symbol(objectMode): false,
827 silly tar     Symbol(encoding): null,
827 silly tar     Symbol(async): false,
827 silly tar     Symbol(decoder): null,
827 silly tar     Symbol(EOF): false,
827 silly tar     Symbol(emittedEnd): false,
827 silly tar     Symbol(emittingEnd): false,
827 silly tar     Symbol(closed): false,
827 silly tar     Symbol(emittedError): null,
827 silly tar     Symbol(bufferLength): 27671,
827 silly tar     Symbol(destroyed): false,
827 silly tar     Symbol(signal): undefined,
827 silly tar     Symbol(aborted): false,
827 silly tar     Symbol(dataListeners): 0,
827 silly tar     Symbol(discarded): false
827 silly tar   },
827 silly tar   cwd: '/run/media/ttf/4D68CCA27FA538EE/immo_tul/backend/node_modules/prisma',
827 silly tar   tarCode: 'TAR_ENTRY_ERROR'
827 silly tar }
828 warn tar TAR_ENTRY_ERROR ENOENT: no such file or directory, open '/run/media/ttf/4D68CCA27FA538EE/immo_tul/backend/node_modules/prisma/build/query_compiler_bg.cockroachdb.wasm'
829 silly tar TAR_ENTRY_ERROR ENOENT: no such file or directory, open '/run/media/ttf/4D68CCA27FA538EE/immo_tul/backend/node_modules/prisma/build/query_compiler_bg.cockroachdb.wasm' [Error: ENOENT: no such file or directory, open '/run/media/ttf/4D68CCA27FA538EE/immo_tul/backend/node_modules/prisma/build/query_compiler_bg.cockroachdb.wasm'] {
829 silly tar   errno: -2,
829 silly tar   code: 'ENOENT',
829 silly tar   syscall: 'open',
829 silly tar   path: '/run/media/ttf/4D68CCA27FA538EE/immo_tul/backend/node_modules/prisma/build/query_compiler_bg.cockroachdb.wasm',
829 silly tar   entry: ReadEntry {
829 silly tar     _events: [Object: null prototype] { end: [Function (anonymous)] },
829 silly tar     _eventsCount: 1,
829 silly tar     _maxListeners: undefined,
829 silly tar     writable: true,
829 silly tar     readable: true,
829 silly tar     extended: null,
829 silly tar     globalExtended: null,
829 silly tar     header: Header {
829 silly tar       cksumValid: true,
829 silly tar       needPax: false,
829 silly tar       nullBlock: false,
829 silly tar       block: null,
829 silly tar       path: 'package/build/query_compiler_bg.cockroachdb.wasm',
829 silly tar       mode: 420,
829 silly tar       uid: 0,
829 silly tar       gid: 0,
829 silly tar       size: 1976344,
829 silly tar       mtime: 1985-10-26T08:15:00.000Z,
829 silly tar       cksum: 8570,
829 silly tar       linkpath: '',
829 silly tar       uname: '',
829 silly tar       gname: '',
829 silly tar       devmaj: 0,
829 silly tar       devmin: 0,
829 silly tar       atime: null,
829 silly tar       ctime: null,
829 silly tar       Symbol(type): '0'
829 silly tar     },
829 silly tar     startBlockSize: 1976832,
829 silly tar     blockRemain: 1967217,
829 silly tar     remain: 1966729,
829 silly tar     type: 'File',
829 silly tar     meta: false,
829 silly tar     ignore: false,
829 silly tar     path: 'build/query_compiler_bg.cockroachdb.wasm',
829 silly tar     mode: 438,
829 silly tar     uid: 0,
829 silly tar     gid: 0,
829 silly tar     uname: '',
829 silly tar     gname: '',
829 silly tar     size: 1976344,
829 silly tar     mtime: 1985-10-26T08:15:00.000Z,
829 silly tar     atime: null,
829 silly tar     ctime: null,
829 silly tar     linkpath: '',
829 silly tar     absolute: '/run/media/ttf/4D68CCA27FA538EE/immo_tul/backend/node_modules/prisma/build/query_compiler_bg.cockroachdb.wasm',
829 silly tar     Symbol(shapeMode): false,
829 silly tar     Symbol(kCapture): false,
829 silly tar     Symbol(flowing): false,
829 silly tar     Symbol(paused): true,
829 silly tar     Symbol(pipes): [ [Pipe] ],
829 silly tar     Symbol(buffer): [],
829 silly tar     Symbol(objectMode): false,
829 silly tar     Symbol(encoding): null,
829 silly tar     Symbol(async): false,
829 silly tar     Symbol(decoder): null,
829 silly tar     Symbol(EOF): false,
829 silly tar     Symbol(emittedEnd): false,
829 silly tar     Symbol(emittingEnd): false,
829 silly tar     Symbol(closed): false,
829 silly tar     Symbol(emittedError): null,
829 silly tar     Symbol(bufferLength): 0,
829 silly tar     Symbol(destroyed): false,
829 silly tar     Symbol(signal): undefined,
829 silly tar     Symbol(aborted): false,
829 silly tar     Symbol(dataListeners): 0,
829 silly tar     Symbol(discarded): false
829 silly tar   },
829 silly tar   cwd: '/run/media/ttf/4D68CCA27FA538EE/immo_tul/backend/node_modules/prisma',
829 silly tar   tarCode: 'TAR_ENTRY_ERROR'
829 silly tar }
830 warn tar TAR_ENTRY_ERROR ENOENT: no such file or directory, open '/run/media/ttf/4D68CCA27FA538EE/immo_tul/backend/node_modules/prisma/build/query_compiler_bg.mysql.wasm'
831 silly tar TAR_ENTRY_ERROR ENOENT: no such file or directory, open '/run/media/ttf/4D68CCA27FA538EE/immo_tul/backend/node_modules/prisma/build/query_compiler_bg.mysql.wasm' [Error: ENOENT: no such file or directory, open '/run/media/ttf/4D68CCA27FA538EE/immo_tul/backend/node_modules/prisma/build/query_compiler_bg.mysql.wasm'] {
831 silly tar   errno: -2,
831 silly tar   code: 'ENOENT',
831 silly tar   syscall: 'open',
831 silly tar   path: '/run/media/ttf/4D68CCA27FA538EE/immo_tul/backend/node_modules/prisma/build/query_compiler_bg.mysql.wasm',
831 silly tar   entry: ReadEntry {
831 silly tar     _events: [Object: null prototype] {
831 silly tar       end: [Function (anonymous)],
831 silly tar       drain: [Function]
831 silly tar     },
831 silly tar     _eventsCount: 2,
831 silly tar     _maxListeners: undefined,
831 silly tar     writable: true,
831 silly tar     readable: true,
831 silly tar     extended: null,
831 silly tar     globalExtended: null,
831 silly tar     header: Header {
831 silly tar       cksumValid: true,
831 silly tar       needPax: false,
831 silly tar       nullBlock: false,
831 silly tar       block: null,
831 silly tar       path: 'package/build/query_compiler_bg.mysql.wasm',
831 silly tar       mode: 420,
831 silly tar       uid: 0,
831 silly tar       gid: 0,
831 silly tar       size: 1915620,
831 silly tar       mtime: 1985-10-26T08:15:00.000Z,
831 silly tar       cksum: 8005,
831 silly tar       linkpath: '',
831 silly tar       uname: '',
831 silly tar       gname: '',
831 silly tar       devmaj: 0,
831 silly tar       devmin: 0,
831 silly tar       atime: null,
831 silly tar       ctime: null,
831 silly tar       Symbol(type): '0'
831 silly tar     },
831 silly tar     startBlockSize: 1915904,
831 silly tar     blockRemain: 1896193,
831 silly tar     remain: 1895909,
831 silly tar     type: 'File',
831 silly tar     meta: false,
831 silly tar     ignore: false,
831 silly tar     path: 'build/query_compiler_bg.mysql.wasm',
831 silly tar     mode: 438,
831 silly tar     uid: 0,
831 silly tar     gid: 0,
831 silly tar     uname: '',
831 silly tar     gname: '',
831 silly tar     size: 1915620,
831 silly tar     mtime: 1985-10-26T08:15:00.000Z,
831 silly tar     atime: null,
831 silly tar     ctime: null,
831 silly tar     linkpath: '',
831 silly tar     absolute: '/run/media/ttf/4D68CCA27FA538EE/immo_tul/backend/node_modules/prisma/build/query_compiler_bg.mysql.wasm',
831 silly tar     Symbol(shapeMode): false,
831 silly tar     Symbol(kCapture): false,
831 silly tar     Symbol(flowing): false,
831 silly tar     Symbol(paused): true,
831 silly tar     Symbol(pipes): [ [Pipe] ],
831 silly tar     Symbol(buffer): [
831 silly tar       <Buffer 5f 5f 77 62 69 6e 64 67 65 6e 5f 69 6e 5f 62 62 39 33 33 62 64 39 65 31 62 33 62 63 30 66 00 2e 16 2e 2f 71 75 65 72 79 5f 63 6f 6d 70 69 6c 65 72 5f ... 15749 more bytes>
831 silly tar     ],
831 silly tar     Symbol(objectMode): false,
831 silly tar     Symbol(encoding): null,
831 silly tar     Symbol(async): false,
831 silly tar     Symbol(decoder): null,
831 silly tar     Symbol(EOF): false,
831 silly tar     Symbol(emittedEnd): false,
831 silly tar     Symbol(emittingEnd): false,
831 silly tar     Symbol(closed): false,
831 silly tar     Symbol(emittedError): null,
831 silly tar     Symbol(bufferLength): 15799,
831 silly tar     Symbol(destroyed): false,
831 silly tar     Symbol(signal): undefined,
831 silly tar     Symbol(aborted): false,
831 silly tar     Symbol(dataListeners): 0,
831 silly tar     Symbol(discarded): false
831 silly tar   },
831 silly tar   cwd: '/run/media/ttf/4D68CCA27FA538EE/immo_tul/backend/node_modules/prisma',
831 silly tar   tarCode: 'TAR_ENTRY_ERROR'
831 silly tar }
832 http fetch GET 200 https://registry.npmjs.org/prisma 36808ms (cache miss)
833 silly packumentCache corgi:https://registry.npmjs.org/prisma set size:undefined disposed:false
834 silly packumentCache corgi:https://registry.npmjs.org/@prisma%2fclient cache-miss
835 warn tar TAR_ENTRY_ERROR ENOENT: no such file or directory, open '/run/media/ttf/4D68CCA27FA538EE/immo_tul/backend/node_modules/prisma/build/query_compiler_bg.postgresql.wasm'
836 silly tar TAR_ENTRY_ERROR ENOENT: no such file or directory, open '/run/media/ttf/4D68CCA27FA538EE/immo_tul/backend/node_modules/prisma/build/query_compiler_bg.postgresql.wasm' [Error: ENOENT: no such file or directory, open '/run/media/ttf/4D68CCA27FA538EE/immo_tul/backend/node_modules/prisma/build/query_compiler_bg.postgresql.wasm'] {
836 silly tar   errno: -2,
836 silly tar   code: 'ENOENT',
836 silly tar   syscall: 'open',
836 silly tar   path: '/run/media/ttf/4D68CCA27FA538EE/immo_tul/backend/node_modules/prisma/build/query_compiler_bg.postgresql.wasm',
836 silly tar   entry: ReadEntry {
836 silly tar     _events: [Object: null prototype] {
836 silly tar       end: [Function (anonymous)],
836 silly tar       drain: [Function]
836 silly tar     },
836 silly tar     _eventsCount: 2,
836 silly tar     _maxListeners: undefined,
836 silly tar     writable: true,
836 silly tar     readable: true,
836 silly tar     extended: null,
836 silly tar     globalExtended: null,
836 silly tar     header: Header {
836 silly tar       cksumValid: true,
836 silly tar       needPax: false,
836 silly tar       nullBlock: false,
836 silly tar       block: null,
836 silly tar       path: 'package/build/query_compiler_bg.postgresql.wasm',
836 silly tar       mode: 420,
836 silly tar       uid: 0,
836 silly tar       gid: 0,
836 silly tar       size: 1950269,
836 silly tar       mtime: 1985-10-26T08:15:00.000Z,
836 silly tar       cksum: 8546,
836 silly tar       linkpath: '',
836 silly tar       uname: '',
836 silly tar       gname: '',
836 silly tar       devmaj: 0,
836 silly tar       devmin: 0,
836 silly tar       atime: null,
836 silly tar       ctime: null,
836 silly tar       Symbol(type): '0'
836 silly tar     },
836 silly tar     startBlockSize: 1950720,
836 silly tar     blockRemain: 1889063,
836 silly tar     remain: 1888612,
836 silly tar     type: 'File',
836 silly tar     meta: false,
836 silly tar     ignore: false,
836 silly tar     path: 'build/query_compiler_bg.postgresql.wasm',
836 silly tar     mode: 438,
836 silly tar     uid: 0,
836 silly tar     gid: 0,
836 silly tar     uname: '',
836 silly tar     gname: '',
836 silly tar     size: 1950269,
836 silly tar     mtime: 1985-10-26T08:15:00.000Z,
836 silly tar     atime: null,
836 silly tar     ctime: null,
836 silly tar     linkpath: '',
836 silly tar     absolute: '/run/media/ttf/4D68CCA27FA538EE/immo_tul/backend/node_modules/prisma/build/query_compiler_bg.postgresql.wasm',
836 silly tar     Symbol(shapeMode): false,
836 silly tar     Symbol(kCapture): false,
836 silly tar     Symbol(flowing): false,
836 silly tar     Symbol(paused): true,
836 silly tar     Symbol(pipes): [ [Pipe] ],
836 silly tar     Symbol(buffer): [
836 silly tar       <Buffer 9d 21 b4 14 b7 22 cd 0e b8 22 96 26 b1 1b 9f 21 b2 14 b5 22 ca 0e ba 22 c7 0e 48 91 01 dc 01 98 09 45 92 02 b9 02 9b 0b d3 01 b2 01 87 04 fe 04 8d 04 ... 16564 more bytes>,
836 silly tar       <Buffer 6a 22 09 20 07 41 f0 1a 6a 22 06 10 ab 1c 20 06 10 e9 1c 20 07 41 e0 04 6a 20 04 20 05 10 e7 0b 20 07 20 07 29 03 e0 04 37 02 c0 09 20 07 28 02 88 05 ... 16334 more bytes>,
836 silly tar       <Buffer 5b 20 07 41 f0 18 6a 20 3a 41 24 fc 0a 00 00 20 07 41 b8 0c 6a 20 32 41 08 6a 28 02 00 36 02 00 20 07 20 32 29 02 00 37 03 b0 0c 20 07 41 90 0f 6a 10 ... 16334 more bytes>,
836 silly tar       <Buffer 02 00 36 00 00 20 07 20 06 3a 00 d0 0b 20 07 20 a2 01 37 03 d8 0b 20 07 20 08 36 02 88 0c 20 07 20 a3 01 37 03 98 0c 0c 04 0b 20 07 41 e0 06 6a 20 13 ... 870 more bytes>
836 silly tar     ],
836 silly tar     Symbol(objectMode): false,
836 silly tar     Symbol(encoding): null,
836 silly tar     Symbol(async): false,
836 silly tar     Symbol(decoder): null,
836 silly tar     Symbol(EOF): false,
836 silly tar     Symbol(emittedEnd): false,
836 silly tar     Symbol(emittingEnd): false,
836 silly tar     Symbol(closed): false,
836 silly tar     Symbol(emittedError): null,
836 silly tar     Symbol(bufferLength): 50302,
836 silly tar     Symbol(destroyed): false,
836 silly tar     Symbol(signal): undefined,
836 silly tar     Symbol(aborted): false,
836 silly tar     Symbol(dataListeners): 0,
836 silly tar     Symbol(discarded): false
836 silly tar   },
836 silly tar   cwd: '/run/media/ttf/4D68CCA27FA538EE/immo_tul/backend/node_modules/prisma',
836 silly tar   tarCode: 'TAR_ENTRY_ERROR'
836 silly tar }
837 warn tar TAR_ENTRY_ERROR ENOENT: no such file or directory, open '/run/media/ttf/4D68CCA27FA538EE/immo_tul/backend/node_modules/prisma/build/query_compiler_bg.sqlite.wasm'
838 silly tar TAR_ENTRY_ERROR ENOENT: no such file or directory, open '/run/media/ttf/4D68CCA27FA538EE/immo_tul/backend/node_modules/prisma/build/query_compiler_bg.sqlite.wasm' [Error: ENOENT: no such file or directory, open '/run/media/ttf/4D68CCA27FA538EE/immo_tul/backend/node_modules/prisma/build/query_compiler_bg.sqlite.wasm'] {
838 silly tar   errno: -2,
838 silly tar   code: 'ENOENT',
838 silly tar   syscall: 'open',
838 silly tar   path: '/run/media/ttf/4D68CCA27FA538EE/immo_tul/backend/node_modules/prisma/build/query_compiler_bg.sqlite.wasm',
838 silly tar   entry: ReadEntry {
838 silly tar     _events: [Object: null prototype] {
838 silly tar       end: [Function (anonymous)],
838 silly tar       drain: [Function]
838 silly tar     },
838 silly tar     _eventsCount: 2,
838 silly tar     _maxListeners: undefined,
838 silly tar     writable: true,
838 silly tar     readable: true,
838 silly tar     extended: null,
838 silly tar     globalExtended: null,
838 silly tar     header: Header {
838 silly tar       cksumValid: true,
838 silly tar       needPax: false,
838 silly tar       nullBlock: false,
838 silly tar       block: null,
838 silly tar       path: 'package/build/query_compiler_bg.sqlite.wasm',
838 silly tar       mode: 420,
838 silly tar       uid: 0,
838 silly tar       gid: 0,
838 silly tar       size: 1871962,
838 silly tar       mtime: 1985-10-26T08:15:00.000Z,
838 silly tar       cksum: 8084,
838 silly tar       linkpath: '',
838 silly tar       uname: '',
838 silly tar       gname: '',
838 silly tar       devmaj: 0,
838 silly tar       devmin: 0,
838 silly tar       atime: null,
838 silly tar       ctime: null,
838 silly tar       Symbol(type): '0'
838 silly tar     },
838 silly tar     startBlockSize: 1872384,
838 silly tar     blockRemain: 1807835,
838 silly tar     remain: 1807413,
838 silly tar     type: 'File',
838 silly tar     meta: false,
838 silly tar     ignore: false,
838 silly tar     path: 'build/query_compiler_bg.sqlite.wasm',
838 silly tar     mode: 438,
838 silly tar     uid: 0,
838 silly tar     gid: 0,
838 silly tar     uname: '',
838 silly tar     gname: '',
838 silly tar     size: 1871962,
838 silly tar     mtime: 1985-10-26T08:15:00.000Z,
838 silly tar     atime: null,
838 silly tar     ctime: null,
838 silly tar     linkpath: '',
838 silly tar     absolute: '/run/media/ttf/4D68CCA27FA538EE/immo_tul/backend/node_modules/prisma/build/query_compiler_bg.sqlite.wasm',
838 silly tar     Symbol(shapeMode): false,
838 silly tar     Symbol(kCapture): false,
838 silly tar     Symbol(flowing): false,
838 silly tar     Symbol(paused): true,
838 silly tar     Symbol(pipes): [ [Pipe] ],
838 silly tar     Symbol(buffer): [
838 silly tar       <Buffer 06 6a 21 75 20 07 41 e8 06 6a 41 01 72 21 76 20 07 41 e4 19 6a 21 29 20 07 41 c8 19 6a 21 30 20 07 41 b8 19 6a 21 15 20 07 41 c8 15 6a 21 1f 20 07 41 ... 16824 more bytes>,
838 silly tar       <Buffer a0 0c 6a 22 14 36 02 b4 1d 20 07 20 06 36 02 b0 1d 20 0c 20 1e 10 c0 14 20 27 10 be 20 20 24 20 0b 29 02 00 37 02 00 20 27 20 07 29 02 f0 08 37 02 00 ... 16334 more bytes>,
838 silly tar       <Buffer 00 48 0d 10 20 2c 20 0a 10 f4 0c 20 07 20 05 36 02 c4 06 20 07 20 04 36 02 c0 06 02 40 20 0d 45 04 40 20 07 41 02 36 02 b8 15 20 07 41 c0 06 6a 10 f4 ... 16334 more bytes>,
838 silly tar       <Buffer 20 1e 28 02 00 36 02 00 20 07 20 07 29 03 c8 0c 37 03 d8 06 20 07 20 07 29 03 b0 0c 37 03 c0 06 20 07 20 07 29 03 80 0d 37 03 b0 06 20 07 41 a0 0c 6a ... 2645 more bytes>
838 silly tar     ],
838 silly tar     Symbol(objectMode): false,
838 silly tar     Symbol(encoding): null,
838 silly tar     Symbol(async): false,
838 silly tar     Symbol(decoder): null,
838 silly tar     Symbol(EOF): false,
838 silly tar     Symbol(emittedEnd): false,
838 silly tar     Symbol(emittingEnd): false,
838 silly tar     Symbol(closed): false,
838 silly tar     Symbol(emittedError): null,
838 silly tar     Symbol(bufferLength): 52337,
838 silly tar     Symbol(destroyed): false,
838 silly tar     Symbol(signal): undefined,
838 silly tar     Symbol(aborted): false,
838 silly tar     Symbol(dataListeners): 0,
838 silly tar     Symbol(discarded): false
838 silly tar   },
838 silly tar   cwd: '/run/media/ttf/4D68CCA27FA538EE/immo_tul/backend/node_modules/prisma',
838 silly tar   tarCode: 'TAR_ENTRY_ERROR'
838 silly tar }
839 warn tar TAR_ENTRY_ERROR ENOENT: no such file or directory, open '/run/media/ttf/4D68CCA27FA538EE/immo_tul/backend/node_modules/prisma/build/query_compiler_bg.sqlserver.wasm'
840 silly tar TAR_ENTRY_ERROR ENOENT: no such file or directory, open '/run/media/ttf/4D68CCA27FA538EE/immo_tul/backend/node_modules/prisma/build/query_compiler_bg.sqlserver.wasm' [Error: ENOENT: no such file or directory, open '/run/media/ttf/4D68CCA27FA538EE/immo_tul/backend/node_modules/prisma/build/query_compiler_bg.sqlserver.wasm'] {
840 silly tar   errno: -2,
840 silly tar   code: 'ENOENT',
840 silly tar   syscall: 'open',
840 silly tar   path: '/run/media/ttf/4D68CCA27FA538EE/immo_tul/backend/node_modules/prisma/build/query_compiler_bg.sqlserver.wasm',
840 silly tar   entry: ReadEntry {
840 silly tar     _events: [Object: null prototype] {
840 silly tar       end: [Function (anonymous)],
840 silly tar       drain: [Function]
840 silly tar     },
840 silly tar     _eventsCount: 2,
840 silly tar     _maxListeners: undefined,
840 silly tar     writable: true,
840 silly tar     readable: true,
840 silly tar     extended: null,
840 silly tar     globalExtended: null,
840 silly tar     header: Header {
840 silly tar       cksumValid: true,
840 silly tar       needPax: false,
840 silly tar       nullBlock: false,
840 silly tar       block: null,
840 silly tar       path: 'package/build/query_compiler_bg.sqlserver.wasm',
840 silly tar       mode: 420,
840 silly tar       uid: 0,
840 silly tar       gid: 0,
840 silly tar       size: 1948247,
840 silly tar       mtime: 1985-10-26T08:15:00.000Z,
840 silly tar       cksum: 8438,
840 silly tar       linkpath: '',
840 silly tar       uname: '',
840 silly tar       gname: '',
840 silly tar       devmaj: 0,
840 silly tar       devmin: 0,
840 silly tar       atime: null,
840 silly tar       ctime: null,
840 silly tar       Symbol(type): '0'
840 silly tar     },
840 silly tar     startBlockSize: 1948672,
840 silly tar     blockRemain: 1892984,
840 silly tar     remain: 1892559,
840 silly tar     type: 'File',
840 silly tar     meta: false,
840 silly tar     ignore: false,
840 silly tar     path: 'build/query_compiler_bg.sqlserver.wasm',
840 silly tar     mode: 438,
840 silly tar     uid: 0,
840 silly tar     gid: 0,
840 silly tar     uname: '',
840 silly tar     gname: '',
840 silly tar     size: 1948247,
840 silly tar     mtime: 1985-10-26T08:15:00.000Z,
840 silly tar     atime: null,
840 silly tar     ctime: null,
840 silly tar     linkpath: '',
840 silly tar     absolute: '/run/media/ttf/4D68CCA27FA538EE/immo_tul/backend/node_modules/prisma/build/query_compiler_bg.sqlserver.wasm',
840 silly tar     Symbol(shapeMode): false,
840 silly tar     Symbol(kCapture): false,
840 silly tar     Symbol(flowing): false,
840 silly tar     Symbol(paused): true,
840 silly tar     Symbol(pipes): [ [Pipe] ],
840 silly tar     Symbol(buffer): [
840 silly tar       <Buffer 1d df 1c bc 19 bd 19 be 19 8b 10 ba 1a ab 05 bf 25 e7 16 8a 1b d9 24 f1 19 c0 25 b9 16 9d 14 95 0b da 24 c1 25 e9 02 c2 25 9c 25 ee 03 cc 25 c3 25 ba ... 16359 more bytes>,
840 silly tar       <Buffer 11 20 07 41 b0 19 6a 10 96 16 0c 00 0b 00 0b 20 07 20 08 36 02 f8 14 20 81 01 20 06 41 04 6a 41 3c fc 0a 00 00 20 07 41 f0 1a 6a 20 07 41 f8 14 6a 10 ... 16334 more bytes>,
840 silly tar       <Buffer b8 15 6a 10 96 16 0b 20 07 41 f0 08 6a 10 fe 17 20 06 41 8a 80 80 80 78 46 0d 0b 20 00 20 07 29 03 d8 0c 37 02 08 20 00 20 07 29 03 90 0a 37 02 18 20 ... 12913 more bytes>
840 silly tar     ],
840 silly tar     Symbol(objectMode): false,
840 silly tar     Symbol(encoding): null,
840 silly tar     Symbol(async): false,
840 silly tar     Symbol(decoder): null,
840 silly tar     Symbol(EOF): false,
840 silly tar     Symbol(emittedEnd): false,
840 silly tar     Symbol(emittingEnd): false,
840 silly tar     Symbol(closed): false,
840 silly tar     Symbol(emittedError): null,
840 silly tar     Symbol(bufferLength): 45756,
840 silly tar     Symbol(destroyed): false,
840 silly tar     Symbol(signal): undefined,
840 silly tar     Symbol(aborted): false,
840 silly tar     Symbol(dataListeners): 0,
840 silly tar     Symbol(discarded): false
840 silly tar   },
840 silly tar   cwd: '/run/media/ttf/4D68CCA27FA538EE/immo_tul/backend/node_modules/prisma',
840 silly tar   tarCode: 'TAR_ENTRY_ERROR'
840 silly tar }
841 warn tar TAR_ENTRY_ERROR ENOENT: no such file or directory, open '/run/media/ttf/4D68CCA27FA538EE/immo_tul/backend/node_modules/prisma/build/query_engine_bg.cockroachdb.wasm'
842 silly tar TAR_ENTRY_ERROR ENOENT: no such file or directory, open '/run/media/ttf/4D68CCA27FA538EE/immo_tul/backend/node_modules/prisma/build/query_engine_bg.cockroachdb.wasm' [Error: ENOENT: no such file or directory, open '/run/media/ttf/4D68CCA27FA538EE/immo_tul/backend/node_modules/prisma/build/query_engine_bg.cockroachdb.wasm'] {
842 silly tar   errno: -2,
842 silly tar   code: 'ENOENT',
842 silly tar   syscall: 'open',
842 silly tar   path: '/run/media/ttf/4D68CCA27FA538EE/immo_tul/backend/node_modules/prisma/build/query_engine_bg.cockroachdb.wasm',
842 silly tar   entry: ReadEntry {
842 silly tar     _events: [Object: null prototype] {
842 silly tar       end: [Function (anonymous)],
842 silly tar       drain: [Function]
842 silly tar     },
842 silly tar     _eventsCount: 2,
842 silly tar     _maxListeners: undefined,
842 silly tar     writable: true,
842 silly tar     readable: true,
842 silly tar     extended: null,
842 silly tar     globalExtended: null,
842 silly tar     header: Header {
842 silly tar       cksumValid: true,
842 silly tar       needPax: false,
842 silly tar       nullBlock: false,
842 silly tar       block: null,
842 silly tar       path: 'package/build/query_engine_bg.cockroachdb.wasm',
842 silly tar       mode: 420,
842 silly tar       uid: 0,
842 silly tar       gid: 0,
842 silly tar       size: 2320630,
842 silly tar       mtime: 1985-10-26T08:15:00.000Z,
842 silly tar       cksum: 8353,
842 silly tar       linkpath: '',
842 silly tar       uname: '',
842 silly tar       gname: '',
842 silly tar       devmaj: 0,
842 silly tar       devmin: 0,
842 silly tar       atime: null,
842 silly tar       ctime: null,
842 silly tar       Symbol(type): '0'
842 silly tar     },
842 silly tar     startBlockSize: 2320896,
842 silly tar     blockRemain: 2273238,
842 silly tar     remain: 2272972,
842 silly tar     type: 'File',
842 silly tar     meta: false,
842 silly tar     ignore: false,
842 silly tar     path: 'build/query_engine_bg.cockroachdb.wasm',
842 silly tar     mode: 438,
842 silly tar     uid: 0,
842 silly tar     gid: 0,
842 silly tar     uname: '',
842 silly tar     gname: '',
842 silly tar     size: 2320630,
842 silly tar     mtime: 1985-10-26T08:15:00.000Z,
842 silly tar     atime: null,
842 silly tar     ctime: null,
842 silly tar     linkpath: '',
842 silly tar     absolute: '/run/media/ttf/4D68CCA27FA538EE/immo_tul/backend/node_modules/prisma/build/query_engine_bg.cockroachdb.wasm',
842 silly tar     Symbol(shapeMode): false,
842 silly tar     Symbol(kCapture): false,
842 silly tar     Symbol(flowing): false,
842 silly tar     Symbol(paused): true,
842 silly tar     Symbol(pipes): [ [Pipe] ],
842 silly tar     Symbol(buffer): [
842 silly tar       <Buffer 06 06 01 03 09 11 11 11 11 02 00 02 00 00 25 25 02 02 02 07 08 05 02 01 04 01 01 1e 02 00 03 04 00 00 00 00 02 00 01 0c 05 05 00 02 00 02 00 02 02 00 ... 16334 more bytes>,
842 silly tar       <Buffer 00 37 03 00 20 1f 20 17 41 08 6a 22 0d 29 02 00 37 03 00 20 07 41 90 18 6a 22 12 20 17 41 10 6a 22 0e 29 02 00 37 03 00 20 07 41 c8 0b 6a 22 0b 20 19 ... 16334 more bytes>,
842 silly tar       <Buffer 20 09 10 90 0e 20 1b 20 0c 29 03 00 37 03 00 20 13 20 0d 29 03 00 37 03 00 20 24 20 0e 29 03 00 37 03 00 20 15 20 11 28 02 00 36 02 00 20 07 20 1c 29 ... 6932 more bytes>
842 silly tar     ],
842 silly tar     Symbol(objectMode): false,
842 silly tar     Symbol(encoding): null,
842 silly tar     Symbol(async): false,
842 silly tar     Symbol(decoder): null,
842 silly tar     Symbol(EOF): false,
842 silly tar     Symbol(emittedEnd): false,
842 silly tar     Symbol(emittingEnd): false,
842 silly tar     Symbol(closed): false,
842 silly tar     Symbol(emittedError): null,
842 silly tar     Symbol(bufferLength): 39750,
842 silly tar     Symbol(destroyed): false,
842 silly tar     Symbol(signal): undefined,
842 silly tar     Symbol(aborted): false,
842 silly tar     Symbol(dataListeners): 0,
842 silly tar     Symbol(discarded): false
842 silly tar   },
842 silly tar   cwd: '/run/media/ttf/4D68CCA27FA538EE/immo_tul/backend/node_modules/prisma',
842 silly tar   tarCode: 'TAR_ENTRY_ERROR'
842 silly tar }
843 warn tar TAR_ENTRY_ERROR ENOENT: no such file or directory, open '/run/media/ttf/4D68CCA27FA538EE/immo_tul/backend/node_modules/prisma/build/query_engine_bg.mysql.wasm'
844 silly tar TAR_ENTRY_ERROR ENOENT: no such file or directory, open '/run/media/ttf/4D68CCA27FA538EE/immo_tul/backend/node_modules/prisma/build/query_engine_bg.mysql.wasm' [Error: ENOENT: no such file or directory, open '/run/media/ttf/4D68CCA27FA538EE/immo_tul/backend/node_modules/prisma/build/query_engine_bg.mysql.wasm'] {
844 silly tar   errno: -2,
844 silly tar   code: 'ENOENT',
844 silly tar   syscall: 'open',
844 silly tar   path: '/run/media/ttf/4D68CCA27FA538EE/immo_tul/backend/node_modules/prisma/build/query_engine_bg.mysql.wasm',
844 silly tar   entry: ReadEntry {
844 silly tar     _events: [Object: null prototype] {
844 silly tar       end: [Function (anonymous)],
844 silly tar       drain: [Function]
844 silly tar     },
844 silly tar     _eventsCount: 2,
844 silly tar     _maxListeners: undefined,
844 silly tar     writable: true,
844 silly tar     readable: true,
844 silly tar     extended: null,
844 silly tar     globalExtended: null,
844 silly tar     header: Header {
844 silly tar       cksumValid: true,
844 silly tar       needPax: false,
844 silly tar       nullBlock: false,
844 silly tar       block: null,
844 silly tar       path: 'package/build/query_engine_bg.mysql.wasm',
844 silly tar       mode: 420,
844 silly tar       uid: 0,
844 silly tar       gid: 0,
844 silly tar       size: 2263426,
844 silly tar       mtime: 1985-10-26T08:15:00.000Z,
844 silly tar       cksum: 7766,
844 silly tar       linkpath: '',
844 silly tar       uname: '',
844 silly tar       gname: '',
844 silly tar       devmaj: 0,
844 silly tar       devmin: 0,
844 silly tar       atime: null,
844 silly tar       ctime: null,
844 silly tar       Symbol(type): '0'
844 silly tar     },
844 silly tar     startBlockSize: 2263552,
844 silly tar     blockRemain: 2250726,
844 silly tar     remain: 2250600,
844 silly tar     type: 'File',
844 silly tar     meta: false,
844 silly tar     ignore: false,
844 silly tar     path: 'build/query_engine_bg.mysql.wasm',
844 silly tar     mode: 438,
844 silly tar     uid: 0,
844 silly tar     gid: 0,
844 silly tar     uname: '',
844 silly tar     gname: '',
844 silly tar     size: 2263426,
844 silly tar     mtime: 1985-10-26T08:15:00.000Z,
844 silly tar     atime: null,
844 silly tar     ctime: null,
844 silly tar     linkpath: '',
844 silly tar     absolute: '/run/media/ttf/4D68CCA27FA538EE/immo_tul/backend/node_modules/prisma/build/query_engine_bg.mysql.wasm',
844 silly tar     Symbol(shapeMode): false,
844 silly tar     Symbol(kCapture): false,
844 silly tar     Symbol(flowing): false,
844 silly tar     Symbol(paused): true,
844 silly tar     Symbol(pipes): [ [Pipe] ],
844 silly tar     Symbol(buffer): [
844 silly tar       <Buffer 00 00 03 03 03 00 01 01 05 00 04 00 01 00 01 01 01 02 06 00 03 03 03 06 00 06 00 01 00 00 00 03 01 06 00 02 03 00 00 06 00 01 0c 03 03 05 06 00 00 05 ... 2761 more bytes>
844 silly tar     ],
844 silly tar     Symbol(objectMode): false,
844 silly tar     Symbol(encoding): null,
844 silly tar     Symbol(async): false,
844 silly tar     Symbol(decoder): null,
844 silly tar     Symbol(EOF): false,
844 silly tar     Symbol(emittedEnd): false,
844 silly tar     Symbol(emittingEnd): false,
844 silly tar     Symbol(closed): false,
844 silly tar     Symbol(emittedError): null,
844 silly tar     Symbol(bufferLength): 2811,
844 silly tar     Symbol(destroyed): false,
844 silly tar     Symbol(signal): undefined,
844 silly tar     Symbol(aborted): false,
844 silly tar     Symbol(dataListeners): 0,
844 silly tar     Symbol(discarded): false
844 silly tar   },
844 silly tar   cwd: '/run/media/ttf/4D68CCA27FA538EE/immo_tul/backend/node_modules/prisma',
844 silly tar   tarCode: 'TAR_ENTRY_ERROR'
844 silly tar }
845 warn tar TAR_ENTRY_ERROR ENOENT: no such file or directory, open '/run/media/ttf/4D68CCA27FA538EE/immo_tul/backend/node_modules/prisma/build/query_engine_bg.postgresql.wasm'
846 silly tar TAR_ENTRY_ERROR ENOENT: no such file or directory, open '/run/media/ttf/4D68CCA27FA538EE/immo_tul/backend/node_modules/prisma/build/query_engine_bg.postgresql.wasm' [Error: ENOENT: no such file or directory, open '/run/media/ttf/4D68CCA27FA538EE/immo_tul/backend/node_modules/prisma/build/query_engine_bg.postgresql.wasm'] {
846 silly tar   errno: -2,
846 silly tar   code: 'ENOENT',
846 silly tar   syscall: 'open',
846 silly tar   path: '/run/media/ttf/4D68CCA27FA538EE/immo_tul/backend/node_modules/prisma/build/query_engine_bg.postgresql.wasm',
846 silly tar   entry: ReadEntry {
846 silly tar     _events: [Object: null prototype] { end: [Function (anonymous)] },
846 silly tar     _eventsCount: 1,
846 silly tar     _maxListeners: undefined,
846 silly tar     writable: true,
846 silly tar     readable: true,
846 silly tar     extended: null,
846 silly tar     globalExtended: null,
846 silly tar     header: Header {
846 silly tar       cksumValid: true,
846 silly tar       needPax: false,
846 silly tar       nullBlock: false,
846 silly tar       block: null,
846 silly tar       path: 'package/build/query_engine_bg.postgresql.wasm',
846 silly tar       mode: 420,
846 silly tar       uid: 0,
846 silly tar       gid: 0,
846 silly tar       size: 2297601,
846 silly tar       mtime: 1985-10-26T08:15:00.000Z,
846 silly tar       cksum: 8309,
846 silly tar       linkpath: '',
846 silly tar       uname: '',
846 silly tar       gname: '',
846 silly tar       devmaj: 0,
846 silly tar       devmin: 0,
846 silly tar       atime: null,
846 silly tar       ctime: null,
846 silly tar       Symbol(type): '0'
846 silly tar     },
846 silly tar     startBlockSize: 2297856,
846 silly tar     blockRemain: 2293570,
846 silly tar     remain: 2293315,
846 silly tar     type: 'File',
846 silly tar     meta: false,
846 silly tar     ignore: false,
846 silly tar     path: 'build/query_engine_bg.postgresql.wasm',
846 silly tar     mode: 438,
846 silly tar     uid: 0,
846 silly tar     gid: 0,
846 silly tar     uname: '',
846 silly tar     gname: '',
846 silly tar     size: 2297601,
846 silly tar     mtime: 1985-10-26T08:15:00.000Z,
846 silly tar     atime: null,
846 silly tar     ctime: null,
846 silly tar     linkpath: '',
846 silly tar     absolute: '/run/media/ttf/4D68CCA27FA538EE/immo_tul/backend/node_modules/prisma/build/query_engine_bg.postgresql.wasm',
846 silly tar     Symbol(shapeMode): false,
846 silly tar     Symbol(kCapture): false,
846 silly tar     Symbol(flowing): false,
846 silly tar     Symbol(paused): true,
846 silly tar     Symbol(pipes): [ [Pipe] ],
846 silly tar     Symbol(buffer): [],
846 silly tar     Symbol(objectMode): false,
846 silly tar     Symbol(encoding): null,
846 silly tar     Symbol(async): false,
846 silly tar     Symbol(decoder): null,
846 silly tar     Symbol(EOF): false,
846 silly tar     Symbol(emittedEnd): false,
846 silly tar     Symbol(emittingEnd): false,
846 silly tar     Symbol(closed): false,
846 silly tar     Symbol(emittedError): null,
846 silly tar     Symbol(bufferLength): 0,
846 silly tar     Symbol(destroyed): false,
846 silly tar     Symbol(signal): undefined,
846 silly tar     Symbol(aborted): false,
846 silly tar     Symbol(dataListeners): 0,
846 silly tar     Symbol(discarded): false
846 silly tar   },
846 silly tar   cwd: '/run/media/ttf/4D68CCA27FA538EE/immo_tul/backend/node_modules/prisma',
846 silly tar   tarCode: 'TAR_ENTRY_ERROR'
846 silly tar }
847 warn tar TAR_ENTRY_ERROR ENOENT: no such file or directory, open '/run/media/ttf/4D68CCA27FA538EE/immo_tul/backend/node_modules/prisma/build/query_engine_bg.sqlite.wasm'
848 silly tar TAR_ENTRY_ERROR ENOENT: no such file or directory, open '/run/media/ttf/4D68CCA27FA538EE/immo_tul/backend/node_modules/prisma/build/query_engine_bg.sqlite.wasm' [Error: ENOENT: no such file or directory, open '/run/media/ttf/4D68CCA27FA538EE/immo_tul/backend/node_modules/prisma/build/query_engine_bg.sqlite.wasm'] {
848 silly tar   errno: -2,
848 silly tar   code: 'ENOENT',
848 silly tar   syscall: 'open',
848 silly tar   path: '/run/media/ttf/4D68CCA27FA538EE/immo_tul/backend/node_modules/prisma/build/query_engine_bg.sqlite.wasm',
848 silly tar   entry: ReadEntry {
848 silly tar     _events: [Object: null prototype] {
848 silly tar       end: [Function (anonymous)],
848 silly tar       drain: [Function]
848 silly tar     },
848 silly tar     _eventsCount: 2,
848 silly tar     _maxListeners: undefined,
848 silly tar     writable: true,
848 silly tar     readable: true,
848 silly tar     extended: null,
848 silly tar     globalExtended: null,
848 silly tar     header: Header {
848 silly tar       cksumValid: true,
848 silly tar       needPax: false,
848 silly tar       nullBlock: false,
848 silly tar       block: null,
848 silly tar       path: 'package/build/query_engine_bg.sqlite.wasm',
848 silly tar       mode: 420,
848 silly tar       uid: 0,
848 silly tar       gid: 0,
848 silly tar       size: 2171299,
848 silly tar       mtime: 1985-10-26T08:15:00.000Z,
848 silly tar       cksum: 7858,
848 silly tar       linkpath: '',
848 silly tar       uname: '',
848 silly tar       gname: '',
848 silly tar       devmaj: 0,
848 silly tar       devmin: 0,
848 silly tar       atime: null,
848 silly tar       ctime: null,
848 silly tar       Symbol(type): '0'
848 silly tar     },
848 silly tar     startBlockSize: 2171392,
848 silly tar     blockRemain: 2145853,
848 silly tar     remain: 2145760,
848 silly tar     type: 'File',
848 silly tar     meta: false,
848 silly tar     ignore: false,
848 silly tar     path: 'build/query_engine_bg.sqlite.wasm',
848 silly tar     mode: 438,
848 silly tar     uid: 0,
848 silly tar     gid: 0,
848 silly tar     uname: '',
848 silly tar     gname: '',
848 silly tar     size: 2171299,
848 silly tar     mtime: 1985-10-26T08:15:00.000Z,
848 silly tar     atime: null,
848 silly tar     ctime: null,
848 silly tar     linkpath: '',
848 silly tar     absolute: '/run/media/ttf/4D68CCA27FA538EE/immo_tul/backend/node_modules/prisma/build/query_engine_bg.sqlite.wasm',
848 silly tar     Symbol(shapeMode): false,
848 silly tar     Symbol(kCapture): false,
848 silly tar     Symbol(flowing): false,
848 silly tar     Symbol(paused): true,
848 silly tar     Symbol(pipes): [ [Pipe] ],
848 silly tar     Symbol(buffer): [
848 silly tar       <Buffer 01 01 01 01 01 01 02 00 01 01 01 00 01 01 01 01 01 01 01 01 01 01 01 01 01 01 01 01 01 01 01 01 01 00 01 00 02 01 01 35 35 35 01 01 01 03 07 01 06 01 ... 14828 more bytes>
848 silly tar     ],
848 silly tar     Symbol(objectMode): false,
848 silly tar     Symbol(encoding): null,
848 silly tar     Symbol(async): false,
848 silly tar     Symbol(decoder): null,
848 silly tar     Symbol(EOF): false,
848 silly tar     Symbol(emittedEnd): false,
848 silly tar     Symbol(emittingEnd): false,
848 silly tar     Symbol(closed): false,
848 silly tar     Symbol(emittedError): null,
848 silly tar     Symbol(bufferLength): 14878,
848 silly tar     Symbol(destroyed): false,
848 silly tar     Symbol(signal): undefined,
848 silly tar     Symbol(aborted): false,
848 silly tar     Symbol(dataListeners): 0,
848 silly tar     Symbol(discarded): false
848 silly tar   },
848 silly tar   cwd: '/run/media/ttf/4D68CCA27FA538EE/immo_tul/backend/node_modules/prisma',
848 silly tar   tarCode: 'TAR_ENTRY_ERROR'
848 silly tar }
849 http fetch GET 200 https://registry.npmjs.org/@prisma%2fclient 3422ms (cache miss)
850 silly packumentCache corgi:https://registry.npmjs.org/@prisma%2fclient set size:undefined disposed:false
851 warn tar TAR_ENTRY_ERROR ENOENT: no such file or directory, open '/run/media/ttf/4D68CCA27FA538EE/immo_tul/backend/node_modules/prisma/build/query_engine_bg.sqlserver.wasm'
852 silly tar TAR_ENTRY_ERROR ENOENT: no such file or directory, open '/run/media/ttf/4D68CCA27FA538EE/immo_tul/backend/node_modules/prisma/build/query_engine_bg.sqlserver.wasm' [Error: ENOENT: no such file or directory, open '/run/media/ttf/4D68CCA27FA538EE/immo_tul/backend/node_modules/prisma/build/query_engine_bg.sqlserver.wasm'] {
852 silly tar   errno: -2,
852 silly tar   code: 'ENOENT',
852 silly tar   syscall: 'open',
852 silly tar   path: '/run/media/ttf/4D68CCA27FA538EE/immo_tul/backend/node_modules/prisma/build/query_engine_bg.sqlserver.wasm',
852 silly tar   entry: ReadEntry {
852 silly tar     _events: [Object: null prototype] {
852 silly tar       end: [Function (anonymous)],
852 silly tar       drain: [Function]
852 silly tar     },
852 silly tar     _eventsCount: 2,
852 silly tar     _maxListeners: undefined,
852 silly tar     writable: true,
852 silly tar     readable: true,
852 silly tar     extended: null,
852 silly tar     globalExtended: null,
852 silly tar     header: Header {
852 silly tar       cksumValid: true,
852 silly tar       needPax: false,
852 silly tar       nullBlock: false,
852 silly tar       block: null,
852 silly tar       path: 'package/build/query_engine_bg.sqlserver.wasm',
852 silly tar       mode: 420,
852 silly tar       uid: 0,
852 silly tar       gid: 0,
852 silly tar       size: 2232836,
852 silly tar       mtime: 1985-10-26T08:15:00.000Z,
852 silly tar       cksum: 8192,
852 silly tar       linkpath: '',
852 silly tar       uname: '',
852 silly tar       gname: '',
852 silly tar       devmaj: 0,
852 silly tar       devmin: 0,
852 silly tar       atime: null,
852 silly tar       ctime: null,
852 silly tar       Symbol(type): '0'
852 silly tar     },
852 silly tar     startBlockSize: 2233344,
852 silly tar     blockRemain: 2216455,
852 silly tar     remain: 2215947,
852 silly tar     type: 'File',
852 silly tar     meta: false,
852 silly tar     ignore: false,
852 silly tar     path: 'build/query_engine_bg.sqlserver.wasm',
852 silly tar     mode: 438,
852 silly tar     uid: 0,
852 silly tar     gid: 0,
852 silly tar     uname: '',
852 silly tar     gname: '',
852 silly tar     size: 2232836,
852 silly tar     mtime: 1985-10-26T08:15:00.000Z,
852 silly tar     atime: null,
852 silly tar     ctime: null,
852 silly tar     linkpath: '',
852 silly tar     absolute: '/run/media/ttf/4D68CCA27FA538EE/immo_tul/backend/node_modules/prisma/build/query_engine_bg.sqlserver.wasm',
852 silly tar     Symbol(shapeMode): false,
852 silly tar     Symbol(kCapture): false,
852 silly tar     Symbol(flowing): false,
852 silly tar     Symbol(paused): true,
852 silly tar     Symbol(pipes): [ [Pipe] ],
852 silly tar     Symbol(buffer): [
852 silly tar       <Buffer 76 65 72 73 69 6f 6e 73 5f 61 38 65 35 61 33 36 32 65 31 66 31 36 34 34 32 00 15 14 2e 2f 71 75 65 72 79 5f 65 6e 67 69 6e 65 5f 62 67 2e 6a 73 1b 5f ... 14702 more bytes>
852 silly tar     ],
852 silly tar     Symbol(objectMode): false,
852 silly tar     Symbol(encoding): null,
852 silly tar     Symbol(async): false,
852 silly tar     Symbol(decoder): null,
852 silly tar     Symbol(EOF): false,
852 silly tar     Symbol(emittedEnd): false,
852 silly tar     Symbol(emittingEnd): false,
852 silly tar     Symbol(closed): false,
852 silly tar     Symbol(emittedError): null,
852 silly tar     Symbol(bufferLength): 14752,
852 silly tar     Symbol(destroyed): false,
852 silly tar     Symbol(signal): undefined,
852 silly tar     Symbol(aborted): false,
852 silly tar     Symbol(dataListeners): 0,
852 silly tar     Symbol(discarded): false
852 silly tar   },
852 silly tar   cwd: '/run/media/ttf/4D68CCA27FA538EE/immo_tul/backend/node_modules/prisma',
852 silly tar   tarCode: 'TAR_ENTRY_ERROR'
852 silly tar }
853 warn tar TAR_ENTRY_ERROR ENOENT: no such file or directory, open '/run/media/ttf/4D68CCA27FA538EE/immo_tul/backend/node_modules/prisma/build/schema_engine_bg.wasm'
854 silly tar TAR_ENTRY_ERROR ENOENT: no such file or directory, open '/run/media/ttf/4D68CCA27FA538EE/immo_tul/backend/node_modules/prisma/build/schema_engine_bg.wasm' [Error: ENOENT: no such file or directory, open '/run/media/ttf/4D68CCA27FA538EE/immo_tul/backend/node_modules/prisma/build/schema_engine_bg.wasm'] {
854 silly tar   errno: -2,
854 silly tar   code: 'ENOENT',
854 silly tar   syscall: 'open',
854 silly tar   path: '/run/media/ttf/4D68CCA27FA538EE/immo_tul/backend/node_modules/prisma/build/schema_engine_bg.wasm',
854 silly tar   entry: ReadEntry {
854 silly tar     _events: [Object: null prototype] {
854 silly tar       end: [Function (anonymous)],
854 silly tar       drain: [Function]
854 silly tar     },
854 silly tar     _eventsCount: 2,
854 silly tar     _maxListeners: undefined,
854 silly tar     writable: true,
854 silly tar     readable: true,
854 silly tar     extended: null,
854 silly tar     globalExtended: null,
854 silly tar     header: Header {
854 silly tar       cksumValid: true,
854 silly tar       needPax: false,
854 silly tar       nullBlock: false,
854 silly tar       block: null,
854 silly tar       path: 'package/build/schema_engine_bg.wasm',
854 silly tar       mode: 420,
854 silly tar       uid: 0,
854 silly tar       gid: 0,
854 silly tar       size: 4094567,
854 silly tar       mtime: 1985-10-26T08:15:00.000Z,
854 silly tar       cksum: 7231,
854 silly tar       linkpath: '',
854 silly tar       uname: '',
854 silly tar       gname: '',
854 silly tar       devmaj: 0,
854 silly tar       devmin: 0,
854 silly tar       atime: null,
854 silly tar       ctime: null,
854 silly tar       Symbol(type): '0'
854 silly tar     },
854 silly tar     startBlockSize: 4094976,
854 silly tar     blockRemain: 4076950,
854 silly tar     remain: 4076541,
854 silly tar     type: 'File',
854 silly tar     meta: false,
854 silly tar     ignore: false,
854 silly tar     path: 'build/schema_engine_bg.wasm',
854 silly tar     mode: 438,
854 silly tar     uid: 0,
854 silly tar     gid: 0,
854 silly tar     uname: '',
854 silly tar     gname: '',
854 silly tar     size: 4094567,
854 silly tar     mtime: 1985-10-26T08:15:00.000Z,
854 silly tar     atime: null,
854 silly tar     ctime: null,
854 silly tar     linkpath: '',
854 silly tar     absolute: '/run/media/ttf/4D68CCA27FA538EE/immo_tul/backend/node_modules/prisma/build/schema_engine_bg.wasm',
854 silly tar     Symbol(shapeMode): false,
854 silly tar     Symbol(kCapture): false,
854 silly tar     Symbol(flowing): false,
854 silly tar     Symbol(paused): true,
854 silly tar     Symbol(pipes): [ [Pipe] ],
854 silly tar     Symbol(buffer): [
854 silly tar       <Buffer 69 6e 65 5f 62 67 2e 6a 73 25 5f 5f 77 62 67 5f 72 61 6e 64 6f 6d 46 69 6c 6c 53 79 6e 63 5f 64 33 63 38 35 61 66 37 65 33 31 63 66 31 66 38 00 2c 15 ... 14311 more bytes>
854 silly tar     ],
854 silly tar     Symbol(objectMode): false,
854 silly tar     Symbol(encoding): null,
854 silly tar     Symbol(async): false,
854 silly tar     Symbol(decoder): null,
854 silly tar     Symbol(EOF): false,
854 silly tar     Symbol(emittedEnd): false,
854 silly tar     Symbol(emittingEnd): false,
854 silly tar     Symbol(closed): false,
854 silly tar     Symbol(emittedError): null,
854 silly tar     Symbol(bufferLength): 14361,
854 silly tar     Symbol(destroyed): false,
854 silly tar     Symbol(signal): undefined,
854 silly tar     Symbol(aborted): false,
854 silly tar     Symbol(dataListeners): 0,
854 silly tar     Symbol(discarded): false
854 silly tar   },
854 silly tar   cwd: '/run/media/ttf/4D68CCA27FA538EE/immo_tul/backend/node_modules/prisma',
854 silly tar   tarCode: 'TAR_ENTRY_ERROR'
854 silly tar }
855 warn tar TAR_ENTRY_ERROR ENOENT: no such file or directory, open '/run/media/ttf/4D68CCA27FA538EE/immo_tul/backend/node_modules/prisma/build/public/assets/inter-all-400-normal.4c1f8a0d.woff'
856 silly tar TAR_ENTRY_ERROR ENOENT: no such file or directory, open '/run/media/ttf/4D68CCA27FA538EE/immo_tul/backend/node_modules/prisma/build/public/assets/inter-all-400-normal.4c1f8a0d.woff' [Error: ENOENT: no such file or directory, open '/run/media/ttf/4D68CCA27FA538EE/immo_tul/backend/node_modules/prisma/build/public/assets/inter-all-400-normal.4c1f8a0d.woff'] {
856 silly tar   errno: -2,
856 silly tar   code: 'ENOENT',
856 silly tar   syscall: 'open',
856 silly tar   path: '/run/media/ttf/4D68CCA27FA538EE/immo_tul/backend/node_modules/prisma/build/public/assets/inter-all-400-normal.4c1f8a0d.woff',
856 silly tar   entry: ReadEntry {
856 silly tar     _events: [Object: null prototype] {
856 silly tar       end: [Function (anonymous)],
856 silly tar       drain: [Function]
856 silly tar     },
856 silly tar     _eventsCount: 2,
856 silly tar     _maxListeners: undefined,
856 silly tar     writable: true,
856 silly tar     readable: true,
856 silly tar     extended: null,
856 silly tar     globalExtended: null,
856 silly tar     header: Header {
856 silly tar       cksumValid: true,
856 silly tar       needPax: false,
856 silly tar       nullBlock: false,
856 silly tar       block: null,
856 silly tar       path: 'package/build/public/assets/inter-all-400-normal.4c1f8a0d.woff',
856 silly tar       mode: 420,
856 silly tar       uid: 0,
856 silly tar       gid: 0,
856 silly tar       size: 121716,
856 silly tar       mtime: 1985-10-26T08:15:00.000Z,
856 silly tar       cksum: 9403,
856 silly tar       linkpath: '',
856 silly tar       uname: '',
856 silly tar       gname: '',
856 silly tar       devmaj: 0,
856 silly tar       devmin: 0,
856 silly tar       atime: null,
856 silly tar       ctime: null,
856 silly tar       Symbol(type): '0'
856 silly tar     },
856 silly tar     startBlockSize: 121856,
856 silly tar     blockRemain: 104031,
856 silly tar     remain: 103891,
856 silly tar     type: 'File',
856 silly tar     meta: false,
856 silly tar     ignore: false,
856 silly tar     path: 'build/public/assets/inter-all-400-normal.4c1f8a0d.woff',
856 silly tar     mode: 438,
856 silly tar     uid: 0,
856 silly tar     gid: 0,
856 silly tar     uname: '',
856 silly tar     gname: '',
856 silly tar     size: 121716,
856 silly tar     mtime: 1985-10-26T08:15:00.000Z,
856 silly tar     atime: null,
856 silly tar     ctime: null,
856 silly tar     linkpath: '',
856 silly tar     absolute: '/run/media/ttf/4D68CCA27FA538EE/immo_tul/backend/node_modules/prisma/build/public/assets/inter-all-400-normal.4c1f8a0d.woff',
856 silly tar     Symbol(shapeMode): false,
856 silly tar     Symbol(kCapture): false,
856 silly tar     Symbol(flowing): false,
856 silly tar     Symbol(paused): true,
856 silly tar     Symbol(pipes): [ [Pipe] ],
856 silly tar     Symbol(buffer): [
856 silly tar       <Buffer e4 5d 1e df 63 0d 18 d5 40 6b f2 39 6b c0 a8 06 f2 ac 81 3f b9 59 03 dc 4b 92 35 30 6a 82 94 4d b0 01 81 35 b0 03 a9 0a a0 25 d9 95 82 06 1b 1a 9f d0 ... 1842 more bytes>
856 silly tar     ],
856 silly tar     Symbol(objectMode): false,
856 silly tar     Symbol(encoding): null,
856 silly tar     Symbol(async): false,
856 silly tar     Symbol(decoder): null,
856 silly tar     Symbol(EOF): false,
856 silly tar     Symbol(emittedEnd): false,
856 silly tar     Symbol(emittingEnd): false,
856 silly tar     Symbol(closed): false,
856 silly tar     Symbol(emittedError): null,
856 silly tar     Symbol(bufferLength): 1892,
856 silly tar     Symbol(destroyed): false,
856 silly tar     Symbol(signal): undefined,
856 silly tar     Symbol(aborted): false,
856 silly tar     Symbol(dataListeners): 0,
856 silly tar     Symbol(discarded): false
856 silly tar   },
856 silly tar   cwd: '/run/media/ttf/4D68CCA27FA538EE/immo_tul/backend/node_modules/prisma',
856 silly tar   tarCode: 'TAR_ENTRY_ERROR'
856 silly tar }
857 warn tar TAR_ENTRY_ERROR ENOENT: no such file or directory, open '/run/media/ttf/4D68CCA27FA538EE/immo_tul/backend/node_modules/prisma/build/public/assets/inter-all-600-normal.d0a7c8a9.woff'
858 silly tar TAR_ENTRY_ERROR ENOENT: no such file or directory, open '/run/media/ttf/4D68CCA27FA538EE/immo_tul/backend/node_modules/prisma/build/public/assets/inter-all-600-normal.d0a7c8a9.woff' [Error: ENOENT: no such file or directory, open '/run/media/ttf/4D68CCA27FA538EE/immo_tul/backend/node_modules/prisma/build/public/assets/inter-all-600-normal.d0a7c8a9.woff'] {
858 silly tar   errno: -2,
858 silly tar   code: 'ENOENT',
858 silly tar   syscall: 'open',
858 silly tar   path: '/run/media/ttf/4D68CCA27FA538EE/immo_tul/backend/node_modules/prisma/build/public/assets/inter-all-600-normal.d0a7c8a9.woff',
858 silly tar   entry: ReadEntry {
858 silly tar     _events: [Object: null prototype] {
858 silly tar       end: [Function (anonymous)],
858 silly tar       drain: [Function]
858 silly tar     },
858 silly tar     _eventsCount: 2,
858 silly tar     _maxListeners: undefined,
858 silly tar     writable: true,
858 silly tar     readable: true,
858 silly tar     extended: null,
858 silly tar     globalExtended: null,
858 silly tar     header: Header {
858 silly tar       cksumValid: true,
858 silly tar       needPax: false,
858 silly tar       nullBlock: false,
858 silly tar       block: null,
858 silly tar       path: 'package/build/public/assets/inter-all-600-normal.d0a7c8a9.woff',
858 silly tar       mode: 420,
858 silly tar       uid: 0,
858 silly tar       gid: 0,
858 silly tar       size: 131632,
858 silly tar       mtime: 1985-10-26T08:15:00.000Z,
858 silly tar       cksum: 9394,
858 silly tar       linkpath: '',
858 silly tar       uname: '',
858 silly tar       gname: '',
858 silly tar       devmaj: 0,
858 silly tar       devmin: 0,
858 silly tar       atime: null,
858 silly tar       ctime: null,
858 silly tar       Symbol(type): '0'
858 silly tar     },
858 silly tar     startBlockSize: 132096,
858 silly tar     blockRemain: 118485,
858 silly tar     remain: 118021,
858 silly tar     type: 'File',
858 silly tar     meta: false,
858 silly tar     ignore: false,
858 silly tar     path: 'build/public/assets/inter-all-600-normal.d0a7c8a9.woff',
858 silly tar     mode: 438,
858 silly tar     uid: 0,
858 silly tar     gid: 0,
858 silly tar     uname: '',
858 silly tar     gname: '',
858 silly tar     size: 131632,
858 silly tar     mtime: 1985-10-26T08:15:00.000Z,
858 silly tar     atime: null,
858 silly tar     ctime: null,
858 silly tar     linkpath: '',
858 silly tar     absolute: '/run/media/ttf/4D68CCA27FA538EE/immo_tul/backend/node_modules/prisma/build/public/assets/inter-all-600-normal.d0a7c8a9.woff',
858 silly tar     Symbol(shapeMode): false,
858 silly tar     Symbol(kCapture): false,
858 silly tar     Symbol(flowing): false,
858 silly tar     Symbol(paused): true,
858 silly tar     Symbol(pipes): [ [Pipe] ],
858 silly tar     Symbol(buffer): [
858 silly tar       <Buffer 13 23 b1 04 87 72 18 bd e9 43 5f fa d1 9f 01 d1 ad c1 40 06 31 98 21 0c e5 70 8e e0 48 8e e2 68 8e 09 6a 07 c7 fa ce 71 1c cf 09 9c c8 49 9c cc 29 9c ... 2174 more bytes>
858 silly tar     ],
858 silly tar     Symbol(objectMode): false,
858 silly tar     Symbol(encoding): null,
858 silly tar     Symbol(async): false,
858 silly tar     Symbol(decoder): null,
858 silly tar     Symbol(EOF): false,
858 silly tar     Symbol(emittedEnd): false,
858 silly tar     Symbol(emittingEnd): false,
858 silly tar     Symbol(closed): false,
858 silly tar     Symbol(emittedError): null,
858 silly tar     Symbol(bufferLength): 2224,
858 silly tar     Symbol(destroyed): false,
858 silly tar     Symbol(signal): undefined,
858 silly tar     Symbol(aborted): false,
858 silly tar     Symbol(dataListeners): 0,
858 silly tar     Symbol(discarded): false
858 silly tar   },
858 silly tar   cwd: '/run/media/ttf/4D68CCA27FA538EE/immo_tul/backend/node_modules/prisma',
858 silly tar   tarCode: 'TAR_ENTRY_ERROR'
858 silly tar }
859 warn tar TAR_ENTRY_ERROR ENOENT: no such file or directory, open '/run/media/ttf/4D68CCA27FA538EE/immo_tul/backend/node_modules/prisma/build/public/assets/jetbrains-mono-all-400-normal.f86807b7.woff'
860 silly tar TAR_ENTRY_ERROR ENOENT: no such file or directory, open '/run/media/ttf/4D68CCA27FA538EE/immo_tul/backend/node_modules/prisma/build/public/assets/jetbrains-mono-all-400-normal.f86807b7.woff' [Error: ENOENT: no such file or directory, open '/run/media/ttf/4D68CCA27FA538EE/immo_tul/backend/node_modules/prisma/build/public/assets/jetbrains-mono-all-400-normal.f86807b7.woff'] {
860 silly tar   errno: -2,
860 silly tar   code: 'ENOENT',
860 silly tar   syscall: 'open',
860 silly tar   path: '/run/media/ttf/4D68CCA27FA538EE/immo_tul/backend/node_modules/prisma/build/public/assets/jetbrains-mono-all-400-normal.f86807b7.woff',
860 silly tar   entry: ReadEntry {
860 silly tar     _events: [Object: null prototype] {
860 silly tar       end: [Function (anonymous)],
860 silly tar       drain: [Function]
860 silly tar     },
860 silly tar     _eventsCount: 2,
860 silly tar     _maxListeners: undefined,
860 silly tar     writable: true,
860 silly tar     readable: true,
860 silly tar     extended: null,
860 silly tar     globalExtended: null,
860 silly tar     header: Header {
860 silly tar       cksumValid: true,
860 silly tar       needPax: false,
860 silly tar       nullBlock: false,
860 silly tar       block: null,
860 silly tar       path: 'package/build/public/assets/jetbrains-mono-all-400-normal.f86807b7.woff',
860 silly tar       mode: 420,
860 silly tar       uid: 0,
860 silly tar       gid: 0,
860 silly tar       size: 49960,
860 silly tar       mtime: 1985-10-26T08:15:00.000Z,
860 silly tar       cksum: 10213,
860 silly tar       linkpath: '',
860 silly tar       uname: '',
860 silly tar       gname: '',
860 silly tar       devmaj: 0,
860 silly tar       devmin: 0,
860 silly tar       atime: null,
860 silly tar       ctime: null,
860 silly tar       Symbol(type): '0'
860 silly tar     },
860 silly tar     startBlockSize: 50176,
860 silly tar     blockRemain: 35642,
860 silly tar     remain: 35426,
860 silly tar     type: 'File',
860 silly tar     meta: false,
860 silly tar     ignore: false,
860 silly tar     path: 'build/public/assets/jetbrains-mono-all-400-normal.f86807b7.woff',
860 silly tar     mode: 438,
860 silly tar     uid: 0,
860 silly tar     gid: 0,
860 silly tar     uname: '',
860 silly tar     gname: '',
860 silly tar     size: 49960,
860 silly tar     mtime: 1985-10-26T08:15:00.000Z,
860 silly tar     atime: null,
860 silly tar     ctime: null,
860 silly tar     linkpath: '',
860 silly tar     absolute: '/run/media/ttf/4D68CCA27FA538EE/immo_tul/backend/node_modules/prisma/build/public/assets/jetbrains-mono-all-400-normal.f86807b7.woff',
860 silly tar     Symbol(shapeMode): false,
860 silly tar     Symbol(kCapture): false,
860 silly tar     Symbol(flowing): false,
860 silly tar     Symbol(paused): true,
860 silly tar     Symbol(pipes): [ [Pipe] ],
860 silly tar     Symbol(buffer): [
860 silly tar       <Buffer 22 1e 28 4b f1 65 e5 33 c0 c3 d7 9b 31 e1 5e 86 77 49 cf 83 04 4f f4 bf d3 2f ad 56 e4 00 29 7b 61 74 11 8c ae 22 52 5a ca cb 2d 6e b7 c7 23 2f 78 97 ... 1065 more bytes>
860 silly tar     ],
860 silly tar     Symbol(objectMode): false,
860 silly tar     Symbol(encoding): null,
860 silly tar     Symbol(async): false,
860 silly tar     Symbol(decoder): null,
860 silly tar     Symbol(EOF): false,
860 silly tar     Symbol(emittedEnd): false,
860 silly tar     Symbol(emittingEnd): false,
860 silly tar     Symbol(closed): false,
860 silly tar     Symbol(emittedError): null,
860 silly tar     Symbol(bufferLength): 1115,
860 silly tar     Symbol(destroyed): false,
860 silly tar     Symbol(signal): undefined,
860 silly tar     Symbol(aborted): false,
860 silly tar     Symbol(dataListeners): 0,
860 silly tar     Symbol(discarded): false
860 silly tar   },
860 silly tar   cwd: '/run/media/ttf/4D68CCA27FA538EE/immo_tul/backend/node_modules/prisma',
860 silly tar   tarCode: 'TAR_ENTRY_ERROR'
860 silly tar }
861 warn tar TAR_ENTRY_ERROR ENOENT: no such file or directory, open '/run/media/ttf/4D68CCA27FA538EE/immo_tul/backend/node_modules/prisma/build/public/assets/inter-cyrillic-400-normal.ac97a49e.woff2'
862 silly tar TAR_ENTRY_ERROR ENOENT: no such file or directory, open '/run/media/ttf/4D68CCA27FA538EE/immo_tul/backend/node_modules/prisma/build/public/assets/inter-cyrillic-400-normal.ac97a49e.woff2' [Error: ENOENT: no such file or directory, open '/run/media/ttf/4D68CCA27FA538EE/immo_tul/backend/node_modules/prisma/build/public/assets/inter-cyrillic-400-normal.ac97a49e.woff2'] {
862 silly tar   errno: -2,
862 silly tar   code: 'ENOENT',
862 silly tar   syscall: 'open',
862 silly tar   path: '/run/media/ttf/4D68CCA27FA538EE/immo_tul/backend/node_modules/prisma/build/public/assets/inter-cyrillic-400-normal.ac97a49e.woff2',
862 silly tar   entry: ReadEntry {
862 silly tar     _events: [Object: null prototype] {},
862 silly tar     _eventsCount: 0,
862 silly tar     _maxListeners: undefined,
862 silly tar     writable: false,
862 silly tar     readable: false,
862 silly tar     extended: null,
862 silly tar     globalExtended: null,
862 silly tar     header: Header {
862 silly tar       cksumValid: true,
862 silly tar       needPax: false,
862 silly tar       nullBlock: false,
862 silly tar       block: null,
862 silly tar       path: 'package/build/public/assets/inter-cyrillic-400-normal.ac97a49e.woff2',
862 silly tar       mode: 420,
862 silly tar       uid: 0,
862 silly tar       gid: 0,
862 silly tar       size: 6500,
862 silly tar       mtime: 1985-10-26T08:15:00.000Z,
862 silly tar       cksum: 10001,
862 silly tar       linkpath: '',
862 silly tar       uname: '',
862 silly tar       gname: '',
862 silly tar       devmaj: 0,
862 silly tar       devmin: 0,
862 silly tar       atime: null,
862 silly tar       ctime: null,
862 silly tar       Symbol(type): '0'
862 silly tar     },
862 silly tar     startBlockSize: 6656,
862 silly tar     blockRemain: 0,
862 silly tar     remain: 0,
862 silly tar     type: 'File',
862 silly tar     meta: false,
862 silly tar     ignore: false,
862 silly tar     path: 'build/public/assets/inter-cyrillic-400-normal.ac97a49e.woff2',
862 silly tar     mode: 438,
862 silly tar     uid: 0,
862 silly tar     gid: 0,
862 silly tar     uname: '',
862 silly tar     gname: '',
862 silly tar     size: 6500,
862 silly tar     mtime: 1985-10-26T08:15:00.000Z,
862 silly tar     atime: null,
862 silly tar     ctime: null,
862 silly tar     linkpath: '',
862 silly tar     absolute: '/run/media/ttf/4D68CCA27FA538EE/immo_tul/backend/node_modules/prisma/build/public/assets/inter-cyrillic-400-normal.ac97a49e.woff2',
862 silly tar     Symbol(shapeMode): false,
862 silly tar     Symbol(kCapture): false,
862 silly tar     Symbol(flowing): false,
862 silly tar     Symbol(paused): true,
862 silly tar     Symbol(pipes): [ [Pipe] ],
862 silly tar     Symbol(buffer): [],
862 silly tar     Symbol(objectMode): false,
862 silly tar     Symbol(encoding): null,
862 silly tar     Symbol(async): false,
862 silly tar     Symbol(decoder): null,
862 silly tar     Symbol(EOF): true,
862 silly tar     Symbol(emittedEnd): true,
862 silly tar     Symbol(emittingEnd): false,
862 silly tar     Symbol(closed): false,
862 silly tar     Symbol(emittedError): null,
862 silly tar     Symbol(bufferLength): 0,
862 silly tar     Symbol(destroyed): false,
862 silly tar     Symbol(signal): undefined,
862 silly tar     Symbol(aborted): false,
862 silly tar     Symbol(dataListeners): 0,
862 silly tar     Symbol(discarded): false
862 silly tar   },
862 silly tar   cwd: '/run/media/ttf/4D68CCA27FA538EE/immo_tul/backend/node_modules/prisma',
862 silly tar   tarCode: 'TAR_ENTRY_ERROR'
862 silly tar }
863 warn tar TAR_ENTRY_ERROR ENOENT: no such file or directory, open '/run/media/ttf/4D68CCA27FA538EE/immo_tul/backend/node_modules/prisma/build/public/assets/inter-cyrillic-600-normal.2c917f10.woff2'
864 silly tar TAR_ENTRY_ERROR ENOENT: no such file or directory, open '/run/media/ttf/4D68CCA27FA538EE/immo_tul/backend/node_modules/prisma/build/public/assets/inter-cyrillic-600-normal.2c917f10.woff2' [Error: ENOENT: no such file or directory, open '/run/media/ttf/4D68CCA27FA538EE/immo_tul/backend/node_modules/prisma/build/public/assets/inter-cyrillic-600-normal.2c917f10.woff2'] {
864 silly tar   errno: -2,
864 silly tar   code: 'ENOENT',
864 silly tar   syscall: 'open',
864 silly tar   path: '/run/media/ttf/4D68CCA27FA538EE/immo_tul/backend/node_modules/prisma/build/public/assets/inter-cyrillic-600-normal.2c917f10.woff2',
864 silly tar   entry: ReadEntry {
864 silly tar     _events: [Object: null prototype] { end: [Function (anonymous)] },
864 silly tar     _eventsCount: 1,
864 silly tar     _maxListeners: undefined,
864 silly tar     writable: false,
864 silly tar     readable: true,
864 silly tar     extended: null,
864 silly tar     globalExtended: null,
864 silly tar     header: Header {
864 silly tar       cksumValid: true,
864 silly tar       needPax: false,
864 silly tar       nullBlock: false,
864 silly tar       block: null,
864 silly tar       path: 'package/build/public/assets/inter-cyrillic-600-normal.2c917f10.woff2',
864 silly tar       mode: 420,
864 silly tar       uid: 0,
864 silly tar       gid: 0,
864 silly tar       size: 6928,
864 silly tar       mtime: 1985-10-26T08:15:00.000Z,
864 silly tar       cksum: 9891,
864 silly tar       linkpath: '',
864 silly tar       uname: '',
864 silly tar       gname: '',
864 silly tar       devmaj: 0,
864 silly tar       devmin: 0,
864 silly tar       atime: null,
864 silly tar       ctime: null,
864 silly tar       Symbol(type): '0'
864 silly tar     },
864 silly tar     startBlockSize: 7168,
864 silly tar     blockRemain: 0,
864 silly tar     remain: 0,
864 silly tar     type: 'File',
864 silly tar     meta: false,
864 silly tar     ignore: false,
864 silly tar     path: 'build/public/assets/inter-cyrillic-600-normal.2c917f10.woff2',
864 silly tar     mode: 438,
864 silly tar     uid: 0,
864 silly tar     gid: 0,
864 silly tar     uname: '',
864 silly tar     gname: '',
864 silly tar     size: 6928,
864 silly tar     mtime: 1985-10-26T08:15:00.000Z,
864 silly tar     atime: null,
864 silly tar     ctime: null,
864 silly tar     linkpath: '',
864 silly tar     absolute: '/run/media/ttf/4D68CCA27FA538EE/immo_tul/backend/node_modules/prisma/build/public/assets/inter-cyrillic-600-normal.2c917f10.woff2',
864 silly tar     Symbol(shapeMode): false,
864 silly tar     Symbol(kCapture): false,
864 silly tar     Symbol(flowing): false,
864 silly tar     Symbol(paused): true,
864 silly tar     Symbol(pipes): [ [Pipe] ],
864 silly tar     Symbol(buffer): [
864 silly tar       <Buffer 2c a6 e5 df 3d d4 ec 0a 4c 8a 31 8a 57 60 29 9c e9 c3 04 6a 4c 4d b5 99 80 5a 8a 81 a5 9f c1 1a 08 b5 a5 f6 74 23 38 a9 c5 17 74 77 08 b4 43 1e 1f 00 ... 953 more bytes>
864 silly tar     ],
864 silly tar     Symbol(objectMode): false,
864 silly tar     Symbol(encoding): null,
864 silly tar     Symbol(async): false,
864 silly tar     Symbol(decoder): null,
864 silly tar     Symbol(EOF): true,
864 silly tar     Symbol(emittedEnd): false,
864 silly tar     Symbol(emittingEnd): false,
864 silly tar     Symbol(closed): false,
864 silly tar     Symbol(emittedError): null,
864 silly tar     Symbol(bufferLength): 1003,
864 silly tar     Symbol(destroyed): false,
864 silly tar     Symbol(signal): undefined,
864 silly tar     Symbol(aborted): false,
864 silly tar     Symbol(dataListeners): 0,
864 silly tar     Symbol(discarded): false
864 silly tar   },
864 silly tar   cwd: '/run/media/ttf/4D68CCA27FA538EE/immo_tul/backend/node_modules/prisma',
864 silly tar   tarCode: 'TAR_ENTRY_ERROR'
864 silly tar }
865 warn tar TAR_ENTRY_ERROR ENOENT: no such file or directory, open '/run/media/ttf/4D68CCA27FA538EE/immo_tul/backend/node_modules/prisma/build/public/assets/inter-cyrillic-ext-400-normal.f21a6a97.woff2'
866 silly tar TAR_ENTRY_ERROR ENOENT: no such file or directory, open '/run/media/ttf/4D68CCA27FA538EE/immo_tul/backend/node_modules/prisma/build/public/assets/inter-cyrillic-ext-400-normal.f21a6a97.woff2' [Error: ENOENT: no such file or directory, open '/run/media/ttf/4D68CCA27FA538EE/immo_tul/backend/node_modules/prisma/build/public/assets/inter-cyrillic-ext-400-normal.f21a6a97.woff2'] {
866 silly tar   errno: -2,
866 silly tar   code: 'ENOENT',
866 silly tar   syscall: 'open',
866 silly tar   path: '/run/media/ttf/4D68CCA27FA538EE/immo_tul/backend/node_modules/prisma/build/public/assets/inter-cyrillic-ext-400-normal.f21a6a97.woff2',
866 silly tar   entry: ReadEntry {
866 silly tar     _events: [Object: null prototype] {},
866 silly tar     _eventsCount: 0,
866 silly tar     _maxListeners: undefined,
866 silly tar     writable: false,
866 silly tar     readable: false,
866 silly tar     extended: null,
866 silly tar     globalExtended: null,
866 silly tar     header: Header {
866 silly tar       cksumValid: true,
866 silly tar       needPax: false,
866 silly tar       nullBlock: false,
866 silly tar       block: null,
866 silly tar       path: 'package/build/public/assets/inter-cyrillic-ext-400-normal.f21a6a97.woff2',
866 silly tar       mode: 420,
866 silly tar       uid: 0,
866 silly tar       gid: 0,
866 silly tar       size: 9748,
866 silly tar       mtime: 1985-10-26T08:15:00.000Z,
866 silly tar       cksum: 10322,
866 silly tar       linkpath: '',
866 silly tar       uname: '',
866 silly tar       gname: '',
866 silly tar       devmaj: 0,
866 silly tar       devmin: 0,
866 silly tar       atime: null,
866 silly tar       ctime: null,
866 silly tar       Symbol(type): '0'
866 silly tar     },
866 silly tar     startBlockSize: 10240,
866 silly tar     blockRemain: 0,
866 silly tar     remain: 0,
866 silly tar     type: 'File',
866 silly tar     meta: false,
866 silly tar     ignore: false,
866 silly tar     path: 'build/public/assets/inter-cyrillic-ext-400-normal.f21a6a97.woff2',
866 silly tar     mode: 438,
866 silly tar     uid: 0,
866 silly tar     gid: 0,
866 silly tar     uname: '',
866 silly tar     gname: '',
866 silly tar     size: 9748,
866 silly tar     mtime: 1985-10-26T08:15:00.000Z,
866 silly tar     atime: null,
866 silly tar     ctime: null,
866 silly tar     linkpath: '',
866 silly tar     absolute: '/run/media/ttf/4D68CCA27FA538EE/immo_tul/backend/node_modules/prisma/build/public/assets/inter-cyrillic-ext-400-normal.f21a6a97.woff2',
866 silly tar     Symbol(shapeMode): false,
866 silly tar     Symbol(kCapture): false,
866 silly tar     Symbol(flowing): false,
866 silly tar     Symbol(paused): true,
866 silly tar     Symbol(pipes): [ [Pipe] ],
866 silly tar     Symbol(buffer): [],
866 silly tar     Symbol(objectMode): false,
866 silly tar     Symbol(encoding): null,
866 silly tar     Symbol(async): false,
866 silly tar     Symbol(decoder): null,
866 silly tar     Symbol(EOF): true,
866 silly tar     Symbol(emittedEnd): true,
866 silly tar     Symbol(emittingEnd): false,
866 silly tar     Symbol(closed): false,
866 silly tar     Symbol(emittedError): null,
866 silly tar     Symbol(bufferLength): 0,
866 silly tar     Symbol(destroyed): false,
866 silly tar     Symbol(signal): undefined,
866 silly tar     Symbol(aborted): false,
866 silly tar     Symbol(dataListeners): 0,
866 silly tar     Symbol(discarded): false
866 silly tar   },
866 silly tar   cwd: '/run/media/ttf/4D68CCA27FA538EE/immo_tul/backend/node_modules/prisma',
866 silly tar   tarCode: 'TAR_ENTRY_ERROR'
866 silly tar }
867 warn tar TAR_ENTRY_ERROR ENOENT: no such file or directory, open '/run/media/ttf/4D68CCA27FA538EE/immo_tul/backend/node_modules/prisma/build/public/assets/inter-cyrillic-ext-600-normal.bb31f197.woff2'
868 silly tar TAR_ENTRY_ERROR ENOENT: no such file or directory, open '/run/media/ttf/4D68CCA27FA538EE/immo_tul/backend/node_modules/prisma/build/public/assets/inter-cyrillic-ext-600-normal.bb31f197.woff2' [Error: ENOENT: no such file or directory, open '/run/media/ttf/4D68CCA27FA538EE/immo_tul/backend/node_modules/prisma/build/public/assets/inter-cyrillic-ext-600-normal.bb31f197.woff2'] {
868 silly tar   errno: -2,
868 silly tar   code: 'ENOENT',
868 silly tar   syscall: 'open',
868 silly tar   path: '/run/media/ttf/4D68CCA27FA538EE/immo_tul/backend/node_modules/prisma/build/public/assets/inter-cyrillic-ext-600-normal.bb31f197.woff2',
868 silly tar   entry: ReadEntry {
868 silly tar     _events: [Object: null prototype] {
868 silly tar       end: [Function (anonymous)],
868 silly tar       drain: [Function]
868 silly tar     },
868 silly tar     _eventsCount: 2,
868 silly tar     _maxListeners: undefined,
868 silly tar     writable: true,
868 silly tar     readable: true,
868 silly tar     extended: null,
868 silly tar     globalExtended: null,
868 silly tar     header: Header {
868 silly tar       cksumValid: true,
868 silly tar       needPax: false,
868 silly tar       nullBlock: false,
868 silly tar       block: null,
868 silly tar       path: 'package/build/public/assets/inter-cyrillic-ext-600-normal.bb31f197.woff2',
868 silly tar       mode: 420,
868 silly tar       uid: 0,
868 silly tar       gid: 0,
868 silly tar       size: 10660,
868 silly tar       mtime: 1985-10-26T08:15:00.000Z,
868 silly tar       cksum: 10331,
868 silly tar       linkpath: '',
868 silly tar       uname: '',
868 silly tar       gname: '',
868 silly tar       devmaj: 0,
868 silly tar       devmin: 0,
868 silly tar       atime: null,
868 silly tar       ctime: null,
868 silly tar       Symbol(type): '0'
868 silly tar     },
868 silly tar     startBlockSize: 10752,
868 silly tar     blockRemain: 3893,
868 silly tar     remain: 3801,
868 silly tar     type: 'File',
868 silly tar     meta: false,
868 silly tar     ignore: false,
868 silly tar     path: 'build/public/assets/inter-cyrillic-ext-600-normal.bb31f197.woff2',
868 silly tar     mode: 438,
868 silly tar     uid: 0,
868 silly tar     gid: 0,
868 silly tar     uname: '',
868 silly tar     gname: '',
868 silly tar     size: 10660,
868 silly tar     mtime: 1985-10-26T08:15:00.000Z,
868 silly tar     atime: null,
868 silly tar     ctime: null,
868 silly tar     linkpath: '',
868 silly tar     absolute: '/run/media/ttf/4D68CCA27FA538EE/immo_tul/backend/node_modules/prisma/build/public/assets/inter-cyrillic-ext-600-normal.bb31f197.woff2',
868 silly tar     Symbol(shapeMode): false,
868 silly tar     Symbol(kCapture): false,
868 silly tar     Symbol(flowing): false,
868 silly tar     Symbol(paused): true,
868 silly tar     Symbol(pipes): [ [Pipe] ],
868 silly tar     Symbol(buffer): [
868 silly tar       <Buffer 41 d6 ee b8 ee 80 66 08 c8 81 9c f8 36 00 8a c8 cb d2 26 b4 bf 48 d2 b2 5c e8 f4 f6 bc 72 42 c8 6a e8 3b 6b 68 64 0a ed d0 51 f8 7b 09 80 c2 6f e7 22 ... 925 more bytes>
868 silly tar     ],
868 silly tar     Symbol(objectMode): false,
868 silly tar     Symbol(encoding): null,
868 silly tar     Symbol(async): false,
868 silly tar     Symbol(decoder): null,
868 silly tar     Symbol(EOF): false,
868 silly tar     Symbol(emittedEnd): false,
868 silly tar     Symbol(emittingEnd): false,
868 silly tar     Symbol(closed): false,
868 silly tar     Symbol(emittedError): null,
868 silly tar     Symbol(bufferLength): 975,
868 silly tar     Symbol(destroyed): false,
868 silly tar     Symbol(signal): undefined,
868 silly tar     Symbol(aborted): false,
868 silly tar     Symbol(dataListeners): 0,
868 silly tar     Symbol(discarded): false
868 silly tar   },
868 silly tar   cwd: '/run/media/ttf/4D68CCA27FA538EE/immo_tul/backend/node_modules/prisma',
868 silly tar   tarCode: 'TAR_ENTRY_ERROR'
868 silly tar }
869 warn tar TAR_ENTRY_ERROR ENOENT: no such file or directory, open '/run/media/ttf/4D68CCA27FA538EE/immo_tul/backend/node_modules/prisma/build/public/assets/inter-greek-400-normal.e9163df8.woff2'
870 silly tar TAR_ENTRY_ERROR ENOENT: no such file or directory, open '/run/media/ttf/4D68CCA27FA538EE/immo_tul/backend/node_modules/prisma/build/public/assets/inter-greek-400-normal.e9163df8.woff2' [Error: ENOENT: no such file or directory, open '/run/media/ttf/4D68CCA27FA538EE/immo_tul/backend/node_modules/prisma/build/public/assets/inter-greek-400-normal.e9163df8.woff2'] {
870 silly tar   errno: -2,
870 silly tar   code: 'ENOENT',
870 silly tar   syscall: 'open',
870 silly tar   path: '/run/media/ttf/4D68CCA27FA538EE/immo_tul/backend/node_modules/prisma/build/public/assets/inter-greek-400-normal.e9163df8.woff2',
870 silly tar   entry: ReadEntry {
870 silly tar     _events: [Object: null prototype] {},
870 silly tar     _eventsCount: 0,
870 silly tar     _maxListeners: undefined,
870 silly tar     writable: false,
870 silly tar     readable: false,
870 silly tar     extended: null,
870 silly tar     globalExtended: null,
870 silly tar     header: Header {
870 silly tar       cksumValid: true,
870 silly tar       needPax: false,
870 silly tar       nullBlock: false,
870 silly tar       block: null,
870 silly tar       path: 'package/build/public/assets/inter-greek-400-normal.e9163df8.woff2',
870 silly tar       mode: 420,
870 silly tar       uid: 0,
870 silly tar       gid: 0,
870 silly tar       size: 8288,
870 silly tar       mtime: 1985-10-26T08:15:00.000Z,
870 silly tar       cksum: 9612,
870 silly tar       linkpath: '',
870 silly tar       uname: '',
870 silly tar       gname: '',
870 silly tar       devmaj: 0,
870 silly tar       devmin: 0,
870 silly tar       atime: null,
870 silly tar       ctime: null,
870 silly tar       Symbol(type): '0'
870 silly tar     },
870 silly tar     startBlockSize: 8704,
870 silly tar     blockRemain: 0,
870 silly tar     remain: 0,
870 silly tar     type: 'File',
870 silly tar     meta: false,
870 silly tar     ignore: false,
870 silly tar     path: 'build/public/assets/inter-greek-400-normal.e9163df8.woff2',
870 silly tar     mode: 438,
870 silly tar     uid: 0,
870 silly tar     gid: 0,
870 silly tar     uname: '',
870 silly tar     gname: '',
870 silly tar     size: 8288,
870 silly tar     mtime: 1985-10-26T08:15:00.000Z,
870 silly tar     atime: null,
870 silly tar     ctime: null,
870 silly tar     linkpath: '',
870 silly tar     absolute: '/run/media/ttf/4D68CCA27FA538EE/immo_tul/backend/node_modules/prisma/build/public/assets/inter-greek-400-normal.e9163df8.woff2',
870 silly tar     Symbol(shapeMode): false,
870 silly tar     Symbol(kCapture): false,
870 silly tar     Symbol(flowing): false,
870 silly tar     Symbol(paused): true,
870 silly tar     Symbol(pipes): [ [Pipe] ],
870 silly tar     Symbol(buffer): [],
870 silly tar     Symbol(objectMode): false,
870 silly tar     Symbol(encoding): null,
870 silly tar     Symbol(async): false,
870 silly tar     Symbol(decoder): null,
870 silly tar     Symbol(EOF): true,
870 silly tar     Symbol(emittedEnd): true,
870 silly tar     Symbol(emittingEnd): false,
870 silly tar     Symbol(closed): false,
870 silly tar     Symbol(emittedError): null,
870 silly tar     Symbol(bufferLength): 0,
870 silly tar     Symbol(destroyed): false,
870 silly tar     Symbol(signal): undefined,
870 silly tar     Symbol(aborted): false,
870 silly tar     Symbol(dataListeners): 0,
870 silly tar     Symbol(discarded): false
870 silly tar   },
870 silly tar   cwd: '/run/media/ttf/4D68CCA27FA538EE/immo_tul/backend/node_modules/prisma',
870 silly tar   tarCode: 'TAR_ENTRY_ERROR'
870 silly tar }
871 warn tar TAR_ENTRY_ERROR ENOENT: no such file or directory, open '/run/media/ttf/4D68CCA27FA538EE/immo_tul/backend/node_modules/prisma/build/public/assets/inter-greek-600-normal.e644d70f.woff2'
872 silly tar TAR_ENTRY_ERROR ENOENT: no such file or directory, open '/run/media/ttf/4D68CCA27FA538EE/immo_tul/backend/node_modules/prisma/build/public/assets/inter-greek-600-normal.e644d70f.woff2' [Error: ENOENT: no such file or directory, open '/run/media/ttf/4D68CCA27FA538EE/immo_tul/backend/node_modules/prisma/build/public/assets/inter-greek-600-normal.e644d70f.woff2'] {
872 silly tar   errno: -2,
872 silly tar   code: 'ENOENT',
872 silly tar   syscall: 'open',
872 silly tar   path: '/run/media/ttf/4D68CCA27FA538EE/immo_tul/backend/node_modules/prisma/build/public/assets/inter-greek-600-normal.e644d70f.woff2',
872 silly tar   entry: ReadEntry {
872 silly tar     _events: [Object: null prototype] {
872 silly tar       end: [Function (anonymous)],
872 silly tar       drain: [Function]
872 silly tar     },
872 silly tar     _eventsCount: 2,
872 silly tar     _maxListeners: undefined,
872 silly tar     writable: true,
872 silly tar     readable: true,
872 silly tar     extended: null,
872 silly tar     globalExtended: null,
872 silly tar     header: Header {
872 silly tar       cksumValid: true,
872 silly tar       needPax: false,
872 silly tar       nullBlock: false,
872 silly tar       block: null,
872 silly tar       path: 'package/build/public/assets/inter-greek-600-normal.e644d70f.woff2',
872 silly tar       mode: 420,
872 silly tar       uid: 0,
872 silly tar       gid: 0,
872 silly tar       size: 8888,
872 silly tar       mtime: 1985-10-26T08:15:00.000Z,
872 silly tar       cksum: 9613,
872 silly tar       linkpath: '',
872 silly tar       uname: '',
872 silly tar       gname: '',
872 silly tar       devmaj: 0,
872 silly tar       devmin: 0,
872 silly tar       atime: null,
872 silly tar       ctime: null,
872 silly tar       Symbol(type): '0'
872 silly tar     },
872 silly tar     startBlockSize: 9216,
872 silly tar     blockRemain: 4946,
872 silly tar     remain: 4618,
872 silly tar     type: 'File',
872 silly tar     meta: false,
872 silly tar     ignore: false,
872 silly tar     path: 'build/public/assets/inter-greek-600-normal.e644d70f.woff2',
872 silly tar     mode: 438,
872 silly tar     uid: 0,
872 silly tar     gid: 0,
872 silly tar     uname: '',
872 silly tar     gname: '',
872 silly tar     size: 8888,
872 silly tar     mtime: 1985-10-26T08:15:00.000Z,
872 silly tar     atime: null,
872 silly tar     ctime: null,
872 silly tar     linkpath: '',
872 silly tar     absolute: '/run/media/ttf/4D68CCA27FA538EE/immo_tul/backend/node_modules/prisma/build/public/assets/inter-greek-600-normal.e644d70f.woff2',
872 silly tar     Symbol(shapeMode): false,
872 silly tar     Symbol(kCapture): false,
872 silly tar     Symbol(flowing): false,
872 silly tar     Symbol(paused): true,
872 silly tar     Symbol(pipes): [ [Pipe] ],
872 silly tar     Symbol(buffer): [
872 silly tar       <Buffer c3 74 88 ea 6b 34 0c c4 6a de 3c 62 9f 5b 25 40 55 89 e5 c3 02 26 39 c4 85 c0 6c 00 a5 dd 4f ff b6 7b 49 0f c7 5f 0e 33 1f 33 38 7a 14 46 d7 c2 3e 6d ... 1457 more bytes>
872 silly tar     ],
872 silly tar     Symbol(objectMode): false,
872 silly tar     Symbol(encoding): null,
872 silly tar     Symbol(async): false,
872 silly tar     Symbol(decoder): null,
872 silly tar     Symbol(EOF): false,
872 silly tar     Symbol(emittedEnd): false,
872 silly tar     Symbol(emittingEnd): false,
872 silly tar     Symbol(closed): false,
872 silly tar     Symbol(emittedError): null,
872 silly tar     Symbol(bufferLength): 1507,
872 silly tar     Symbol(destroyed): false,
872 silly tar     Symbol(signal): undefined,
872 silly tar     Symbol(aborted): false,
872 silly tar     Symbol(dataListeners): 0,
872 silly tar     Symbol(discarded): false
872 silly tar   },
872 silly tar   cwd: '/run/media/ttf/4D68CCA27FA538EE/immo_tul/backend/node_modules/prisma',
872 silly tar   tarCode: 'TAR_ENTRY_ERROR'
872 silly tar }
873 warn tar TAR_ENTRY_ERROR ENOENT: no such file or directory, open '/run/media/ttf/4D68CCA27FA538EE/immo_tul/backend/node_modules/prisma/build/public/assets/inter-greek-ext-400-normal.43addcc8.woff2'
874 silly tar TAR_ENTRY_ERROR ENOENT: no such file or directory, open '/run/media/ttf/4D68CCA27FA538EE/immo_tul/backend/node_modules/prisma/build/public/assets/inter-greek-ext-400-normal.43addcc8.woff2' [Error: ENOENT: no such file or directory, open '/run/media/ttf/4D68CCA27FA538EE/immo_tul/backend/node_modules/prisma/build/public/assets/inter-greek-ext-400-normal.43addcc8.woff2'] {
874 silly tar   errno: -2,
874 silly tar   code: 'ENOENT',
874 silly tar   syscall: 'open',
874 silly tar   path: '/run/media/ttf/4D68CCA27FA538EE/immo_tul/backend/node_modules/prisma/build/public/assets/inter-greek-ext-400-normal.43addcc8.woff2',
874 silly tar   entry: ReadEntry {
874 silly tar     _events: [Object: null prototype] {},
874 silly tar     _eventsCount: 0,
874 silly tar     _maxListeners: undefined,
874 silly tar     writable: false,
874 silly tar     readable: false,
874 silly tar     extended: null,
874 silly tar     globalExtended: null,
874 silly tar     header: Header {
874 silly tar       cksumValid: true,
874 silly tar       needPax: false,
874 silly tar       nullBlock: false,
874 silly tar       block: null,
874 silly tar       path: 'package/build/public/assets/inter-greek-ext-400-normal.43addcc8.woff2',
874 silly tar       mode: 420,
874 silly tar       uid: 0,
874 silly tar       gid: 0,
874 silly tar       size: 4992,
874 silly tar       mtime: 1985-10-26T08:15:00.000Z,
874 silly tar       cksum: 10079,
874 silly tar       linkpath: '',
874 silly tar       uname: '',
874 silly tar       gname: '',
874 silly tar       devmaj: 0,
874 silly tar       devmin: 0,
874 silly tar       atime: null,
874 silly tar       ctime: null,
874 silly tar       Symbol(type): '0'
874 silly tar     },
874 silly tar     startBlockSize: 5120,
874 silly tar     blockRemain: 0,
874 silly tar     remain: 0,
874 silly tar     type: 'File',
874 silly tar     meta: false,
874 silly tar     ignore: false,
874 silly tar     path: 'build/public/assets/inter-greek-ext-400-normal.43addcc8.woff2',
874 silly tar     mode: 438,
874 silly tar     uid: 0,
874 silly tar     gid: 0,
874 silly tar     uname: '',
874 silly tar     gname: '',
874 silly tar     size: 4992,
874 silly tar     mtime: 1985-10-26T08:15:00.000Z,
874 silly tar     atime: null,
874 silly tar     ctime: null,
874 silly tar     linkpath: '',
874 silly tar     absolute: '/run/media/ttf/4D68CCA27FA538EE/immo_tul/backend/node_modules/prisma/build/public/assets/inter-greek-ext-400-normal.43addcc8.woff2',
874 silly tar     Symbol(shapeMode): false,
874 silly tar     Symbol(kCapture): false,
874 silly tar     Symbol(flowing): false,
874 silly tar     Symbol(paused): true,
874 silly tar     Symbol(pipes): [ [Pipe] ],
874 silly tar     Symbol(buffer): [],
874 silly tar     Symbol(objectMode): false,
874 silly tar     Symbol(encoding): null,
874 silly tar     Symbol(async): false,
874 silly tar     Symbol(decoder): null,
874 silly tar     Symbol(EOF): true,
874 silly tar     Symbol(emittedEnd): true,
874 silly tar     Symbol(emittingEnd): false,
874 silly tar     Symbol(closed): false,
874 silly tar     Symbol(emittedError): null,
874 silly tar     Symbol(bufferLength): 0,
874 silly tar     Symbol(destroyed): false,
874 silly tar     Symbol(signal): undefined,
874 silly tar     Symbol(aborted): false,
874 silly tar     Symbol(dataListeners): 0,
874 silly tar     Symbol(discarded): false
874 silly tar   },
874 silly tar   cwd: '/run/media/ttf/4D68CCA27FA538EE/immo_tul/backend/node_modules/prisma',
874 silly tar   tarCode: 'TAR_ENTRY_ERROR'
874 silly tar }
875 warn tar TAR_ENTRY_ERROR ENOENT: no such file or directory, open '/run/media/ttf/4D68CCA27FA538EE/immo_tul/backend/node_modules/prisma/build/public/assets/inter-greek-ext-600-normal.7f437016.woff2'
876 silly tar TAR_ENTRY_ERROR ENOENT: no such file or directory, open '/run/media/ttf/4D68CCA27FA538EE/immo_tul/backend/node_modules/prisma/build/public/assets/inter-greek-ext-600-normal.7f437016.woff2' [Error: ENOENT: no such file or directory, open '/run/media/ttf/4D68CCA27FA538EE/immo_tul/backend/node_modules/prisma/build/public/assets/inter-greek-ext-600-normal.7f437016.woff2'] {
876 silly tar   errno: -2,
876 silly tar   code: 'ENOENT',
876 silly tar   syscall: 'open',
876 silly tar   path: '/run/media/ttf/4D68CCA27FA538EE/immo_tul/backend/node_modules/prisma/build/public/assets/inter-greek-ext-600-normal.7f437016.woff2',
876 silly tar   entry: ReadEntry {
876 silly tar     _events: [Object: null prototype] { end: [Function (anonymous)] },
876 silly tar     _eventsCount: 1,
876 silly tar     _maxListeners: undefined,
876 silly tar     writable: false,
876 silly tar     readable: true,
876 silly tar     extended: null,
876 silly tar     globalExtended: null,
876 silly tar     header: Header {
876 silly tar       cksumValid: true,
876 silly tar       needPax: false,
876 silly tar       nullBlock: false,
876 silly tar       block: null,
876 silly tar       path: 'package/build/public/assets/inter-greek-ext-600-normal.7f437016.woff2',
876 silly tar       mode: 420,
876 silly tar       uid: 0,
876 silly tar       gid: 0,
876 silly tar       size: 5328,
876 silly tar       mtime: 1985-10-26T08:15:00.000Z,
876 silly tar       cksum: 9893,
876 silly tar       linkpath: '',
876 silly tar       uname: '',
876 silly tar       gname: '',
876 silly tar       devmaj: 0,
876 silly tar       devmin: 0,
876 silly tar       atime: null,
876 silly tar       ctime: null,
876 silly tar       Symbol(type): '0'
876 silly tar     },
876 silly tar     startBlockSize: 5632,
876 silly tar     blockRemain: 0,
876 silly tar     remain: 0,
876 silly tar     type: 'File',
876 silly tar     meta: false,
876 silly tar     ignore: false,
876 silly tar     path: 'build/public/assets/inter-greek-ext-600-normal.7f437016.woff2',
876 silly tar     mode: 438,
876 silly tar     uid: 0,
876 silly tar     gid: 0,
876 silly tar     uname: '',
876 silly tar     gname: '',
876 silly tar     size: 5328,
876 silly tar     mtime: 1985-10-26T08:15:00.000Z,
876 silly tar     atime: null,
876 silly tar     ctime: null,
876 silly tar     linkpath: '',
876 silly tar     absolute: '/run/media/ttf/4D68CCA27FA538EE/immo_tul/backend/node_modules/prisma/build/public/assets/inter-greek-ext-600-normal.7f437016.woff2',
876 silly tar     Symbol(shapeMode): false,
876 silly tar     Symbol(kCapture): false,
876 silly tar     Symbol(flowing): false,
876 silly tar     Symbol(paused): true,
876 silly tar     Symbol(pipes): [ [Pipe] ],
876 silly tar     Symbol(buffer): [
876 silly tar       <Buffer 8f f2 33 c5 ac b2 d9 ab 46 88 f8 37 23 09 6c 16 33 2c f5 af f2 a3 bd 8f 73 57 6c 0c e3 a2 4f b6 2a 00>
876 silly tar     ],
876 silly tar     Symbol(objectMode): false,
876 silly tar     Symbol(encoding): null,
876 silly tar     Symbol(async): false,
876 silly tar     Symbol(decoder): null,
876 silly tar     Symbol(EOF): true,
876 silly tar     Symbol(emittedEnd): false,
876 silly tar     Symbol(emittingEnd): false,
876 silly tar     Symbol(closed): false,
876 silly tar     Symbol(emittedError): null,
876 silly tar     Symbol(bufferLength): 34,
876 silly tar     Symbol(destroyed): false,
876 silly tar     Symbol(signal): undefined,
876 silly tar     Symbol(aborted): false,
876 silly tar     Symbol(dataListeners): 0,
876 silly tar     Symbol(discarded): false
876 silly tar   },
876 silly tar   cwd: '/run/media/ttf/4D68CCA27FA538EE/immo_tul/backend/node_modules/prisma',
876 silly tar   tarCode: 'TAR_ENTRY_ERROR'
876 silly tar }
877 warn tar TAR_ENTRY_ERROR ENOENT: no such file or directory, open '/run/media/ttf/4D68CCA27FA538EE/immo_tul/backend/node_modules/prisma/build/public/assets/inter-latin-400-normal.27ae72da.woff2'
878 silly tar TAR_ENTRY_ERROR ENOENT: no such file or directory, open '/run/media/ttf/4D68CCA27FA538EE/immo_tul/backend/node_modules/prisma/build/public/assets/inter-latin-400-normal.27ae72da.woff2' [Error: ENOENT: no such file or directory, open '/run/media/ttf/4D68CCA27FA538EE/immo_tul/backend/node_modules/prisma/build/public/assets/inter-latin-400-normal.27ae72da.woff2'] {
878 silly tar   errno: -2,
878 silly tar   code: 'ENOENT',
878 silly tar   syscall: 'open',
878 silly tar   path: '/run/media/ttf/4D68CCA27FA538EE/immo_tul/backend/node_modules/prisma/build/public/assets/inter-latin-400-normal.27ae72da.woff2',
878 silly tar   entry: ReadEntry {
878 silly tar     _events: [Object: null prototype] { end: [Function (anonymous)] },
878 silly tar     _eventsCount: 1,
878 silly tar     _maxListeners: undefined,
878 silly tar     writable: true,
878 silly tar     readable: true,
878 silly tar     extended: null,
878 silly tar     globalExtended: null,
878 silly tar     header: Header {
878 silly tar       cksumValid: true,
878 silly tar       needPax: false,
878 silly tar       nullBlock: false,
878 silly tar       block: null,
878 silly tar       path: 'package/build/public/assets/inter-latin-400-normal.27ae72da.woff2',
878 silly tar       mode: 420,
878 silly tar       uid: 0,
878 silly tar       gid: 0,
878 silly tar       size: 17156,
878 silly tar       mtime: 1985-10-26T08:15:00.000Z,
878 silly tar       cksum: 9663,
878 silly tar       linkpath: '',
878 silly tar       uname: '',
878 silly tar       gname: '',
878 silly tar       devmaj: 0,
878 silly tar       devmin: 0,
878 silly tar       atime: null,
878 silly tar       ctime: null,
878 silly tar       Symbol(type): '0'
878 silly tar     },
878 silly tar     startBlockSize: 17408,
878 silly tar     blockRemain: 15946,
878 silly tar     remain: 15694,
878 silly tar     type: 'File',
878 silly tar     meta: false,
878 silly tar     ignore: false,
878 silly tar     path: 'build/public/assets/inter-latin-400-normal.27ae72da.woff2',
878 silly tar     mode: 438,
878 silly tar     uid: 0,
878 silly tar     gid: 0,
878 silly tar     uname: '',
878 silly tar     gname: '',
878 silly tar     size: 17156,
878 silly tar     mtime: 1985-10-26T08:15:00.000Z,
878 silly tar     atime: null,
878 silly tar     ctime: null,
878 silly tar     linkpath: '',
878 silly tar     absolute: '/run/media/ttf/4D68CCA27FA538EE/immo_tul/backend/node_modules/prisma/build/public/assets/inter-latin-400-normal.27ae72da.woff2',
878 silly tar     Symbol(shapeMode): false,
878 silly tar     Symbol(kCapture): false,
878 silly tar     Symbol(flowing): false,
878 silly tar     Symbol(paused): true,
878 silly tar     Symbol(pipes): [ [Pipe] ],
878 silly tar     Symbol(buffer): [],
878 silly tar     Symbol(objectMode): false,
878 silly tar     Symbol(encoding): null,
878 silly tar     Symbol(async): false,
878 silly tar     Symbol(decoder): null,
878 silly tar     Symbol(EOF): false,
878 silly tar     Symbol(emittedEnd): false,
878 silly tar     Symbol(emittingEnd): false,
878 silly tar     Symbol(closed): false,
878 silly tar     Symbol(emittedError): null,
878 silly tar     Symbol(bufferLength): 0,
878 silly tar     Symbol(destroyed): false,
878 silly tar     Symbol(signal): undefined,
878 silly tar     Symbol(aborted): false,
878 silly tar     Symbol(dataListeners): 0,
878 silly tar     Symbol(discarded): false
878 silly tar   },
878 silly tar   cwd: '/run/media/ttf/4D68CCA27FA538EE/immo_tul/backend/node_modules/prisma',
878 silly tar   tarCode: 'TAR_ENTRY_ERROR'
878 silly tar }
879 warn tar TAR_ENTRY_ERROR ENOENT: no such file or directory, open '/run/media/ttf/4D68CCA27FA538EE/immo_tul/backend/node_modules/prisma/build/public/assets/inter-latin-600-normal.87d718a2.woff2'
880 silly tar TAR_ENTRY_ERROR ENOENT: no such file or directory, open '/run/media/ttf/4D68CCA27FA538EE/immo_tul/backend/node_modules/prisma/build/public/assets/inter-latin-600-normal.87d718a2.woff2' [Error: ENOENT: no such file or directory, open '/run/media/ttf/4D68CCA27FA538EE/immo_tul/backend/node_modules/prisma/build/public/assets/inter-latin-600-normal.87d718a2.woff2'] {
880 silly tar   errno: -2,
880 silly tar   code: 'ENOENT',
880 silly tar   syscall: 'open',
880 silly tar   path: '/run/media/ttf/4D68CCA27FA538EE/immo_tul/backend/node_modules/prisma/build/public/assets/inter-latin-600-normal.87d718a2.woff2',
880 silly tar   entry: ReadEntry {
880 silly tar     _events: [Object: null prototype] { end: [Function (anonymous)] },
880 silly tar     _eventsCount: 1,
880 silly tar     _maxListeners: undefined,
880 silly tar     writable: true,
880 silly tar     readable: true,
880 silly tar     extended: null,
880 silly tar     globalExtended: null,
880 silly tar     header: Header {
880 silly tar       cksumValid: true,
880 silly tar       needPax: false,
880 silly tar       nullBlock: false,
880 silly tar       block: null,
880 silly tar       path: 'package/build/public/assets/inter-latin-600-normal.87d718a2.woff2',
880 silly tar       mode: 420,
880 silly tar       uid: 0,
880 silly tar       gid: 0,
880 silly tar       size: 18096,
880 silly tar       mtime: 1985-10-26T08:15:00.000Z,
880 silly tar       cksum: 9580,
880 silly tar       linkpath: '',
880 silly tar       uname: '',
880 silly tar       gname: '',
880 silly tar       devmaj: 0,
880 silly tar       devmin: 0,
880 silly tar       atime: null,
880 silly tar       ctime: null,
880 silly tar       Symbol(type): '0'
880 silly tar     },
880 silly tar     startBlockSize: 18432,
880 silly tar     blockRemain: 17767,
880 silly tar     remain: 17431,
880 silly tar     type: 'File',
880 silly tar     meta: false,
880 silly tar     ignore: false,
880 silly tar     path: 'build/public/assets/inter-latin-600-normal.87d718a2.woff2',
880 silly tar     mode: 438,
880 silly tar     uid: 0,
880 silly tar     gid: 0,
880 silly tar     uname: '',
880 silly tar     gname: '',
880 silly tar     size: 18096,
880 silly tar     mtime: 1985-10-26T08:15:00.000Z,
880 silly tar     atime: null,
880 silly tar     ctime: null,
880 silly tar     linkpath: '',
880 silly tar     absolute: '/run/media/ttf/4D68CCA27FA538EE/immo_tul/backend/node_modules/prisma/build/public/assets/inter-latin-600-normal.87d718a2.woff2',
880 silly tar     Symbol(shapeMode): false,
880 silly tar     Symbol(kCapture): false,
880 silly tar     Symbol(flowing): false,
880 silly tar     Symbol(paused): true,
880 silly tar     Symbol(pipes): [ [Pipe] ],
880 silly tar     Symbol(buffer): [],
880 silly tar     Symbol(objectMode): false,
880 silly tar     Symbol(encoding): null,
880 silly tar     Symbol(async): false,
880 silly tar     Symbol(decoder): null,
880 silly tar     Symbol(EOF): false,
880 silly tar     Symbol(emittedEnd): false,
880 silly tar     Symbol(emittingEnd): false,
880 silly tar     Symbol(closed): false,
880 silly tar     Symbol(emittedError): null,
880 silly tar     Symbol(bufferLength): 0,
880 silly tar     Symbol(destroyed): false,
880 silly tar     Symbol(signal): undefined,
880 silly tar     Symbol(aborted): false,
880 silly tar     Symbol(dataListeners): 0,
880 silly tar     Symbol(discarded): false
880 silly tar   },
880 silly tar   cwd: '/run/media/ttf/4D68CCA27FA538EE/immo_tul/backend/node_modules/prisma',
880 silly tar   tarCode: 'TAR_ENTRY_ERROR'
880 silly tar }
881 warn tar TAR_ENTRY_ERROR ENOENT: no such file or directory, open '/run/media/ttf/4D68CCA27FA538EE/immo_tul/backend/node_modules/prisma/build/public/assets/inter-latin-ext-400-normal.5b02c69a.woff2'
882 silly tar TAR_ENTRY_ERROR ENOENT: no such file or directory, open '/run/media/ttf/4D68CCA27FA538EE/immo_tul/backend/node_modules/prisma/build/public/assets/inter-latin-ext-400-normal.5b02c69a.woff2' [Error: ENOENT: no such file or directory, open '/run/media/ttf/4D68CCA27FA538EE/immo_tul/backend/node_modules/prisma/build/public/assets/inter-latin-ext-400-normal.5b02c69a.woff2'] {
882 silly tar   errno: -2,
882 silly tar   code: 'ENOENT',
882 silly tar   syscall: 'open',
882 silly tar   path: '/run/media/ttf/4D68CCA27FA538EE/immo_tul/backend/node_modules/prisma/build/public/assets/inter-latin-ext-400-normal.5b02c69a.woff2',
882 silly tar   entry: ReadEntry {
882 silly tar     _events: [Object: null prototype] {
882 silly tar       end: [Function (anonymous)],
882 silly tar       drain: [Function]
882 silly tar     },
882 silly tar     _eventsCount: 2,
882 silly tar     _maxListeners: undefined,
882 silly tar     writable: true,
882 silly tar     readable: true,
882 silly tar     extended: null,
882 silly tar     globalExtended: null,
882 silly tar     header: Header {
882 silly tar       cksumValid: true,
882 silly tar       needPax: false,
882 silly tar       nullBlock: false,
882 silly tar       block: null,
882 silly tar       path: 'package/build/public/assets/inter-latin-ext-400-normal.5b02c69a.woff2',
882 silly tar       mode: 420,
882 silly tar       uid: 0,
882 silly tar       gid: 0,
882 silly tar       size: 22192,
882 silly tar       mtime: 1985-10-26T08:15:00.000Z,
882 silly tar       cksum: 9999,
882 silly tar       linkpath: '',
882 silly tar       uname: '',
882 silly tar       gname: '',
882 silly tar       devmaj: 0,
882 silly tar       devmin: 0,
882 silly tar       atime: null,
882 silly tar       ctime: null,
882 silly tar       Symbol(type): '0'
882 silly tar     },
882 silly tar     startBlockSize: 22528,
882 silly tar     blockRemain: 7261,
882 silly tar     remain: 6925,
882 silly tar     type: 'File',
882 silly tar     meta: false,
882 silly tar     ignore: false,
882 silly tar     path: 'build/public/assets/inter-latin-ext-400-normal.5b02c69a.woff2',
882 silly tar     mode: 438,
882 silly tar     uid: 0,
882 silly tar     gid: 0,
882 silly tar     uname: '',
882 silly tar     gname: '',
882 silly tar     size: 22192,
882 silly tar     mtime: 1985-10-26T08:15:00.000Z,
882 silly tar     atime: null,
882 silly tar     ctime: null,
882 silly tar     linkpath: '',
882 silly tar     absolute: '/run/media/ttf/4D68CCA27FA538EE/immo_tul/backend/node_modules/prisma/build/public/assets/inter-latin-ext-400-normal.5b02c69a.woff2',
882 silly tar     Symbol(shapeMode): false,
882 silly tar     Symbol(kCapture): false,
882 silly tar     Symbol(flowing): false,
882 silly tar     Symbol(paused): true,
882 silly tar     Symbol(pipes): [ [Pipe] ],
882 silly tar     Symbol(buffer): [
882 silly tar       <Buffer 9c 44 32 b7 21 f9 a1 e7 fc fc 6c cc fd 48 bf ce f9 20 87 1c 5a 41 5b 35 2e 5e 36 45 f4 ca ac 0c c8 4e 0d 0d 0a d5 f5 8c e5 1a 7b ab 10 75 3d 55 0c 8c ... 743 more bytes>
882 silly tar     ],
882 silly tar     Symbol(objectMode): false,
882 silly tar     Symbol(encoding): null,
882 silly tar     Symbol(async): false,
882 silly tar     Symbol(decoder): null,
882 silly tar     Symbol(EOF): false,
882 silly tar     Symbol(emittedEnd): false,
882 silly tar     Symbol(emittingEnd): false,
882 silly tar     Symbol(closed): false,
882 silly tar     Symbol(emittedError): null,
882 silly tar     Symbol(bufferLength): 793,
882 silly tar     Symbol(destroyed): false,
882 silly tar     Symbol(signal): undefined,
882 silly tar     Symbol(aborted): false,
882 silly tar     Symbol(dataListeners): 0,
882 silly tar     Symbol(discarded): false
882 silly tar   },
882 silly tar   cwd: '/run/media/ttf/4D68CCA27FA538EE/immo_tul/backend/node_modules/prisma',
882 silly tar   tarCode: 'TAR_ENTRY_ERROR'
882 silly tar }
883 warn tar TAR_ENTRY_ERROR ENOENT: no such file or directory, open '/run/media/ttf/4D68CCA27FA538EE/immo_tul/backend/node_modules/prisma/build/public/assets/inter-latin-ext-600-normal.88feb9e4.woff2'
884 silly tar TAR_ENTRY_ERROR ENOENT: no such file or directory, open '/run/media/ttf/4D68CCA27FA538EE/immo_tul/backend/node_modules/prisma/build/public/assets/inter-latin-ext-600-normal.88feb9e4.woff2' [Error: ENOENT: no such file or directory, open '/run/media/ttf/4D68CCA27FA538EE/immo_tul/backend/node_modules/prisma/build/public/assets/inter-latin-ext-600-normal.88feb9e4.woff2'] {
884 silly tar   errno: -2,
884 silly tar   code: 'ENOENT',
884 silly tar   syscall: 'open',
884 silly tar   path: '/run/media/ttf/4D68CCA27FA538EE/immo_tul/backend/node_modules/prisma/build/public/assets/inter-latin-ext-600-normal.88feb9e4.woff2',
884 silly tar   entry: ReadEntry {
884 silly tar     _events: [Object: null prototype] {
884 silly tar       end: [Function (anonymous)],
884 silly tar       drain: [Function]
884 silly tar     },
884 silly tar     _eventsCount: 2,
884 silly tar     _maxListeners: undefined,
884 silly tar     writable: true,
884 silly tar     readable: true,
884 silly tar     extended: null,
884 silly tar     globalExtended: null,
884 silly tar     header: Header {
884 silly tar       cksumValid: true,
884 silly tar       needPax: false,
884 silly tar       nullBlock: false,
884 silly tar       block: null,
884 silly tar       path: 'package/build/public/assets/inter-latin-ext-600-normal.88feb9e4.woff2',
884 silly tar       mode: 420,
884 silly tar       uid: 0,
884 silly tar       gid: 0,
884 silly tar       size: 24168,
884 silly tar       mtime: 1985-10-26T08:15:00.000Z,
884 silly tar       cksum: 10070,
884 silly tar       linkpath: '',
884 silly tar       uname: '',
884 silly tar       gname: '',
884 silly tar       devmaj: 0,
884 silly tar       devmin: 0,
884 silly tar       atime: null,
884 silly tar       ctime: null,
884 silly tar       Symbol(type): '0'
884 silly tar     },
884 silly tar     startBlockSize: 24576,
884 silly tar     blockRemain: 15131,
884 silly tar     remain: 14723,
884 silly tar     type: 'File',
884 silly tar     meta: false,
884 silly tar     ignore: false,
884 silly tar     path: 'build/public/assets/inter-latin-ext-600-normal.88feb9e4.woff2',
884 silly tar     mode: 438,
884 silly tar     uid: 0,
884 silly tar     gid: 0,
884 silly tar     uname: '',
884 silly tar     gname: '',
884 silly tar     size: 24168,
884 silly tar     mtime: 1985-10-26T08:15:00.000Z,
884 silly tar     atime: null,
884 silly tar     ctime: null,
884 silly tar     linkpath: '',
884 silly tar     absolute: '/run/media/ttf/4D68CCA27FA538EE/immo_tul/backend/node_modules/prisma/build/public/assets/inter-latin-ext-600-normal.88feb9e4.woff2',
884 silly tar     Symbol(shapeMode): false,
884 silly tar     Symbol(kCapture): false,
884 silly tar     Symbol(flowing): false,
884 silly tar     Symbol(paused): true,
884 silly tar     Symbol(pipes): [ [Pipe] ],
884 silly tar     Symbol(buffer): [
884 silly tar       <Buffer f8 d1 6d 6f 14 79 4a 79 af 80 55 73 08 0c a7 2f 70 be d0 7f 1f fd 29 8e dc 7a b8 9a 31 77 cc 19 e0 9f 08 1c 0c 1a 1e 7f 2a 8a 0f b7 ce b7 39 9e c7 0c ... 784 more bytes>
884 silly tar     ],
884 silly tar     Symbol(objectMode): false,
884 silly tar     Symbol(encoding): null,
884 silly tar     Symbol(async): false,
884 silly tar     Symbol(decoder): null,
884 silly tar     Symbol(EOF): false,
884 silly tar     Symbol(emittedEnd): false,
884 silly tar     Symbol(emittingEnd): false,
884 silly tar     Symbol(closed): false,
884 silly tar     Symbol(emittedError): null,
884 silly tar     Symbol(bufferLength): 834,
884 silly tar     Symbol(destroyed): false,
884 silly tar     Symbol(signal): undefined,
884 silly tar     Symbol(aborted): false,
884 silly tar     Symbol(dataListeners): 0,
884 silly tar     Symbol(discarded): false
884 silly tar   },
884 silly tar   cwd: '/run/media/ttf/4D68CCA27FA538EE/immo_tul/backend/node_modules/prisma',
884 silly tar   tarCode: 'TAR_ENTRY_ERROR'
884 silly tar }
885 warn tar TAR_ENTRY_ERROR ENOENT: no such file or directory, open '/run/media/ttf/4D68CCA27FA538EE/immo_tul/backend/node_modules/prisma/build/public/assets/inter-vietnamese-600-normal.8185dacd.woff2'
886 silly tar TAR_ENTRY_ERROR ENOENT: no such file or directory, open '/run/media/ttf/4D68CCA27FA538EE/immo_tul/backend/node_modules/prisma/build/public/assets/inter-vietnamese-600-normal.8185dacd.woff2' [Error: ENOENT: no such file or directory, open '/run/media/ttf/4D68CCA27FA538EE/immo_tul/backend/node_modules/prisma/build/public/assets/inter-vietnamese-600-normal.8185dacd.woff2'] {
886 silly tar   errno: -2,
886 silly tar   code: 'ENOENT',
886 silly tar   syscall: 'open',
886 silly tar   path: '/run/media/ttf/4D68CCA27FA538EE/immo_tul/backend/node_modules/prisma/build/public/assets/inter-vietnamese-600-normal.8185dacd.woff2',
886 silly tar   entry: ReadEntry {
886 silly tar     _events: [Object: null prototype] {
886 silly tar       end: [Function (anonymous)],
886 silly tar       drain: [Function]
886 silly tar     },
886 silly tar     _eventsCount: 2,
886 silly tar     _maxListeners: undefined,
886 silly tar     writable: true,
886 silly tar     readable: true,
886 silly tar     extended: null,
886 silly tar     globalExtended: null,
886 silly tar     header: Header {
886 silly tar       cksumValid: true,
886 silly tar       needPax: false,
886 silly tar       nullBlock: false,
886 silly tar       block: null,
886 silly tar       path: 'package/build/public/assets/inter-vietnamese-600-normal.8185dacd.woff2',
886 silly tar       mode: 420,
886 silly tar       uid: 0,
886 silly tar       gid: 0,
886 silly tar       size: 4208,
886 silly tar       mtime: 1985-10-26T08:15:00.000Z,
886 silly tar       cksum: 10202,
886 silly tar       linkpath: '',
886 silly tar       uname: '',
886 silly tar       gname: '',
886 silly tar       devmaj: 0,
886 silly tar       devmin: 0,
886 silly tar       atime: null,
886 silly tar       ctime: null,
886 silly tar       Symbol(type): '0'
886 silly tar     },
886 silly tar     startBlockSize: 4608,
886 silly tar     blockRemain: 3012,
886 silly tar     remain: 2612,
886 silly tar     type: 'File',
886 silly tar     meta: false,
886 silly tar     ignore: false,
886 silly tar     path: 'build/public/assets/inter-vietnamese-600-normal.8185dacd.woff2',
886 silly tar     mode: 438,
886 silly tar     uid: 0,
886 silly tar     gid: 0,
886 silly tar     uname: '',
886 silly tar     gname: '',
886 silly tar     size: 4208,
886 silly tar     mtime: 1985-10-26T08:15:00.000Z,
886 silly tar     atime: null,
886 silly tar     ctime: null,
886 silly tar     linkpath: '',
886 silly tar     absolute: '/run/media/ttf/4D68CCA27FA538EE/immo_tul/backend/node_modules/prisma/build/public/assets/inter-vietnamese-600-normal.8185dacd.woff2',
886 silly tar     Symbol(shapeMode): false,
886 silly tar     Symbol(kCapture): false,
886 silly tar     Symbol(flowing): false,
886 silly tar     Symbol(paused): true,
886 silly tar     Symbol(pipes): [ [Pipe] ],
886 silly tar     Symbol(buffer): [
886 silly tar       <Buffer 95 e3 8f eb cb 69 1b 64 11 d8 a8 0c 27 66 70 11 ae 37 3e 9f 86 cd 20 87 d5 55 8e f7 e0 dd cf 35 5f 2c 24 60 20 83 42 d8 c3 40 06 76 1d ff a3 ef ec 4d ... 805 more bytes>
886 silly tar     ],
886 silly tar     Symbol(objectMode): false,
886 silly tar     Symbol(encoding): null,
886 silly tar     Symbol(async): false,
886 silly tar     Symbol(decoder): null,
886 silly tar     Symbol(EOF): false,
886 silly tar     Symbol(emittedEnd): false,
886 silly tar     Symbol(emittingEnd): false,
886 silly tar     Symbol(closed): false,
886 silly tar     Symbol(emittedError): null,
886 silly tar     Symbol(bufferLength): 855,
886 silly tar     Symbol(destroyed): false,
886 silly tar     Symbol(signal): undefined,
886 silly tar     Symbol(aborted): false,
886 silly tar     Symbol(dataListeners): 0,
886 silly tar     Symbol(discarded): false
886 silly tar   },
886 silly tar   cwd: '/run/media/ttf/4D68CCA27FA538EE/immo_tul/backend/node_modules/prisma',
886 silly tar   tarCode: 'TAR_ENTRY_ERROR'
886 silly tar }
887 warn tar TAR_ENTRY_ERROR ENOENT: no such file or directory, open '/run/media/ttf/4D68CCA27FA538EE/immo_tul/backend/node_modules/prisma/build/public/assets/jetbrains-mono-cyrillic-400-normal.1ae57fe2.woff2'
888 silly tar TAR_ENTRY_ERROR ENOENT: no such file or directory, open '/run/media/ttf/4D68CCA27FA538EE/immo_tul/backend/node_modules/prisma/build/public/assets/jetbrains-mono-cyrillic-400-normal.1ae57fe2.woff2' [Error: ENOENT: no such file or directory, open '/run/media/ttf/4D68CCA27FA538EE/immo_tul/backend/node_modules/prisma/build/public/assets/jetbrains-mono-cyrillic-400-normal.1ae57fe2.woff2'] {
888 silly tar   errno: -2,
888 silly tar   code: 'ENOENT',
888 silly tar   syscall: 'open',
888 silly tar   path: '/run/media/ttf/4D68CCA27FA538EE/immo_tul/backend/node_modules/prisma/build/public/assets/jetbrains-mono-cyrillic-400-normal.1ae57fe2.woff2',
888 silly tar   entry: ReadEntry {
888 silly tar     _events: [Object: null prototype] {},
888 silly tar     _eventsCount: 0,
888 silly tar     _maxListeners: undefined,
888 silly tar     writable: false,
888 silly tar     readable: false,
888 silly tar     extended: null,
888 silly tar     globalExtended: null,
888 silly tar     header: Header {
888 silly tar       cksumValid: true,
888 silly tar       needPax: false,
888 silly tar       nullBlock: false,
888 silly tar       block: null,
888 silly tar       path: 'package/build/public/assets/jetbrains-mono-cyrillic-400-normal.1ae57fe2.woff2',
888 silly tar       mode: 420,
888 silly tar       uid: 0,
888 silly tar       gid: 0,
888 silly tar       size: 4676,
888 silly tar       mtime: 1985-10-26T08:15:00.000Z,
888 silly tar       cksum: 10885,
888 silly tar       linkpath: '',
888 silly tar       uname: '',
888 silly tar       gname: '',
888 silly tar       devmaj: 0,
888 silly tar       devmin: 0,
888 silly tar       atime: null,
888 silly tar       ctime: null,
888 silly tar       Symbol(type): '0'
888 silly tar     },
888 silly tar     startBlockSize: 5120,
888 silly tar     blockRemain: 0,
888 silly tar     remain: 0,
888 silly tar     type: 'File',
888 silly tar     meta: false,
888 silly tar     ignore: false,
888 silly tar     path: 'build/public/assets/jetbrains-mono-cyrillic-400-normal.1ae57fe2.woff2',
888 silly tar     mode: 438,
888 silly tar     uid: 0,
888 silly tar     gid: 0,
888 silly tar     uname: '',
888 silly tar     gname: '',
888 silly tar     size: 4676,
888 silly tar     mtime: 1985-10-26T08:15:00.000Z,
888 silly tar     atime: null,
888 silly tar     ctime: null,
888 silly tar     linkpath: '',
888 silly tar     absolute: '/run/media/ttf/4D68CCA27FA538EE/immo_tul/backend/node_modules/prisma/build/public/assets/jetbrains-mono-cyrillic-400-normal.1ae57fe2.woff2',
888 silly tar     Symbol(shapeMode): false,
888 silly tar     Symbol(kCapture): false,
888 silly tar     Symbol(flowing): false,
888 silly tar     Symbol(paused): true,
888 silly tar     Symbol(pipes): [ [Pipe] ],
888 silly tar     Symbol(buffer): [],
888 silly tar     Symbol(objectMode): false,
888 silly tar     Symbol(encoding): null,
888 silly tar     Symbol(async): false,
888 silly tar     Symbol(decoder): null,
888 silly tar     Symbol(EOF): true,
888 silly tar     Symbol(emittedEnd): true,
888 silly tar     Symbol(emittingEnd): false,
888 silly tar     Symbol(closed): false,
888 silly tar     Symbol(emittedError): null,
888 silly tar     Symbol(bufferLength): 0,
888 silly tar     Symbol(destroyed): false,
888 silly tar     Symbol(signal): undefined,
888 silly tar     Symbol(aborted): false,
888 silly tar     Symbol(dataListeners): 0,
888 silly tar     Symbol(discarded): false
888 silly tar   },
888 silly tar   cwd: '/run/media/ttf/4D68CCA27FA538EE/immo_tul/backend/node_modules/prisma',
888 silly tar   tarCode: 'TAR_ENTRY_ERROR'
888 silly tar }
889 warn tar TAR_ENTRY_ERROR ENOENT: no such file or directory, open '/run/media/ttf/4D68CCA27FA538EE/immo_tul/backend/node_modules/prisma/build/public/assets/jetbrains-mono-latin-400-normal.80a5dc9e.woff2'
890 silly tar TAR_ENTRY_ERROR ENOENT: no such file or directory, open '/run/media/ttf/4D68CCA27FA538EE/immo_tul/backend/node_modules/prisma/build/public/assets/jetbrains-mono-latin-400-normal.80a5dc9e.woff2' [Error: ENOENT: no such file or directory, open '/run/media/ttf/4D68CCA27FA538EE/immo_tul/backend/node_modules/prisma/build/public/assets/jetbrains-mono-latin-400-normal.80a5dc9e.woff2'] {
890 silly tar   errno: -2,
890 silly tar   code: 'ENOENT',
890 silly tar   syscall: 'open',
890 silly tar   path: '/run/media/ttf/4D68CCA27FA538EE/immo_tul/backend/node_modules/prisma/build/public/assets/jetbrains-mono-latin-400-normal.80a5dc9e.woff2',
890 silly tar   entry: ReadEntry {
890 silly tar     _events: [Object: null prototype] {
890 silly tar       end: [Function (anonymous)],
890 silly tar       drain: [Function]
890 silly tar     },
890 silly tar     _eventsCount: 2,
890 silly tar     _maxListeners: undefined,
890 silly tar     writable: true,
890 silly tar     readable: true,
890 silly tar     extended: null,
890 silly tar     globalExtended: null,
890 silly tar     header: Header {
890 silly tar       cksumValid: true,
890 silly tar       needPax: false,
890 silly tar       nullBlock: false,
890 silly tar       block: null,
890 silly tar       path: 'package/build/public/assets/jetbrains-mono-latin-400-normal.80a5dc9e.woff2',
890 silly tar       mode: 420,
890 silly tar       uid: 0,
890 silly tar       gid: 0,
890 silly tar       size: 19188,
890 silly tar       mtime: 1985-10-26T08:15:00.000Z,
890 silly tar       cksum: 10580,
890 silly tar       linkpath: '',
890 silly tar       uname: '',
890 silly tar       gname: '',
890 silly tar       devmaj: 0,
890 silly tar       devmin: 0,
890 silly tar       atime: null,
890 silly tar       ctime: null,
890 silly tar       Symbol(type): '0'
890 silly tar     },
890 silly tar     startBlockSize: 19456,
890 silly tar     blockRemain: 10444,
890 silly tar     remain: 10176,
890 silly tar     type: 'File',
890 silly tar     meta: false,
890 silly tar     ignore: false,
890 silly tar     path: 'build/public/assets/jetbrains-mono-latin-400-normal.80a5dc9e.woff2',
890 silly tar     mode: 438,
890 silly tar     uid: 0,
890 silly tar     gid: 0,
890 silly tar     uname: '',
890 silly tar     gname: '',
890 silly tar     size: 19188,
890 silly tar     mtime: 1985-10-26T08:15:00.000Z,
890 silly tar     atime: null,
890 silly tar     ctime: null,
890 silly tar     linkpath: '',
890 silly tar     absolute: '/run/media/ttf/4D68CCA27FA538EE/immo_tul/backend/node_modules/prisma/build/public/assets/jetbrains-mono-latin-400-normal.80a5dc9e.woff2',
890 silly tar     Symbol(shapeMode): false,
890 silly tar     Symbol(kCapture): false,
890 silly tar     Symbol(flowing): false,
890 silly tar     Symbol(paused): true,
890 silly tar     Symbol(pipes): [ [Pipe] ],
890 silly tar     Symbol(buffer): [
890 silly tar       <Buffer 59 6e 2a 3f 99 8a 2d da 37 69 4d bb d1 74 8d 46 d7 30 af 6a fa 61 97 75 73 e4 b6 9d d6 9a 33 69 db 17 9a 0d e4 78 d3 b1 de 30 8c 47 45 ad c6 60 eb 50 ... 1734 more bytes>
890 silly tar     ],
890 silly tar     Symbol(objectMode): false,
890 silly tar     Symbol(encoding): null,
890 silly tar     Symbol(async): false,
890 silly tar     Symbol(decoder): null,
890 silly tar     Symbol(EOF): false,
890 silly tar     Symbol(emittedEnd): false,
890 silly tar     Symbol(emittingEnd): false,
890 silly tar     Symbol(closed): false,
890 silly tar     Symbol(emittedError): null,
890 silly tar     Symbol(bufferLength): 1784,
890 silly tar     Symbol(destroyed): false,
890 silly tar     Symbol(signal): undefined,
890 silly tar     Symbol(aborted): false,
890 silly tar     Symbol(dataListeners): 0,
890 silly tar     Symbol(discarded): false
890 silly tar   },
890 silly tar   cwd: '/run/media/ttf/4D68CCA27FA538EE/immo_tul/backend/node_modules/prisma',
890 silly tar   tarCode: 'TAR_ENTRY_ERROR'
890 silly tar }
891 warn tar TAR_ENTRY_ERROR ENOENT: no such file or directory, open '/run/media/ttf/4D68CCA27FA538EE/immo_tul/backend/node_modules/prisma/build/public/assets/jetbrains-mono-latin-ext-400-normal.6315c53c.woff2'
892 silly tar TAR_ENTRY_ERROR ENOENT: no such file or directory, open '/run/media/ttf/4D68CCA27FA538EE/immo_tul/backend/node_modules/prisma/build/public/assets/jetbrains-mono-latin-ext-400-normal.6315c53c.woff2' [Error: ENOENT: no such file or directory, open '/run/media/ttf/4D68CCA27FA538EE/immo_tul/backend/node_modules/prisma/build/public/assets/jetbrains-mono-latin-ext-400-normal.6315c53c.woff2'] {
892 silly tar   errno: -2,
892 silly tar   code: 'ENOENT',
892 silly tar   syscall: 'open',
892 silly tar   path: '/run/media/ttf/4D68CCA27FA538EE/immo_tul/backend/node_modules/prisma/build/public/assets/jetbrains-mono-latin-ext-400-normal.6315c53c.woff2',
892 silly tar   entry: ReadEntry {
892 silly tar     _events: [Object: null prototype] { end: [Function (anonymous)] },
892 silly tar     _eventsCount: 1,
892 silly tar     _maxListeners: undefined,
892 silly tar     writable: false,
892 silly tar     readable: true,
892 silly tar     extended: null,
892 silly tar     globalExtended: null,
892 silly tar     header: Header {
892 silly tar       cksumValid: true,
892 silly tar       needPax: false,
892 silly tar       nullBlock: false,
892 silly tar       block: null,
892 silly tar       path: 'package/build/public/assets/jetbrains-mono-latin-ext-400-normal.6315c53c.woff2',
892 silly tar       mode: 420,
892 silly tar       uid: 0,
892 silly tar       gid: 0,
892 silly tar       size: 5664,
892 silly tar       mtime: 1985-10-26T08:15:00.000Z,
892 silly tar       cksum: 10846,
892 silly tar       linkpath: '',
892 silly tar       uname: '',
892 silly tar       gname: '',
892 silly tar       devmaj: 0,
892 silly tar       devmin: 0,
892 silly tar       atime: null,
892 silly tar       ctime: null,
892 silly tar       Symbol(type): '0'
892 silly tar     },
892 silly tar     startBlockSize: 6144,
892 silly tar     blockRemain: 0,
892 silly tar     remain: 0,
892 silly tar     type: 'File',
892 silly tar     meta: false,
892 silly tar     ignore: false,
892 silly tar     path: 'build/public/assets/jetbrains-mono-latin-ext-400-normal.6315c53c.woff2',
892 silly tar     mode: 438,
892 silly tar     uid: 0,
892 silly tar     gid: 0,
892 silly tar     uname: '',
892 silly tar     gname: '',
892 silly tar     size: 5664,
892 silly tar     mtime: 1985-10-26T08:15:00.000Z,
892 silly tar     atime: null,
892 silly tar     ctime: null,
892 silly tar     linkpath: '',
892 silly tar     absolute: '/run/media/ttf/4D68CCA27FA538EE/immo_tul/backend/node_modules/prisma/build/public/assets/jetbrains-mono-latin-ext-400-normal.6315c53c.woff2',
892 silly tar     Symbol(shapeMode): false,
892 silly tar     Symbol(kCapture): false,
892 silly tar     Symbol(flowing): false,
892 silly tar     Symbol(paused): true,
892 silly tar     Symbol(pipes): [ [Pipe] ],
892 silly tar     Symbol(buffer): [
892 silly tar       <Buffer c0 3d 90 da 21 63 1d 6d c7 12 e5 61 bb 00 98 c1 76 81 b2 96 d4 2e c8 e8 15 b6 0b 96 b1 fa b6 51 64 9b db 0d 02 e8 16 17 85 c0 7a 3e 14 5d 92 ee ee 1a ... 186 more bytes>
892 silly tar     ],
892 silly tar     Symbol(objectMode): false,
892 silly tar     Symbol(encoding): null,
892 silly tar     Symbol(async): false,
892 silly tar     Symbol(decoder): null,
892 silly tar     Symbol(EOF): true,
892 silly tar     Symbol(emittedEnd): false,
892 silly tar     Symbol(emittingEnd): false,
892 silly tar     Symbol(closed): false,
892 silly tar     Symbol(emittedError): null,
892 silly tar     Symbol(bufferLength): 236,
892 silly tar     Symbol(destroyed): false,
892 silly tar     Symbol(signal): undefined,
892 silly tar     Symbol(aborted): false,
892 silly tar     Symbol(dataListeners): 0,
892 silly tar     Symbol(discarded): false
892 silly tar   },
892 silly tar   cwd: '/run/media/ttf/4D68CCA27FA538EE/immo_tul/backend/node_modules/prisma',
892 silly tar   tarCode: 'TAR_ENTRY_ERROR'
892 silly tar }
893 warn tar TAR_ENTRY_ERROR ENOENT: no such file or directory, open '/run/media/ttf/4D68CCA27FA538EE/immo_tul/backend/node_modules/prisma/LICENSE'
894 silly tar TAR_ENTRY_ERROR ENOENT: no such file or directory, open '/run/media/ttf/4D68CCA27FA538EE/immo_tul/backend/node_modules/prisma/LICENSE' [Error: ENOENT: no such file or directory, open '/run/media/ttf/4D68CCA27FA538EE/immo_tul/backend/node_modules/prisma/LICENSE'] {
894 silly tar   errno: -2,
894 silly tar   code: 'ENOENT',
894 silly tar   syscall: 'open',
894 silly tar   path: '/run/media/ttf/4D68CCA27FA538EE/immo_tul/backend/node_modules/prisma/LICENSE',
894 silly tar   entry: ReadEntry {
894 silly tar     _events: [Object: null prototype] { end: [Function (anonymous)] },
894 silly tar     _eventsCount: 1,
894 silly tar     _maxListeners: undefined,
894 silly tar     writable: false,
894 silly tar     readable: true,
894 silly tar     extended: null,
894 silly tar     globalExtended: null,
894 silly tar     header: Header {
894 silly tar       cksumValid: true,
894 silly tar       needPax: false,
894 silly tar       nullBlock: false,
894 silly tar       block: null,
894 silly tar       path: 'package/LICENSE',
894 silly tar       mode: 420,
894 silly tar       uid: 0,
894 silly tar       gid: 0,
894 silly tar       size: 11357,
894 silly tar       mtime: 1985-10-26T08:15:00.000Z,
894 silly tar       cksum: 5020,
894 silly tar       linkpath: '',
894 silly tar       uname: '',
894 silly tar       gname: '',
894 silly tar       devmaj: 0,
894 silly tar       devmin: 0,
894 silly tar       atime: null,
894 silly tar       ctime: null,
894 silly tar       Symbol(type): '0'
894 silly tar     },
894 silly tar     startBlockSize: 11776,
894 silly tar     blockRemain: 0,
894 silly tar     remain: 0,
894 silly tar     type: 'File',
894 silly tar     meta: false,
894 silly tar     ignore: false,
894 silly tar     path: 'LICENSE',
894 silly tar     mode: 438,
894 silly tar     uid: 0,
894 silly tar     gid: 0,
894 silly tar     uname: '',
894 silly tar     gname: '',
894 silly tar     size: 11357,
894 silly tar     mtime: 1985-10-26T08:15:00.000Z,
894 silly tar     atime: null,
894 silly tar     ctime: null,
894 silly tar     linkpath: '',
894 silly tar     absolute: '/run/media/ttf/4D68CCA27FA538EE/immo_tul/backend/node_modules/prisma/LICENSE',
894 silly tar     Symbol(shapeMode): false,
894 silly tar     Symbol(kCapture): false,
894 silly tar     Symbol(flowing): false,
894 silly tar     Symbol(paused): true,
894 silly tar     Symbol(pipes): [ [Pipe] ],
894 silly tar     Symbol(buffer): [
894 silly tar       <Buffer 65 63 74 20 6f 72 20 69 6e 64 69 72 65 63 74 2c 20 74 6f 20 63 61 75 73 65 20 74 68 65 0a 20 20 20 20 20 20 64 69 72 65 63 74 69 6f 6e 20 6f 72 20 6d ... 10529 more bytes>
894 silly tar     ],
894 silly tar     Symbol(objectMode): false,
894 silly tar     Symbol(encoding): null,
894 silly tar     Symbol(async): false,
894 silly tar     Symbol(decoder): null,
894 silly tar     Symbol(EOF): true,
894 silly tar     Symbol(emittedEnd): false,
894 silly tar     Symbol(emittingEnd): false,
894 silly tar     Symbol(closed): false,
894 silly tar     Symbol(emittedError): null,
894 silly tar     Symbol(bufferLength): 10579,
894 silly tar     Symbol(destroyed): false,
894 silly tar     Symbol(signal): undefined,
894 silly tar     Symbol(aborted): false,
894 silly tar     Symbol(dataListeners): 0,
894 silly tar     Symbol(discarded): false
894 silly tar   },
894 silly tar   cwd: '/run/media/ttf/4D68CCA27FA538EE/immo_tul/backend/node_modules/prisma',
894 silly tar   tarCode: 'TAR_ENTRY_ERROR'
894 silly tar }
895 http fetch GET 200 https://registry.npmjs.org/prisma/-/prisma-6.19.3.tgz 54239ms (cache miss)
896 warn tar TAR_ENTRY_ERROR ENOENT: no such file or directory, open '/run/media/ttf/4D68CCA27FA538EE/immo_tul/backend/node_modules/@prisma/client/runtime/query_compiler_bg.sqlite.js'
897 silly tar TAR_ENTRY_ERROR ENOENT: no such file or directory, open '/run/media/ttf/4D68CCA27FA538EE/immo_tul/backend/node_modules/@prisma/client/runtime/query_compiler_bg.sqlite.js' [Error: ENOENT: no such file or directory, open '/run/media/ttf/4D68CCA27FA538EE/immo_tul/backend/node_modules/@prisma/client/runtime/query_compiler_bg.sqlite.js'] {
897 silly tar   errno: -2,
897 silly tar   code: 'ENOENT',
897 silly tar   syscall: 'open',
897 silly tar   path: '/run/media/ttf/4D68CCA27FA538EE/immo_tul/backend/node_modules/@prisma/client/runtime/query_compiler_bg.sqlite.js',
897 silly tar   entry: ReadEntry {
897 silly tar     _events: [Object: null prototype] { end: [Function (anonymous)] },
897 silly tar     _eventsCount: 1,
897 silly tar     _maxListeners: undefined,
897 silly tar     writable: false,
897 silly tar     readable: true,
897 silly tar     extended: null,
897 silly tar     globalExtended: null,
897 silly tar     header: Header {
897 silly tar       cksumValid: true,
897 silly tar       needPax: false,
897 silly tar       nullBlock: false,
897 silly tar       block: null,
897 silly tar       path: 'package/runtime/query_compiler_bg.sqlite.js',
897 silly tar       mode: 420,
897 silly tar       uid: 0,
897 silly tar       gid: 0,
897 silly tar       size: 11165,
897 silly tar       mtime: 1985-10-26T08:15:00.000Z,
897 silly tar       cksum: 8115,
897 silly tar       linkpath: '',
897 silly tar       uname: '',
897 silly tar       gname: '',
897 silly tar       devmaj: 0,
897 silly tar       devmin: 0,
897 silly tar       atime: null,
897 silly tar       ctime: null,
897 silly tar       Symbol(type): '0'
897 silly tar     },
897 silly tar     startBlockSize: 11264,
897 silly tar     blockRemain: 0,
897 silly tar     remain: 0,
897 silly tar     type: 'File',
897 silly tar     meta: false,
897 silly tar     ignore: false,
897 silly tar     path: 'runtime/query_compiler_bg.sqlite.js',
897 silly tar     mode: 438,
897 silly tar     uid: 0,
897 silly tar     gid: 0,
897 silly tar     uname: '',
897 silly tar     gname: '',
897 silly tar     size: 11165,
897 silly tar     mtime: 1985-10-26T08:15:00.000Z,
897 silly tar     atime: null,
897 silly tar     ctime: null,
897 silly tar     linkpath: '',
897 silly tar     absolute: '/run/media/ttf/4D68CCA27FA538EE/immo_tul/backend/node_modules/@prisma/client/runtime/query_compiler_bg.sqlite.js',
897 silly tar     Symbol(shapeMode): false,
897 silly tar     Symbol(kCapture): false,
897 silly tar     Symbol(flowing): false,
897 silly tar     Symbol(paused): true,
897 silly tar     Symbol(pipes): [ [Pipe] ],
897 silly tar     Symbol(buffer): [
897 silly tar       <Buffer 6c 65 72 5f 63 6f 6d 70 69 6c 65 42 61 74 63 68 28 74 68 69 73 2e 5f 5f 77 62 67 5f 70 74 72 2c 6e 2c 5f 29 3b 69 66 28 72 5b 32 5d 29 74 68 72 6f 77 ... 5309 more bytes>
897 silly tar     ],
897 silly tar     Symbol(objectMode): false,
897 silly tar     Symbol(encoding): null,
897 silly tar     Symbol(async): false,
897 silly tar     Symbol(decoder): null,
897 silly tar     Symbol(EOF): true,
897 silly tar     Symbol(emittedEnd): false,
897 silly tar     Symbol(emittingEnd): false,
897 silly tar     Symbol(closed): false,
897 silly tar     Symbol(emittedError): null,
897 silly tar     Symbol(bufferLength): 5359,
897 silly tar     Symbol(destroyed): false,
897 silly tar     Symbol(signal): undefined,
897 silly tar     Symbol(aborted): false,
897 silly tar     Symbol(dataListeners): 0,
897 silly tar     Symbol(discarded): false
897 silly tar   },
897 silly tar   cwd: '/run/media/ttf/4D68CCA27FA538EE/immo_tul/backend/node_modules/@prisma/client',
897 silly tar   tarCode: 'TAR_ENTRY_ERROR'
897 silly tar }
898 warn tar TAR_ENTRY_ERROR ENOENT: no such file or directory, open '/run/media/ttf/4D68CCA27FA538EE/immo_tul/backend/node_modules/@prisma/client/runtime/query_compiler_bg.sqlite.wasm-base64.js'
899 silly tar TAR_ENTRY_ERROR ENOENT: no such file or directory, open '/run/media/ttf/4D68CCA27FA538EE/immo_tul/backend/node_modules/@prisma/client/runtime/query_compiler_bg.sqlite.wasm-base64.js' [Error: ENOENT: no such file or directory, open '/run/media/ttf/4D68CCA27FA538EE/immo_tul/backend/node_modules/@prisma/client/runtime/query_compiler_bg.sqlite.wasm-base64.js'] {
899 silly tar   errno: -2,
899 silly tar   code: 'ENOENT',
899 silly tar   syscall: 'open',
899 silly tar   path: '/run/media/ttf/4D68CCA27FA538EE/immo_tul/backend/node_modules/@prisma/client/runtime/query_compiler_bg.sqlite.wasm-base64.js',
899 silly tar   entry: ReadEntry {
899 silly tar     _events: [Object: null prototype] { end: [Function (anonymous)] },
899 silly tar     _eventsCount: 1,
899 silly tar     _maxListeners: undefined,
899 silly tar     writable: true,
899 silly tar     readable: true,
899 silly tar     extended: null,
899 silly tar     globalExtended: null,
899 silly tar     header: Header {
899 silly tar       cksumValid: true,
899 silly tar       needPax: false,
899 silly tar       nullBlock: false,
899 silly tar       block: null,
899 silly tar       path: 'package/runtime/query_compiler_bg.sqlite.wasm-base64.js',
899 silly tar       mode: 420,
899 silly tar       uid: 0,
899 silly tar       gid: 0,
899 silly tar       size: 2495995,
899 silly tar       mtime: 1985-10-26T08:15:00.000Z,
899 silly tar       cksum: 9168,
899 silly tar       linkpath: '',
899 silly tar       uname: '',
899 silly tar       gname: '',
899 silly tar       devmaj: 0,
899 silly tar       devmin: 0,
899 silly tar       atime: null,
899 silly tar       ctime: null,
899 silly tar       Symbol(type): '0'
899 silly tar     },
899 silly tar     startBlockSize: 2496000,
899 silly tar     blockRemain: 2492987,
899 silly tar     remain: 2492982,
899 silly tar     type: 'File',
899 silly tar     meta: false,
899 silly tar     ignore: false,
899 silly tar     path: 'runtime/query_compiler_bg.sqlite.wasm-base64.js',
899 silly tar     mode: 438,
899 silly tar     uid: 0,
899 silly tar     gid: 0,
899 silly tar     uname: '',
899 silly tar     gname: '',
899 silly tar     size: 2495995,
899 silly tar     mtime: 1985-10-26T08:15:00.000Z,
899 silly tar     atime: null,
899 silly tar     ctime: null,
899 silly tar     linkpath: '',
899 silly tar     absolute: '/run/media/ttf/4D68CCA27FA538EE/immo_tul/backend/node_modules/@prisma/client/runtime/query_compiler_bg.sqlite.wasm-base64.js',
899 silly tar     Symbol(shapeMode): false,
899 silly tar     Symbol(kCapture): false,
899 silly tar     Symbol(flowing): false,
899 silly tar     Symbol(paused): true,
899 silly tar     Symbol(pipes): [ [Pipe] ],
899 silly tar     Symbol(buffer): [],
899 silly tar     Symbol(objectMode): false,
899 silly tar     Symbol(encoding): null,
899 silly tar     Symbol(async): false,
899 silly tar     Symbol(decoder): null,
899 silly tar     Symbol(EOF): false,
899 silly tar     Symbol(emittedEnd): false,
899 silly tar     Symbol(emittingEnd): false,
899 silly tar     Symbol(closed): false,
899 silly tar     Symbol(emittedError): null,
899 silly tar     Symbol(bufferLength): 0,
899 silly tar     Symbol(destroyed): false,
899 silly tar     Symbol(signal): undefined,
899 silly tar     Symbol(aborted): false,
899 silly tar     Symbol(dataListeners): 0,
899 silly tar     Symbol(discarded): false
899 silly tar   },
899 silly tar   cwd: '/run/media/ttf/4D68CCA27FA538EE/immo_tul/backend/node_modules/@prisma/client',
899 silly tar   tarCode: 'TAR_ENTRY_ERROR'
899 silly tar }
900 warn tar TAR_ENTRY_ERROR ENOENT: no such file or directory, open '/run/media/ttf/4D68CCA27FA538EE/immo_tul/backend/node_modules/@prisma/client/runtime/query_compiler_bg.sqlserver.js'
901 silly tar TAR_ENTRY_ERROR ENOENT: no such file or directory, open '/run/media/ttf/4D68CCA27FA538EE/immo_tul/backend/node_modules/@prisma/client/runtime/query_compiler_bg.sqlserver.js' [Error: ENOENT: no such file or directory, open '/run/media/ttf/4D68CCA27FA538EE/immo_tul/backend/node_modules/@prisma/client/runtime/query_compiler_bg.sqlserver.js'] {
901 silly tar   errno: -2,
901 silly tar   code: 'ENOENT',
901 silly tar   syscall: 'open',
901 silly tar   path: '/run/media/ttf/4D68CCA27FA538EE/immo_tul/backend/node_modules/@prisma/client/runtime/query_compiler_bg.sqlserver.js',
901 silly tar   entry: ReadEntry {
901 silly tar     _events: [Object: null prototype] {},
901 silly tar     _eventsCount: 0,
901 silly tar     _maxListeners: undefined,
901 silly tar     writable: false,
901 silly tar     readable: false,
901 silly tar     extended: null,
901 silly tar     globalExtended: null,
901 silly tar     header: Header {
901 silly tar       cksumValid: true,
901 silly tar       needPax: false,
901 silly tar       nullBlock: false,
901 silly tar       block: null,
901 silly tar       path: 'package/runtime/query_compiler_bg.sqlserver.js',
901 silly tar       mode: 420,
901 silly tar       uid: 0,
901 silly tar       gid: 0,
901 silly tar       size: 11165,
901 silly tar       mtime: 1985-10-26T08:15:00.000Z,
901 silly tar       cksum: 8456,
901 silly tar       linkpath: '',
901 silly tar       uname: '',
901 silly tar       gname: '',
901 silly tar       devmaj: 0,
901 silly tar       devmin: 0,
901 silly tar       atime: null,
901 silly tar       ctime: null,
901 silly tar       Symbol(type): '0'
901 silly tar     },
901 silly tar     startBlockSize: 11264,
901 silly tar     blockRemain: 0,
901 silly tar     remain: 0,
901 silly tar     type: 'File',
901 silly tar     meta: false,
901 silly tar     ignore: false,
901 silly tar     path: 'runtime/query_compiler_bg.sqlserver.js',
901 silly tar     mode: 438,
901 silly tar     uid: 0,
901 silly tar     gid: 0,
901 silly tar     uname: '',
901 silly tar     gname: '',
901 silly tar     size: 11165,
901 silly tar     mtime: 1985-10-26T08:15:00.000Z,
901 silly tar     atime: null,
901 silly tar     ctime: null,
901 silly tar     linkpath: '',
901 silly tar     absolute: '/run/media/ttf/4D68CCA27FA538EE/immo_tul/backend/node_modules/@prisma/client/runtime/query_compiler_bg.sqlserver.js',
901 silly tar     Symbol(shapeMode): false,
901 silly tar     Symbol(kCapture): false,
901 silly tar     Symbol(flowing): false,
901 silly tar     Symbol(paused): true,
901 silly tar     Symbol(pipes): [ [Pipe] ],
901 silly tar     Symbol(buffer): [],
901 silly tar     Symbol(objectMode): false,
901 silly tar     Symbol(encoding): null,
901 silly tar     Symbol(async): false,
901 silly tar     Symbol(decoder): null,
901 silly tar     Symbol(EOF): true,
901 silly tar     Symbol(emittedEnd): true,
901 silly tar     Symbol(emittingEnd): false,
901 silly tar     Symbol(closed): false,
901 silly tar     Symbol(emittedError): null,
901 silly tar     Symbol(bufferLength): 0,
901 silly tar     Symbol(destroyed): false,
901 silly tar     Symbol(signal): undefined,
901 silly tar     Symbol(aborted): false,
901 silly tar     Symbol(dataListeners): 0,
901 silly tar     Symbol(discarded): false
901 silly tar   },
901 silly tar   cwd: '/run/media/ttf/4D68CCA27FA538EE/immo_tul/backend/node_modules/@prisma/client',
901 silly tar   tarCode: 'TAR_ENTRY_ERROR'
901 silly tar }
902 warn tar TAR_ENTRY_ERROR ENOENT: no such file or directory, open '/run/media/ttf/4D68CCA27FA538EE/immo_tul/backend/node_modules/@prisma/client/runtime/query_compiler_bg.sqlserver.wasm-base64.js'
903 silly tar TAR_ENTRY_ERROR ENOENT: no such file or directory, open '/run/media/ttf/4D68CCA27FA538EE/immo_tul/backend/node_modules/@prisma/client/runtime/query_compiler_bg.sqlserver.wasm-base64.js' [Error: ENOENT: no such file or directory, open '/run/media/ttf/4D68CCA27FA538EE/immo_tul/backend/node_modules/@prisma/client/runtime/query_compiler_bg.sqlserver.wasm-base64.js'] {
903 silly tar   errno: -2,
903 silly tar   code: 'ENOENT',
903 silly tar   syscall: 'open',
903 silly tar   path: '/run/media/ttf/4D68CCA27FA538EE/immo_tul/backend/node_modules/@prisma/client/runtime/query_compiler_bg.sqlserver.wasm-base64.js',
903 silly tar   entry: ReadEntry {
903 silly tar     _events: [Object: null prototype] {
903 silly tar       end: [Function (anonymous)],
903 silly tar       drain: [Function]
903 silly tar     },
903 silly tar     _eventsCount: 2,
903 silly tar     _maxListeners: undefined,
903 silly tar     writable: true,
903 silly tar     readable: true,
903 silly tar     extended: null,
903 silly tar     globalExtended: null,
903 silly tar     header: Header {
903 silly tar       cksumValid: true,
903 silly tar       needPax: false,
903 silly tar       nullBlock: false,
903 silly tar       block: null,
903 silly tar       path: 'package/runtime/query_compiler_bg.sqlserver.wasm-base64.js',
903 silly tar       mode: 420,
903 silly tar       uid: 0,
903 silly tar       gid: 0,
903 silly tar       size: 2597707,
903 silly tar       mtime: 1985-10-26T08:15:00.000Z,
903 silly tar       cksum: 9504,
903 silly tar       linkpath: '',
903 silly tar       uname: '',
903 silly tar       gname: '',
903 silly tar       devmaj: 0,
903 silly tar       devmin: 0,
903 silly tar       atime: null,
903 silly tar       ctime: null,
903 silly tar       Symbol(type): '0'
903 silly tar     },
903 silly tar     startBlockSize: 2597888,
903 silly tar     blockRemain: 2575891,
903 silly tar     remain: 2575710,
903 silly tar     type: 'File',
903 silly tar     meta: false,
903 silly tar     ignore: false,
903 silly tar     path: 'runtime/query_compiler_bg.sqlserver.wasm-base64.js',
903 silly tar     mode: 438,
903 silly tar     uid: 0,
903 silly tar     gid: 0,
903 silly tar     uname: '',
903 silly tar     gname: '',
903 silly tar     size: 2597707,
903 silly tar     mtime: 1985-10-26T08:15:00.000Z,
903 silly tar     atime: null,
903 silly tar     ctime: null,
903 silly tar     linkpath: '',
903 silly tar     absolute: '/run/media/ttf/4D68CCA27FA538EE/immo_tul/backend/node_modules/@prisma/client/runtime/query_compiler_bg.sqlserver.wasm-base64.js',
903 silly tar     Symbol(shapeMode): false,
903 silly tar     Symbol(kCapture): false,
903 silly tar     Symbol(flowing): false,
903 silly tar     Symbol(paused): true,
903 silly tar     Symbol(pipes): [ [Pipe] ],
903 silly tar     Symbol(buffer): [
903 silly tar       <Buffer 78 6c 62 6d 64 30 61 46 39 6a 5a 47 51 79 4d 54 56 6c 4d 54 42 6b 4f 57 52 6b 4e 54 41 33 41 42 49 57 4c 69 39 78 64 57 56 79 65 56 39 6a 62 32 31 77 ... 16334 more bytes>,
903 silly tar       <Buffer 67 61 49 41 63 67 42 30 47 67 42 57 6f 32 41 71 67 50 49 41 64 42 38 42 70 71 51 65 7a 4e 79 41 41 51 74 78 77 41 43 79 41 48 51 5a 41 46 61 68 44 39 ... 3795 more bytes>
903 silly tar     ],
903 silly tar     Symbol(objectMode): false,
903 silly tar     Symbol(encoding): null,
903 silly tar     Symbol(async): false,
903 silly tar     Symbol(decoder): null,
903 silly tar     Symbol(EOF): false,
903 silly tar     Symbol(emittedEnd): false,
903 silly tar     Symbol(emittingEnd): false,
903 silly tar     Symbol(closed): false,
903 silly tar     Symbol(emittedError): null,
903 silly tar     Symbol(bufferLength): 20229,
903 silly tar     Symbol(destroyed): false,
903 silly tar     Symbol(signal): undefined,
903 silly tar     Symbol(aborted): false,
903 silly tar     Symbol(dataListeners): 0,
903 silly tar     Symbol(discarded): false
903 silly tar   },
903 silly tar   cwd: '/run/media/ttf/4D68CCA27FA538EE/immo_tul/backend/node_modules/@prisma/client',
903 silly tar   tarCode: 'TAR_ENTRY_ERROR'
903 silly tar }
904 warn tar TAR_ENTRY_ERROR ENOENT: no such file or directory, open '/run/media/ttf/4D68CCA27FA538EE/immo_tul/backend/node_modules/@prisma/client/runtime/query_engine_bg.cockroachdb.js'
905 silly tar TAR_ENTRY_ERROR ENOENT: no such file or directory, open '/run/media/ttf/4D68CCA27FA538EE/immo_tul/backend/node_modules/@prisma/client/runtime/query_engine_bg.cockroachdb.js' [Error: ENOENT: no such file or directory, open '/run/media/ttf/4D68CCA27FA538EE/immo_tul/backend/node_modules/@prisma/client/runtime/query_engine_bg.cockroachdb.js'] {
905 silly tar   errno: -2,
905 silly tar   code: 'ENOENT',
905 silly tar   syscall: 'open',
905 silly tar   path: '/run/media/ttf/4D68CCA27FA538EE/immo_tul/backend/node_modules/@prisma/client/runtime/query_engine_bg.cockroachdb.js',
905 silly tar   entry: ReadEntry {
905 silly tar     _events: [Object: null prototype] { end: [Function (anonymous)] },
905 silly tar     _eventsCount: 1,
905 silly tar     _maxListeners: undefined,
905 silly tar     writable: false,
905 silly tar     readable: true,
905 silly tar     extended: null,
905 silly tar     globalExtended: null,
905 silly tar     header: Header {
905 silly tar       cksumValid: true,
905 silly tar       needPax: false,
905 silly tar       nullBlock: false,
905 silly tar       block: null,
905 silly tar       path: 'package/runtime/query_engine_bg.cockroachdb.js',
905 silly tar       mode: 420,
905 silly tar       uid: 0,
905 silly tar       gid: 0,
905 silly tar       size: 16927,
905 silly tar       mtime: 1985-10-26T08:15:00.000Z,
905 silly tar       cksum: 8361,
905 silly tar       linkpath: '',
905 silly tar       uname: '',
905 silly tar       gname: '',
905 silly tar       devmaj: 0,
905 silly tar       devmin: 0,
905 silly tar       atime: null,
905 silly tar       ctime: null,
905 silly tar       Symbol(type): '0'
905 silly tar     },
905 silly tar     startBlockSize: 17408,
905 silly tar     blockRemain: 0,
905 silly tar     remain: 0,
905 silly tar     type: 'File',
905 silly tar     meta: false,
905 silly tar     ignore: false,
905 silly tar     path: 'runtime/query_engine_bg.cockroachdb.js',
905 silly tar     mode: 438,
905 silly tar     uid: 0,
905 silly tar     gid: 0,
905 silly tar     uname: '',
905 silly tar     gname: '',
905 silly tar     size: 16927,
905 silly tar     mtime: 1985-10-26T08:15:00.000Z,
905 silly tar     atime: null,
905 silly tar     ctime: null,
905 silly tar     linkpath: '',
905 silly tar     absolute: '/run/media/ttf/4D68CCA27FA538EE/immo_tul/backend/node_modules/@prisma/client/runtime/query_engine_bg.cockroachdb.js',
905 silly tar     Symbol(shapeMode): false,
905 silly tar     Symbol(kCapture): false,
905 silly tar     Symbol(flowing): false,
905 silly tar     Symbol(paused): true,
905 silly tar     Symbol(pipes): [ [Pipe] ],
905 silly tar     Symbol(buffer): [
905 silly tar       <Buffer 5f 67 65 74 5f 65 34 66 30 36 63 39 30 34 38 39 61 64 30 31 62 3a 28 29 3d 3e 62 65 2c 5f 5f 77 62 67 5f 5f 5f 77 62 69 6e 64 67 65 6e 5f 74 68 72 6f ... 15662 more bytes>
905 silly tar     ],
905 silly tar     Symbol(objectMode): false,
905 silly tar     Symbol(encoding): null,
905 silly tar     Symbol(async): false,
905 silly tar     Symbol(decoder): null,
905 silly tar     Symbol(EOF): true,
905 silly tar     Symbol(emittedEnd): false,
905 silly tar     Symbol(emittingEnd): false,
905 silly tar     Symbol(closed): false,
905 silly tar     Symbol(emittedError): null,
905 silly tar     Symbol(bufferLength): 15712,
905 silly tar     Symbol(destroyed): false,
905 silly tar     Symbol(signal): undefined,
905 silly tar     Symbol(aborted): false,
905 silly tar     Symbol(dataListeners): 0,
905 silly tar     Symbol(discarded): false
905 silly tar   },
905 silly tar   cwd: '/run/media/ttf/4D68CCA27FA538EE/immo_tul/backend/node_modules/@prisma/client',
905 silly tar   tarCode: 'TAR_ENTRY_ERROR'
905 silly tar }
906 warn tar TAR_ENTRY_ERROR ENOENT: no such file or directory, open '/run/media/ttf/4D68CCA27FA538EE/immo_tul/backend/node_modules/@prisma/client/runtime/query_engine_bg.cockroachdb.wasm-base64.js'
907 silly tar TAR_ENTRY_ERROR ENOENT: no such file or directory, open '/run/media/ttf/4D68CCA27FA538EE/immo_tul/backend/node_modules/@prisma/client/runtime/query_engine_bg.cockroachdb.wasm-base64.js' [Error: ENOENT: no such file or directory, open '/run/media/ttf/4D68CCA27FA538EE/immo_tul/backend/node_modules/@prisma/client/runtime/query_engine_bg.cockroachdb.wasm-base64.js'] {
907 silly tar   errno: -2,
907 silly tar   code: 'ENOENT',
907 silly tar   syscall: 'open',
907 silly tar   path: '/run/media/ttf/4D68CCA27FA538EE/immo_tul/backend/node_modules/@prisma/client/runtime/query_engine_bg.cockroachdb.wasm-base64.js',
907 silly tar   entry: ReadEntry {
907 silly tar     _events: [Object: null prototype] { end: [Function (anonymous)] },
907 silly tar     _eventsCount: 1,
907 silly tar     _maxListeners: undefined,
907 silly tar     writable: true,
907 silly tar     readable: true,
907 silly tar     extended: null,
907 silly tar     globalExtended: null,
907 silly tar     header: Header {
907 silly tar       cksumValid: true,
907 silly tar       needPax: false,
907 silly tar       nullBlock: false,
907 silly tar       block: null,
907 silly tar       path: 'package/runtime/query_engine_bg.cockroachdb.wasm-base64.js',
907 silly tar       mode: 420,
907 silly tar       uid: 0,
907 silly tar       gid: 0,
907 silly tar       size: 3094219,
907 silly tar       mtime: 1985-10-26T08:15:00.000Z,
907 silly tar       cksum: 9417,
907 silly tar       linkpath: '',
907 silly tar       uname: '',
907 silly tar       gname: '',
907 silly tar       devmaj: 0,
907 silly tar       devmin: 0,
907 silly tar       atime: null,
907 silly tar       ctime: null,
907 silly tar       Symbol(type): '0'
907 silly tar     },
907 silly tar     startBlockSize: 3094528,
907 silly tar     blockRemain: 3083527,
907 silly tar     remain: 3083218,
907 silly tar     type: 'File',
907 silly tar     meta: false,
907 silly tar     ignore: false,
907 silly tar     path: 'runtime/query_engine_bg.cockroachdb.wasm-base64.js',
907 silly tar     mode: 438,
907 silly tar     uid: 0,
907 silly tar     gid: 0,
907 silly tar     uname: '',
907 silly tar     gname: '',
907 silly tar     size: 3094219,
907 silly tar     mtime: 1985-10-26T08:15:00.000Z,
907 silly tar     atime: null,
907 silly tar     ctime: null,
907 silly tar     linkpath: '',
907 silly tar     absolute: '/run/media/ttf/4D68CCA27FA538EE/immo_tul/backend/node_modules/@prisma/client/runtime/query_engine_bg.cockroachdb.wasm-base64.js',
907 silly tar     Symbol(shapeMode): false,
907 silly tar     Symbol(kCapture): false,
907 silly tar     Symbol(flowing): false,
907 silly tar     Symbol(paused): true,
907 silly tar     Symbol(pipes): [ [Pipe] ],
907 silly tar     Symbol(buffer): [],
907 silly tar     Symbol(objectMode): false,
907 silly tar     Symbol(encoding): null,
907 silly tar     Symbol(async): false,
907 silly tar     Symbol(decoder): null,
907 silly tar     Symbol(EOF): false,
907 silly tar     Symbol(emittedEnd): false,
907 silly tar     Symbol(emittingEnd): false,
907 silly tar     Symbol(closed): false,
907 silly tar     Symbol(emittedError): null,
907 silly tar     Symbol(bufferLength): 0,
907 silly tar     Symbol(destroyed): false,
907 silly tar     Symbol(signal): undefined,
907 silly tar     Symbol(aborted): false,
907 silly tar     Symbol(dataListeners): 0,
907 silly tar     Symbol(discarded): false
907 silly tar   },
907 silly tar   cwd: '/run/media/ttf/4D68CCA27FA538EE/immo_tul/backend/node_modules/@prisma/client',
907 silly tar   tarCode: 'TAR_ENTRY_ERROR'
907 silly tar }
908 warn tar TAR_ENTRY_ERROR ENOENT: no such file or directory, open '/run/media/ttf/4D68CCA27FA538EE/immo_tul/backend/node_modules/@prisma/client/runtime/query_engine_bg.mysql.js'
909 silly tar TAR_ENTRY_ERROR ENOENT: no such file or directory, open '/run/media/ttf/4D68CCA27FA538EE/immo_tul/backend/node_modules/@prisma/client/runtime/query_engine_bg.mysql.js' [Error: ENOENT: no such file or directory, open '/run/media/ttf/4D68CCA27FA538EE/immo_tul/backend/node_modules/@prisma/client/runtime/query_engine_bg.mysql.js'] {
909 silly tar   errno: -2,
909 silly tar   code: 'ENOENT',
909 silly tar   syscall: 'open',
909 silly tar   path: '/run/media/ttf/4D68CCA27FA538EE/immo_tul/backend/node_modules/@prisma/client/runtime/query_engine_bg.mysql.js',
909 silly tar   entry: ReadEntry {
909 silly tar     _events: [Object: null prototype] { end: [Function (anonymous)] },
909 silly tar     _eventsCount: 1,
909 silly tar     _maxListeners: undefined,
909 silly tar     writable: false,
909 silly tar     readable: true,
909 silly tar     extended: null,
909 silly tar     globalExtended: null,
909 silly tar     header: Header {
909 silly tar       cksumValid: true,
909 silly tar       needPax: false,
909 silly tar       nullBlock: false,
909 silly tar       block: null,
909 silly tar       path: 'package/runtime/query_engine_bg.mysql.js',
909 silly tar       mode: 420,
909 silly tar       uid: 0,
909 silly tar       gid: 0,
909 silly tar       size: 16688,
909 silly tar       mtime: 1985-10-26T08:15:00.000Z,
909 silly tar       cksum: 7787,
909 silly tar       linkpath: '',
909 silly tar       uname: '',
909 silly tar       gname: '',
909 silly tar       devmaj: 0,
909 silly tar       devmin: 0,
909 silly tar       atime: null,
909 silly tar       ctime: null,
909 silly tar       Symbol(type): '0'
909 silly tar     },
909 silly tar     startBlockSize: 16896,
909 silly tar     blockRemain: 0,
909 silly tar     remain: 0,
909 silly tar     type: 'File',
909 silly tar     meta: false,
909 silly tar     ignore: false,
909 silly tar     path: 'runtime/query_engine_bg.mysql.js',
909 silly tar     mode: 438,
909 silly tar     uid: 0,
909 silly tar     gid: 0,
909 silly tar     uname: '',
909 silly tar     gname: '',
909 silly tar     size: 16688,
909 silly tar     mtime: 1985-10-26T08:15:00.000Z,
909 silly tar     atime: null,
909 silly tar     ctime: null,
909 silly tar     linkpath: '',
909 silly tar     absolute: '/run/media/ttf/4D68CCA27FA538EE/immo_tul/backend/node_modules/@prisma/client/runtime/query_engine_bg.mysql.js',
909 silly tar     Symbol(shapeMode): false,
909 silly tar     Symbol(kCapture): false,
909 silly tar     Symbol(flowing): false,
909 silly tar     Symbol(paused): true,
909 silly tar     Symbol(pipes): [ [Pipe] ],
909 silly tar     Symbol(buffer): [
909 silly tar       <Buffer 2c 74 29 7b 65 2e 72 61 6e 64 6f 6d 46 69 6c 6c 53 79 6e 63 28 74 29 7d 2c 61 72 67 75 6d 65 6e 74 73 29 7d 66 75 6e 63 74 69 6f 6e 20 72 74 28 29 7b ... 4233 more bytes>
909 silly tar     ],
909 silly tar     Symbol(objectMode): false,
909 silly tar     Symbol(encoding): null,
909 silly tar     Symbol(async): false,
909 silly tar     Symbol(decoder): null,
909 silly tar     Symbol(EOF): true,
909 silly tar     Symbol(emittedEnd): false,
909 silly tar     Symbol(emittingEnd): false,
909 silly tar     Symbol(closed): false,
909 silly tar     Symbol(emittedError): null,
909 silly tar     Symbol(bufferLength): 4283,
909 silly tar     Symbol(destroyed): false,
909 silly tar     Symbol(signal): undefined,
909 silly tar     Symbol(aborted): false,
909 silly tar     Symbol(dataListeners): 0,
909 silly tar     Symbol(discarded): false
909 silly tar   },
909 silly tar   cwd: '/run/media/ttf/4D68CCA27FA538EE/immo_tul/backend/node_modules/@prisma/client',
909 silly tar   tarCode: 'TAR_ENTRY_ERROR'
909 silly tar }
910 warn tar TAR_ENTRY_ERROR ENOENT: no such file or directory, open '/run/media/ttf/4D68CCA27FA538EE/immo_tul/backend/node_modules/@prisma/client/runtime/query_engine_bg.mysql.wasm-base64.js'
911 silly tar TAR_ENTRY_ERROR ENOENT: no such file or directory, open '/run/media/ttf/4D68CCA27FA538EE/immo_tul/backend/node_modules/@prisma/client/runtime/query_engine_bg.mysql.wasm-base64.js' [Error: ENOENT: no such file or directory, open '/run/media/ttf/4D68CCA27FA538EE/immo_tul/backend/node_modules/@prisma/client/runtime/query_engine_bg.mysql.wasm-base64.js'] {
911 silly tar   errno: -2,
911 silly tar   code: 'ENOENT',
911 silly tar   syscall: 'open',
911 silly tar   path: '/run/media/ttf/4D68CCA27FA538EE/immo_tul/backend/node_modules/@prisma/client/runtime/query_engine_bg.mysql.wasm-base64.js',
911 silly tar   entry: ReadEntry {
911 silly tar     _events: [Object: null prototype] {
911 silly tar       end: [Function (anonymous)],
911 silly tar       drain: [Function]
911 silly tar     },
911 silly tar     _eventsCount: 2,
911 silly tar     _maxListeners: undefined,
911 silly tar     writable: true,
911 silly tar     readable: true,
911 silly tar     extended: null,
911 silly tar     globalExtended: null,
911 silly tar     header: Header {
911 silly tar       cksumValid: true,
911 silly tar       needPax: false,
911 silly tar       nullBlock: false,
911 silly tar       block: null,
911 silly tar       path: 'package/runtime/query_engine_bg.mysql.wasm-base64.js',
911 silly tar       mode: 420,
911 silly tar       uid: 0,
911 silly tar       gid: 0,
911 silly tar       size: 3017947,
911 silly tar       mtime: 1985-10-26T08:15:00.000Z,
911 silly tar       cksum: 8844,
911 silly tar       linkpath: '',
911 silly tar       uname: '',
911 silly tar       gname: '',
911 silly tar       devmaj: 0,
911 silly tar       devmin: 0,
911 silly tar       atime: null,
911 silly tar       ctime: null,
911 silly tar       Symbol(type): '0'
911 silly tar     },
911 silly tar     startBlockSize: 3018240,
911 silly tar     blockRemain: 2998492,
911 silly tar     remain: 2998199,
911 silly tar     type: 'File',
911 silly tar     meta: false,
911 silly tar     ignore: false,
911 silly tar     path: 'runtime/query_engine_bg.mysql.wasm-base64.js',
911 silly tar     mode: 438,
911 silly tar     uid: 0,
911 silly tar     gid: 0,
911 silly tar     uname: '',
911 silly tar     gname: '',
911 silly tar     size: 3017947,
911 silly tar     mtime: 1985-10-26T08:15:00.000Z,
911 silly tar     atime: null,
911 silly tar     ctime: null,
911 silly tar     linkpath: '',
911 silly tar     absolute: '/run/media/ttf/4D68CCA27FA538EE/immo_tul/backend/node_modules/@prisma/client/runtime/query_engine_bg.mysql.wasm-base64.js',
911 silly tar     Symbol(shapeMode): false,
911 silly tar     Symbol(kCapture): false,
911 silly tar     Symbol(flowing): false,
911 silly tar     Symbol(paused): true,
911 silly tar     Symbol(pipes): [ [Pipe] ],
911 silly tar     Symbol(buffer): [
911 silly tar       <Buffer 47 41 67 41 44 41 67 4d 42 41 67 49 44 41 51 41 41 41 67 45 41 41 41 41 46 41 41 41 42 41 67 51 74 41 51 49 41 42 51 77 43 41 51 51 45 41 77 4d 41 41 ... 8317 more bytes>
911 silly tar     ],
911 silly tar     Symbol(objectMode): false,
911 silly tar     Symbol(encoding): null,
911 silly tar     Symbol(async): false,
911 silly tar     Symbol(decoder): null,
911 silly tar     Symbol(EOF): false,
911 silly tar     Symbol(emittedEnd): false,
911 silly tar     Symbol(emittingEnd): false,
911 silly tar     Symbol(closed): false,
911 silly tar     Symbol(emittedError): null,
911 silly tar     Symbol(bufferLength): 8367,
911 silly tar     Symbol(destroyed): false,
911 silly tar     Symbol(signal): undefined,
911 silly tar     Symbol(aborted): false,
911 silly tar     Symbol(dataListeners): 0,
911 silly tar     Symbol(discarded): false
911 silly tar   },
911 silly tar   cwd: '/run/media/ttf/4D68CCA27FA538EE/immo_tul/backend/node_modules/@prisma/client',
911 silly tar   tarCode: 'TAR_ENTRY_ERROR'
911 silly tar }
912 warn tar TAR_ENTRY_ERROR ENOENT: no such file or directory, open '/run/media/ttf/4D68CCA27FA538EE/immo_tul/backend/node_modules/@prisma/client/runtime/query_engine_bg.postgresql.js'
913 silly tar TAR_ENTRY_ERROR ENOENT: no such file or directory, open '/run/media/ttf/4D68CCA27FA538EE/immo_tul/backend/node_modules/@prisma/client/runtime/query_engine_bg.postgresql.js' [Error: ENOENT: no such file or directory, open '/run/media/ttf/4D68CCA27FA538EE/immo_tul/backend/node_modules/@prisma/client/runtime/query_engine_bg.postgresql.js'] {
913 silly tar   errno: -2,
913 silly tar   code: 'ENOENT',
913 silly tar   syscall: 'open',
913 silly tar   path: '/run/media/ttf/4D68CCA27FA538EE/immo_tul/backend/node_modules/@prisma/client/runtime/query_engine_bg.postgresql.js',
913 silly tar   entry: ReadEntry {
913 silly tar     _events: [Object: null prototype] {
913 silly tar       end: [Function (anonymous)],
913 silly tar       drain: [Function]
913 silly tar     },
913 silly tar     _eventsCount: 2,
913 silly tar     _maxListeners: undefined,
913 silly tar     writable: true,
913 silly tar     readable: true,
913 silly tar     extended: null,
913 silly tar     globalExtended: null,
913 silly tar     header: Header {
913 silly tar       cksumValid: true,
913 silly tar       needPax: false,
913 silly tar       nullBlock: false,
913 silly tar       block: null,
913 silly tar       path: 'package/runtime/query_engine_bg.postgresql.js',
913 silly tar       mode: 420,
913 silly tar       uid: 0,
913 silly tar       gid: 0,
913 silly tar       size: 16927,
913 silly tar       mtime: 1985-10-26T08:15:00.000Z,
913 silly tar       cksum: 8330,
913 silly tar       linkpath: '',
913 silly tar       uname: '',
913 silly tar       gname: '',
913 silly tar       devmaj: 0,
913 silly tar       devmin: 0,
913 silly tar       atime: null,
913 silly tar       ctime: null,
913 silly tar       Symbol(type): '0'
913 silly tar     },
913 silly tar     startBlockSize: 17408,
913 silly tar     blockRemain: 11797,
913 silly tar     remain: 11316,
913 silly tar     type: 'File',
913 silly tar     meta: false,
913 silly tar     ignore: false,
913 silly tar     path: 'runtime/query_engine_bg.postgresql.js',
913 silly tar     mode: 438,
913 silly tar     uid: 0,
913 silly tar     gid: 0,
913 silly tar     uname: '',
913 silly tar     gname: '',
913 silly tar     size: 16927,
913 silly tar     mtime: 1985-10-26T08:15:00.000Z,
913 silly tar     atime: null,
913 silly tar     ctime: null,
913 silly tar     linkpath: '',
913 silly tar     absolute: '/run/media/ttf/4D68CCA27FA538EE/immo_tul/backend/node_modules/@prisma/client/runtime/query_engine_bg.postgresql.js',
913 silly tar     Symbol(shapeMode): false,
913 silly tar     Symbol(kCapture): false,
913 silly tar     Symbol(flowing): false,
913 silly tar     Symbol(paused): true,
913 silly tar     Symbol(pipes): [ [Pipe] ],
913 silly tar     Symbol(buffer): [
913 silly tar       <Buffer 34 33 37 63 37 3a 28 29 3d 3e 71 65 2c 5f 5f 77 62 67 5f 69 6e 73 74 61 6e 63 65 6f 66 5f 50 72 6f 6d 69 73 65 5f 30 30 31 66 64 64 34 32 61 66 61 31 ... 3659 more bytes>
913 silly tar     ],
913 silly tar     Symbol(objectMode): false,
913 silly tar     Symbol(encoding): null,
913 silly tar     Symbol(async): false,
913 silly tar     Symbol(decoder): null,
913 silly tar     Symbol(EOF): false,
913 silly tar     Symbol(emittedEnd): false,
913 silly tar     Symbol(emittingEnd): false,
913 silly tar     Symbol(closed): false,
913 silly tar     Symbol(emittedError): null,
913 silly tar     Symbol(bufferLength): 3709,
913 silly tar     Symbol(destroyed): false,
913 silly tar     Symbol(signal): undefined,
913 silly tar     Symbol(aborted): false,
913 silly tar     Symbol(dataListeners): 0,
913 silly tar     Symbol(discarded): false
913 silly tar   },
913 silly tar   cwd: '/run/media/ttf/4D68CCA27FA538EE/immo_tul/backend/node_modules/@prisma/client',
913 silly tar   tarCode: 'TAR_ENTRY_ERROR'
913 silly tar }
914 warn tar TAR_ENTRY_ERROR ENOENT: no such file or directory, open '/run/media/ttf/4D68CCA27FA538EE/immo_tul/backend/node_modules/@prisma/client/runtime/query_engine_bg.postgresql.wasm-base64.js'
915 silly tar TAR_ENTRY_ERROR ENOENT: no such file or directory, open '/run/media/ttf/4D68CCA27FA538EE/immo_tul/backend/node_modules/@prisma/client/runtime/query_engine_bg.postgresql.wasm-base64.js' [Error: ENOENT: no such file or directory, open '/run/media/ttf/4D68CCA27FA538EE/immo_tul/backend/node_modules/@prisma/client/runtime/query_engine_bg.postgresql.wasm-base64.js'] {
915 silly tar   errno: -2,
915 silly tar   code: 'ENOENT',
915 silly tar   syscall: 'open',
915 silly tar   path: '/run/media/ttf/4D68CCA27FA538EE/immo_tul/backend/node_modules/@prisma/client/runtime/query_engine_bg.postgresql.wasm-base64.js',
915 silly tar   entry: ReadEntry {
915 silly tar     _events: [Object: null prototype] {
915 silly tar       end: [Function (anonymous)],
915 silly tar       drain: [Function]
915 silly tar     },
915 silly tar     _eventsCount: 2,
915 silly tar     _maxListeners: undefined,
915 silly tar     writable: true,
915 silly tar     readable: true,
915 silly tar     extended: null,
915 silly tar     globalExtended: null,
915 silly tar     header: Header {
915 silly tar       cksumValid: true,
915 silly tar       needPax: false,
915 silly tar       nullBlock: false,
915 silly tar       block: null,
915 silly tar       path: 'package/runtime/query_engine_bg.postgresql.wasm-base64.js',
915 silly tar       mode: 420,
915 silly tar       uid: 0,
915 silly tar       gid: 0,
915 silly tar       size: 3063511,
915 silly tar       mtime: 1985-10-26T08:15:00.000Z,
915 silly tar       cksum: 9394,
915 silly tar       linkpath: '',
915 silly tar       uname: '',
915 silly tar       gname: '',
915 silly tar       devmaj: 0,
915 silly tar       devmin: 0,
915 silly tar       atime: null,
915 silly tar       ctime: null,
915 silly tar       Symbol(type): '0'
915 silly tar     },
915 silly tar     startBlockSize: 3063808,
915 silly tar     blockRemain: 3036571,
915 silly tar     remain: 3036274,
915 silly tar     type: 'File',
915 silly tar     meta: false,
915 silly tar     ignore: false,
915 silly tar     path: 'runtime/query_engine_bg.postgresql.wasm-base64.js',
915 silly tar     mode: 438,
915 silly tar     uid: 0,
915 silly tar     gid: 0,
915 silly tar     uname: '',
915 silly tar     gname: '',
915 silly tar     size: 3063511,
915 silly tar     mtime: 1985-10-26T08:15:00.000Z,
915 silly tar     atime: null,
915 silly tar     ctime: null,
915 silly tar     linkpath: '',
915 silly tar     absolute: '/run/media/ttf/4D68CCA27FA538EE/immo_tul/backend/node_modules/@prisma/client/runtime/query_engine_bg.postgresql.wasm-base64.js',
915 silly tar     Symbol(shapeMode): false,
915 silly tar     Symbol(kCapture): false,
915 silly tar     Symbol(flowing): false,
915 silly tar     Symbol(paused): true,
915 silly tar     Symbol(pipes): [ [Pipe] ],
915 silly tar     Symbol(buffer): [
915 silly tar       <Buffer 79 4a 66 58 33 64 69 5a 31 39 75 5a 58 64 66 62 6d 39 66 59 58 4a 6e 63 31 39 6c 5a 54 6b 34 5a 57 56 6c 4e 54 49 33 4e 54 41 77 4d 47 45 30 41 42 73 ... 16334 more bytes>,
915 silly tar       <Buffer 4a 59 78 74 41 69 56 4c 73 49 4e 74 7a 44 56 41 61 67 50 32 67 6d 54 4c 72 59 46 68 41 76 39 42 2b 45 42 74 7a 43 31 43 4b 45 4a 6c 6a 47 36 45 64 59 ... 6728 more bytes>
915 silly tar     ],
915 silly tar     Symbol(objectMode): false,
915 silly tar     Symbol(encoding): null,
915 silly tar     Symbol(async): false,
915 silly tar     Symbol(decoder): null,
915 silly tar     Symbol(EOF): false,
915 silly tar     Symbol(emittedEnd): false,
915 silly tar     Symbol(emittingEnd): false,
915 silly tar     Symbol(closed): false,
915 silly tar     Symbol(emittedError): null,
915 silly tar     Symbol(bufferLength): 23162,
915 silly tar     Symbol(destroyed): false,
915 silly tar     Symbol(signal): undefined,
915 silly tar     Symbol(aborted): false,
915 silly tar     Symbol(dataListeners): 0,
915 silly tar     Symbol(discarded): false
915 silly tar   },
915 silly tar   cwd: '/run/media/ttf/4D68CCA27FA538EE/immo_tul/backend/node_modules/@prisma/client',
915 silly tar   tarCode: 'TAR_ENTRY_ERROR'
915 silly tar }
916 warn tar TAR_ENTRY_ERROR ENOENT: no such file or directory, open '/run/media/ttf/4D68CCA27FA538EE/immo_tul/backend/node_modules/@prisma/client/runtime/query_engine_bg.sqlite.js'
917 silly tar TAR_ENTRY_ERROR ENOENT: no such file or directory, open '/run/media/ttf/4D68CCA27FA538EE/immo_tul/backend/node_modules/@prisma/client/runtime/query_engine_bg.sqlite.js' [Error: ENOENT: no such file or directory, open '/run/media/ttf/4D68CCA27FA538EE/immo_tul/backend/node_modules/@prisma/client/runtime/query_engine_bg.sqlite.js'] {
917 silly tar   errno: -2,
917 silly tar   code: 'ENOENT',
917 silly tar   syscall: 'open',
917 silly tar   path: '/run/media/ttf/4D68CCA27FA538EE/immo_tul/backend/node_modules/@prisma/client/runtime/query_engine_bg.sqlite.js',
917 silly tar   entry: ReadEntry {
917 silly tar     _events: [Object: null prototype] { end: [Function (anonymous)] },
917 silly tar     _eventsCount: 1,
917 silly tar     _maxListeners: undefined,
917 silly tar     writable: false,
917 silly tar     readable: true,
917 silly tar     extended: null,
917 silly tar     globalExtended: null,
917 silly tar     header: Header {
917 silly tar       cksumValid: true,
917 silly tar       needPax: false,
917 silly tar       nullBlock: false,
917 silly tar       block: null,
917 silly tar       path: 'package/runtime/query_engine_bg.sqlite.js',
917 silly tar       mode: 420,
917 silly tar       uid: 0,
917 silly tar       gid: 0,
917 silly tar       size: 16688,
917 silly tar       mtime: 1985-10-26T08:15:00.000Z,
917 silly tar       cksum: 7879,
917 silly tar       linkpath: '',
917 silly tar       uname: '',
917 silly tar       gname: '',
917 silly tar       devmaj: 0,
917 silly tar       devmin: 0,
917 silly tar       atime: null,
917 silly tar       ctime: null,
917 silly tar       Symbol(type): '0'
917 silly tar     },
917 silly tar     startBlockSize: 16896,
917 silly tar     blockRemain: 0,
917 silly tar     remain: 0,
917 silly tar     type: 'File',
917 silly tar     meta: false,
917 silly tar     ignore: false,
917 silly tar     path: 'runtime/query_engine_bg.sqlite.js',
917 silly tar     mode: 438,
917 silly tar     uid: 0,
917 silly tar     gid: 0,
917 silly tar     uname: '',
917 silly tar     gname: '',
917 silly tar     size: 16688,
917 silly tar     mtime: 1985-10-26T08:15:00.000Z,
917 silly tar     atime: null,
917 silly tar     ctime: null,
917 silly tar     linkpath: '',
917 silly tar     absolute: '/run/media/ttf/4D68CCA27FA538EE/immo_tul/backend/node_modules/@prisma/client/runtime/query_engine_bg.sqlite.js',
917 silly tar     Symbol(shapeMode): false,
917 silly tar     Symbol(kCapture): false,
917 silly tar     Symbol(flowing): false,
917 silly tar     Symbol(paused): true,
917 silly tar     Symbol(pipes): [ [Pipe] ],
917 silly tar     Symbol(buffer): [
917 silly tar       <Buffer 31 64 3a 28 29 3d 3e 69 74 2c 5f 5f 77 62 67 5f 73 65 74 5f 63 32 31 33 63 38 37 31 38 35 39 64 36 35 30 30 3a 28 29 3d 3e 73 74 2c 5f 5f 77 62 67 5f ... 13412 more bytes>
917 silly tar     ],
917 silly tar     Symbol(objectMode): false,
917 silly tar     Symbol(encoding): null,
917 silly tar     Symbol(async): false,
917 silly tar     Symbol(decoder): null,
917 silly tar     Symbol(EOF): true,
917 silly tar     Symbol(emittedEnd): false,
917 silly tar     Symbol(emittingEnd): false,
917 silly tar     Symbol(closed): false,
917 silly tar     Symbol(emittedError): null,
917 silly tar     Symbol(bufferLength): 13462,
917 silly tar     Symbol(destroyed): false,
917 silly tar     Symbol(signal): undefined,
917 silly tar     Symbol(aborted): false,
917 silly tar     Symbol(dataListeners): 0,
917 silly tar     Symbol(discarded): false
917 silly tar   },
917 silly tar   cwd: '/run/media/ttf/4D68CCA27FA538EE/immo_tul/backend/node_modules/@prisma/client',
917 silly tar   tarCode: 'TAR_ENTRY_ERROR'
917 silly tar }
918 warn tar TAR_ENTRY_ERROR ENOENT: no such file or directory, open '/run/media/ttf/4D68CCA27FA538EE/immo_tul/backend/node_modules/@prisma/client/runtime/query_engine_bg.sqlite.wasm-base64.js'
919 silly tar TAR_ENTRY_ERROR ENOENT: no such file or directory, open '/run/media/ttf/4D68CCA27FA538EE/immo_tul/backend/node_modules/@prisma/client/runtime/query_engine_bg.sqlite.wasm-base64.js' [Error: ENOENT: no such file or directory, open '/run/media/ttf/4D68CCA27FA538EE/immo_tul/backend/node_modules/@prisma/client/runtime/query_engine_bg.sqlite.wasm-base64.js'] {
919 silly tar   errno: -2,
919 silly tar   code: 'ENOENT',
919 silly tar   syscall: 'open',
919 silly tar   path: '/run/media/ttf/4D68CCA27FA538EE/immo_tul/backend/node_modules/@prisma/client/runtime/query_engine_bg.sqlite.wasm-base64.js',
919 silly tar   entry: ReadEntry {
919 silly tar     _events: [Object: null prototype] {
919 silly tar       end: [Function (anonymous)],
919 silly tar       drain: [Function]
919 silly tar     },
919 silly tar     _eventsCount: 2,
919 silly tar     _maxListeners: undefined,
919 silly tar     writable: true,
919 silly tar     readable: true,
919 silly tar     extended: null,
919 silly tar     globalExtended: null,
919 silly tar     header: Header {
919 silly tar       cksumValid: true,
919 silly tar       needPax: false,
919 silly tar       nullBlock: false,
919 silly tar       block: null,
919 silly tar       path: 'package/runtime/query_engine_bg.sqlite.wasm-base64.js',
919 silly tar       mode: 420,
919 silly tar       uid: 0,
919 silly tar       gid: 0,
919 silly tar       size: 2895111,
919 silly tar       mtime: 1985-10-26T08:15:00.000Z,
919 silly tar       cksum: 8936,
919 silly tar       linkpath: '',
919 silly tar       uname: '',
919 silly tar       gname: '',
919 silly tar       devmaj: 0,
919 silly tar       devmin: 0,
919 silly tar       atime: null,
919 silly tar       ctime: null,
919 silly tar       Symbol(type): '0'
919 silly tar     },
919 silly tar     startBlockSize: 2895360,
919 silly tar     blockRemain: 2881224,
919 silly tar     remain: 2880975,
919 silly tar     type: 'File',
919 silly tar     meta: false,
919 silly tar     ignore: false,
919 silly tar     path: 'runtime/query_engine_bg.sqlite.wasm-base64.js',
919 silly tar     mode: 438,
919 silly tar     uid: 0,
919 silly tar     gid: 0,
919 silly tar     uname: '',
919 silly tar     gname: '',
919 silly tar     size: 2895111,
919 silly tar     mtime: 1985-10-26T08:15:00.000Z,
919 silly tar     atime: null,
919 silly tar     ctime: null,
919 silly tar     linkpath: '',
919 silly tar     absolute: '/run/media/ttf/4D68CCA27FA538EE/immo_tul/backend/node_modules/@prisma/client/runtime/query_engine_bg.sqlite.wasm-base64.js',
919 silly tar     Symbol(shapeMode): false,
919 silly tar     Symbol(kCapture): false,
919 silly tar     Symbol(flowing): false,
919 silly tar     Symbol(paused): true,
919 silly tar     Symbol(pipes): [ [Pipe] ],
919 silly tar     Symbol(buffer): [
919 silly tar       <Buffer 63 6e 6c 66 5a 57 35 6e 61 57 35 6c 58 32 4a 6e 4c 6d 70 7a 48 31 39 66 64 32 4a 6e 58 32 6c 30 5a 58 4a 68 64 47 39 79 58 32 55 31 4f 44 49 79 4e 6a ... 11884 more bytes>
919 silly tar     ],
919 silly tar     Symbol(objectMode): false,
919 silly tar     Symbol(encoding): null,
919 silly tar     Symbol(async): false,
919 silly tar     Symbol(decoder): null,
919 silly tar     Symbol(EOF): false,
919 silly tar     Symbol(emittedEnd): false,
919 silly tar     Symbol(emittingEnd): false,
919 silly tar     Symbol(closed): false,
919 silly tar     Symbol(emittedError): null,
919 silly tar     Symbol(bufferLength): 11934,
919 silly tar     Symbol(destroyed): false,
919 silly tar     Symbol(signal): undefined,
919 silly tar     Symbol(aborted): false,
919 silly tar     Symbol(dataListeners): 0,
919 silly tar     Symbol(discarded): false
919 silly tar   },
919 silly tar   cwd: '/run/media/ttf/4D68CCA27FA538EE/immo_tul/backend/node_modules/@prisma/client',
919 silly tar   tarCode: 'TAR_ENTRY_ERROR'
919 silly tar }
920 warn tar TAR_ENTRY_ERROR ENOENT: no such file or directory, open '/run/media/ttf/4D68CCA27FA538EE/immo_tul/backend/node_modules/@prisma/client/runtime/query_engine_bg.sqlserver.js'
921 silly tar TAR_ENTRY_ERROR ENOENT: no such file or directory, open '/run/media/ttf/4D68CCA27FA538EE/immo_tul/backend/node_modules/@prisma/client/runtime/query_engine_bg.sqlserver.js' [Error: ENOENT: no such file or directory, open '/run/media/ttf/4D68CCA27FA538EE/immo_tul/backend/node_modules/@prisma/client/runtime/query_engine_bg.sqlserver.js'] {
921 silly tar   errno: -2,
921 silly tar   code: 'ENOENT',
921 silly tar   syscall: 'open',
921 silly tar   path: '/run/media/ttf/4D68CCA27FA538EE/immo_tul/backend/node_modules/@prisma/client/runtime/query_engine_bg.sqlserver.js',
921 silly tar   entry: ReadEntry {
921 silly tar     _events: [Object: null prototype] { end: [Function (anonymous)] },
921 silly tar     _eventsCount: 1,
921 silly tar     _maxListeners: undefined,
921 silly tar     writable: false,
921 silly tar     readable: true,
921 silly tar     extended: null,
921 silly tar     globalExtended: null,
921 silly tar     header: Header {
921 silly tar       cksumValid: true,
921 silly tar       needPax: false,
921 silly tar       nullBlock: false,
921 silly tar       block: null,
921 silly tar       path: 'package/runtime/query_engine_bg.sqlserver.js',
921 silly tar       mode: 420,
921 silly tar       uid: 0,
921 silly tar       gid: 0,
921 silly tar       size: 16688,
921 silly tar       mtime: 1985-10-26T08:15:00.000Z,
921 silly tar       cksum: 8220,
921 silly tar       linkpath: '',
921 silly tar       uname: '',
921 silly tar       gname: '',
921 silly tar       devmaj: 0,
921 silly tar       devmin: 0,
921 silly tar       atime: null,
921 silly tar       ctime: null,
921 silly tar       Symbol(type): '0'
921 silly tar     },
921 silly tar     startBlockSize: 16896,
921 silly tar     blockRemain: 0,
921 silly tar     remain: 0,
921 silly tar     type: 'File',
921 silly tar     meta: false,
921 silly tar     ignore: false,
921 silly tar     path: 'runtime/query_engine_bg.sqlserver.js',
921 silly tar     mode: 438,
921 silly tar     uid: 0,
921 silly tar     gid: 0,
921 silly tar     uname: '',
921 silly tar     gname: '',
921 silly tar     size: 16688,
921 silly tar     mtime: 1985-10-26T08:15:00.000Z,
921 silly tar     atime: null,
921 silly tar     ctime: null,
921 silly tar     linkpath: '',
921 silly tar     absolute: '/run/media/ttf/4D68CCA27FA538EE/immo_tul/backend/node_modules/@prisma/client/runtime/query_engine_bg.sqlserver.js',
921 silly tar     Symbol(shapeMode): false,
921 silly tar     Symbol(kCapture): false,
921 silly tar     Symbol(flowing): false,
921 silly tar     Symbol(paused): true,
921 silly tar     Symbol(pipes): [ [Pipe] ],
921 silly tar     Symbol(buffer): [
921 silly tar       <Buffer 3e 68 65 2c 5f 5f 77 62 67 5f 67 65 74 5f 65 66 63 62 34 34 39 66 35 38 65 63 32 37 63 32 3a 28 29 3d 3e 54 65 2c 5f 5f 77 62 67 5f 67 65 74 5f 77 69 ... 14975 more bytes>
921 silly tar     ],
921 silly tar     Symbol(objectMode): false,
921 silly tar     Symbol(encoding): null,
921 silly tar     Symbol(async): false,
921 silly tar     Symbol(decoder): null,
921 silly tar     Symbol(EOF): true,
921 silly tar     Symbol(emittedEnd): false,
921 silly tar     Symbol(emittingEnd): false,
921 silly tar     Symbol(closed): false,
921 silly tar     Symbol(emittedError): null,
921 silly tar     Symbol(bufferLength): 15025,
921 silly tar     Symbol(destroyed): false,
921 silly tar     Symbol(signal): undefined,
921 silly tar     Symbol(aborted): false,
921 silly tar     Symbol(dataListeners): 0,
921 silly tar     Symbol(discarded): false
921 silly tar   },
921 silly tar   cwd: '/run/media/ttf/4D68CCA27FA538EE/immo_tul/backend/node_modules/@prisma/client',
921 silly tar   tarCode: 'TAR_ENTRY_ERROR'
921 silly tar }
922 warn tar TAR_ENTRY_ERROR ENOENT: no such file or directory, open '/run/media/ttf/4D68CCA27FA538EE/immo_tul/backend/node_modules/@prisma/client/runtime/query_engine_bg.sqlserver.wasm-base64.js'
923 silly tar TAR_ENTRY_ERROR ENOENT: no such file or directory, open '/run/media/ttf/4D68CCA27FA538EE/immo_tul/backend/node_modules/@prisma/client/runtime/query_engine_bg.sqlserver.wasm-base64.js' [Error: ENOENT: no such file or directory, open '/run/media/ttf/4D68CCA27FA538EE/immo_tul/backend/node_modules/@prisma/client/runtime/query_engine_bg.sqlserver.wasm-base64.js'] {
923 silly tar   errno: -2,
923 silly tar   code: 'ENOENT',
923 silly tar   syscall: 'open',
923 silly tar   path: '/run/media/ttf/4D68CCA27FA538EE/immo_tul/backend/node_modules/@prisma/client/runtime/query_engine_bg.sqlserver.wasm-base64.js',
923 silly tar   entry: ReadEntry {
923 silly tar     _events: [Object: null prototype] {
923 silly tar       end: [Function (anonymous)],
923 silly tar       drain: [Function]
923 silly tar     },
923 silly tar     _eventsCount: 2,
923 silly tar     _maxListeners: undefined,
923 silly tar     writable: true,
923 silly tar     readable: true,
923 silly tar     extended: null,
923 silly tar     globalExtended: null,
923 silly tar     header: Header {
923 silly tar       cksumValid: true,
923 silly tar       needPax: false,
923 silly tar       nullBlock: false,
923 silly tar       block: null,
923 silly tar       path: 'package/runtime/query_engine_bg.sqlserver.wasm-base64.js',
923 silly tar       mode: 420,
923 silly tar       uid: 0,
923 silly tar       gid: 0,
923 silly tar       size: 2977159,
923 silly tar       mtime: 1985-10-26T08:15:00.000Z,
923 silly tar       cksum: 9285,
923 silly tar       linkpath: '',
923 silly tar       uname: '',
923 silly tar       gname: '',
923 silly tar       devmaj: 0,
923 silly tar       devmin: 0,
923 silly tar       atime: null,
923 silly tar       ctime: null,
923 silly tar       Symbol(type): '0'
923 silly tar     },
923 silly tar     startBlockSize: 2977280,
923 silly tar     blockRemain: 2965046,
923 silly tar     remain: 2964925,
923 silly tar     type: 'File',
923 silly tar     meta: false,
923 silly tar     ignore: false,
923 silly tar     path: 'runtime/query_engine_bg.sqlserver.wasm-base64.js',
923 silly tar     mode: 438,
923 silly tar     uid: 0,
923 silly tar     gid: 0,
923 silly tar     uname: '',
923 silly tar     gname: '',
923 silly tar     size: 2977159,
923 silly tar     mtime: 1985-10-26T08:15:00.000Z,
923 silly tar     atime: null,
923 silly tar     ctime: null,
923 silly tar     linkpath: '',
923 silly tar     absolute: '/run/media/ttf/4D68CCA27FA538EE/immo_tul/backend/node_modules/@prisma/client/runtime/query_engine_bg.sqlserver.wasm-base64.js',
923 silly tar     Symbol(shapeMode): false,
923 silly tar     Symbol(kCapture): false,
923 silly tar     Symbol(flowing): false,
923 silly tar     Symbol(paused): true,
923 silly tar     Symbol(pipes): [ [Pipe] ],
923 silly tar     Symbol(buffer): [
923 silly tar       <Buffer 58 39 67 41 6e 35 2f 41 58 39 67 41 58 77 42 66 32 41 46 66 33 39 2f 66 33 38 42 62 32 41 44 66 33 39 2f 41 57 39 67 41 41 4e 2f 66 33 39 67 41 41 4a ... 11545 more bytes>
923 silly tar     ],
923 silly tar     Symbol(objectMode): false,
923 silly tar     Symbol(encoding): null,
923 silly tar     Symbol(async): false,
923 silly tar     Symbol(decoder): null,
923 silly tar     Symbol(EOF): false,
923 silly tar     Symbol(emittedEnd): false,
923 silly tar     Symbol(emittingEnd): false,
923 silly tar     Symbol(closed): false,
923 silly tar     Symbol(emittedError): null,
923 silly tar     Symbol(bufferLength): 11595,
923 silly tar     Symbol(destroyed): false,
923 silly tar     Symbol(signal): undefined,
923 silly tar     Symbol(aborted): false,
923 silly tar     Symbol(dataListeners): 0,
923 silly tar     Symbol(discarded): false
923 silly tar   },
923 silly tar   cwd: '/run/media/ttf/4D68CCA27FA538EE/immo_tul/backend/node_modules/@prisma/client',
923 silly tar   tarCode: 'TAR_ENTRY_ERROR'
923 silly tar }
924 warn tar TAR_ENTRY_ERROR ENOENT: no such file or directory, open '/run/media/ttf/4D68CCA27FA538EE/immo_tul/backend/node_modules/@prisma/client/react-native.js'
925 silly tar TAR_ENTRY_ERROR ENOENT: no such file or directory, open '/run/media/ttf/4D68CCA27FA538EE/immo_tul/backend/node_modules/@prisma/client/react-native.js' [Error: ENOENT: no such file or directory, open '/run/media/ttf/4D68CCA27FA538EE/immo_tul/backend/node_modules/@prisma/client/react-native.js'] {
925 silly tar   errno: -2,
925 silly tar   code: 'ENOENT',
925 silly tar   syscall: 'open',
925 silly tar   path: '/run/media/ttf/4D68CCA27FA538EE/immo_tul/backend/node_modules/@prisma/client/react-native.js',
925 silly tar   entry: ReadEntry {
925 silly tar     _events: [Object: null prototype] {},
925 silly tar     _eventsCount: 0,
925 silly tar     _maxListeners: undefined,
925 silly tar     writable: false,
925 silly tar     readable: false,
925 silly tar     extended: null,
925 silly tar     globalExtended: null,
925 silly tar     header: Header {
925 silly tar       cksumValid: true,
925 silly tar       needPax: false,
925 silly tar       nullBlock: false,
925 silly tar       block: null,
925 silly tar       path: 'package/react-native.js',
925 silly tar       mode: 420,
925 silly tar       uid: 0,
925 silly tar       gid: 0,
925 silly tar       size: 66,
925 silly tar       mtime: 1985-10-26T08:15:00.000Z,
925 silly tar       cksum: 5977,
925 silly tar       linkpath: '',
925 silly tar       uname: '',
925 silly tar       gname: '',
925 silly tar       devmaj: 0,
925 silly tar       devmin: 0,
925 silly tar       atime: null,
925 silly tar       ctime: null,
925 silly tar       Symbol(type): '0'
925 silly tar     },
925 silly tar     startBlockSize: 512,
925 silly tar     blockRemain: 0,
925 silly tar     remain: 0,
925 silly tar     type: 'File',
925 silly tar     meta: false,
925 silly tar     ignore: false,
925 silly tar     path: 'react-native.js',
925 silly tar     mode: 438,
925 silly tar     uid: 0,
925 silly tar     gid: 0,
925 silly tar     uname: '',
925 silly tar     gname: '',
925 silly tar     size: 66,
925 silly tar     mtime: 1985-10-26T08:15:00.000Z,
925 silly tar     atime: null,
925 silly tar     ctime: null,
925 silly tar     linkpath: '',
925 silly tar     absolute: '/run/media/ttf/4D68CCA27FA538EE/immo_tul/backend/node_modules/@prisma/client/react-native.js',
925 silly tar     Symbol(shapeMode): false,
925 silly tar     Symbol(kCapture): false,
925 silly tar     Symbol(flowing): false,
925 silly tar     Symbol(paused): true,
925 silly tar     Symbol(pipes): [ [Pipe] ],
925 silly tar     Symbol(buffer): [],
925 silly tar     Symbol(objectMode): false,
925 silly tar     Symbol(encoding): null,
925 silly tar     Symbol(async): false,
925 silly tar     Symbol(decoder): null,
925 silly tar     Symbol(EOF): true,
925 silly tar     Symbol(emittedEnd): true,
925 silly tar     Symbol(emittingEnd): false,
925 silly tar     Symbol(closed): false,
925 silly tar     Symbol(emittedError): null,
925 silly tar     Symbol(bufferLength): 0,
925 silly tar     Symbol(destroyed): false,
925 silly tar     Symbol(signal): undefined,
925 silly tar     Symbol(aborted): false,
925 silly tar     Symbol(dataListeners): 0,
925 silly tar     Symbol(discarded): false
925 silly tar   },
925 silly tar   cwd: '/run/media/ttf/4D68CCA27FA538EE/immo_tul/backend/node_modules/@prisma/client',
925 silly tar   tarCode: 'TAR_ENTRY_ERROR'
925 silly tar }
926 warn tar TAR_ENTRY_ERROR ENOENT: no such file or directory, open '/run/media/ttf/4D68CCA27FA538EE/immo_tul/backend/node_modules/@prisma/client/runtime/react-native.js'
927 silly tar TAR_ENTRY_ERROR ENOENT: no such file or directory, open '/run/media/ttf/4D68CCA27FA538EE/immo_tul/backend/node_modules/@prisma/client/runtime/react-native.js' [Error: ENOENT: no such file or directory, open '/run/media/ttf/4D68CCA27FA538EE/immo_tul/backend/node_modules/@prisma/client/runtime/react-native.js'] {
927 silly tar   errno: -2,
927 silly tar   code: 'ENOENT',
927 silly tar   syscall: 'open',
927 silly tar   path: '/run/media/ttf/4D68CCA27FA538EE/immo_tul/backend/node_modules/@prisma/client/runtime/react-native.js',
927 silly tar   entry: ReadEntry {
927 silly tar     _events: [Object: null prototype] {
927 silly tar       end: [Function (anonymous)],
927 silly tar       drain: [Function]
927 silly tar     },
927 silly tar     _eventsCount: 2,
927 silly tar     _maxListeners: undefined,
927 silly tar     writable: true,
927 silly tar     readable: true,
927 silly tar     extended: null,
927 silly tar     globalExtended: null,
927 silly tar     header: Header {
927 silly tar       cksumValid: true,
927 silly tar       needPax: false,
927 silly tar       nullBlock: false,
927 silly tar       block: null,
927 silly tar       path: 'package/runtime/react-native.js',
927 silly tar       mode: 420,
927 silly tar       uid: 0,
927 silly tar       gid: 0,
927 silly tar       size: 182533,
927 silly tar       mtime: 1985-10-26T08:15:00.000Z,
927 silly tar       cksum: 6815,
927 silly tar       linkpath: '',
927 silly tar       uname: '',
927 silly tar       gname: '',
927 silly tar       devmaj: 0,
927 silly tar       devmin: 0,
927 silly tar       atime: null,
927 silly tar       ctime: null,
927 silly tar       Symbol(type): '0'
927 silly tar     },
927 silly tar     startBlockSize: 182784,
927 silly tar     blockRemain: 152124,
927 silly tar     remain: 151873,
927 silly tar     type: 'File',
927 silly tar     meta: false,
927 silly tar     ignore: false,
927 silly tar     path: 'runtime/react-native.js',
927 silly tar     mode: 438,
927 silly tar     uid: 0,
927 silly tar     gid: 0,
927 silly tar     uname: '',
927 silly tar     gname: '',
927 silly tar     size: 182533,
927 silly tar     mtime: 1985-10-26T08:15:00.000Z,
927 silly tar     atime: null,
927 silly tar     ctime: null,
927 silly tar     linkpath: '',
927 silly tar     absolute: '/run/media/ttf/4D68CCA27FA538EE/immo_tul/backend/node_modules/@prisma/client/runtime/react-native.js',
927 silly tar     Symbol(shapeMode): false,
927 silly tar     Symbol(kCapture): false,
927 silly tar     Symbol(flowing): false,
927 silly tar     Symbol(paused): true,
927 silly tar     Symbol(pipes): [ [Pipe] ],
927 silly tar     Symbol(buffer): [
927 silly tar       <Buffer 6e 67 2e 66 72 6f 6d 43 68 61 72 43 6f 64 65 28 6e 5b 6f 5d 2b 6e 5b 6f 2b 31 5d 2a 32 35 36 29 3b 72 65 74 75 72 6e 20 69 7d 41 2e 70 72 6f 74 6f 74 ... 14936 more bytes>
927 silly tar     ],
927 silly tar     Symbol(objectMode): false,
927 silly tar     Symbol(encoding): null,
927 silly tar     Symbol(async): false,
927 silly tar     Symbol(decoder): null,
927 silly tar     Symbol(EOF): false,
927 silly tar     Symbol(emittedEnd): false,
927 silly tar     Symbol(emittingEnd): false,
927 silly tar     Symbol(closed): false,
927 silly tar     Symbol(emittedError): null,
927 silly tar     Symbol(bufferLength): 14986,
927 silly tar     Symbol(destroyed): false,
927 silly tar     Symbol(signal): undefined,
927 silly tar     Symbol(aborted): false,
927 silly tar     Symbol(dataListeners): 0,
927 silly tar     Symbol(discarded): false
927 silly tar   },
927 silly tar   cwd: '/run/media/ttf/4D68CCA27FA538EE/immo_tul/backend/node_modules/@prisma/client',
927 silly tar   tarCode: 'TAR_ENTRY_ERROR'
927 silly tar }
928 warn tar TAR_ENTRY_ERROR ENOENT: no such file or directory, open '/run/media/ttf/4D68CCA27FA538EE/immo_tul/backend/node_modules/@prisma/client/sql.js'
929 silly tar TAR_ENTRY_ERROR ENOENT: no such file or directory, open '/run/media/ttf/4D68CCA27FA538EE/immo_tul/backend/node_modules/@prisma/client/sql.js' [Error: ENOENT: no such file or directory, open '/run/media/ttf/4D68CCA27FA538EE/immo_tul/backend/node_modules/@prisma/client/sql.js'] {
929 silly tar   errno: -2,
929 silly tar   code: 'ENOENT',
929 silly tar   syscall: 'open',
929 silly tar   path: '/run/media/ttf/4D68CCA27FA538EE/immo_tul/backend/node_modules/@prisma/client/sql.js',
929 silly tar   entry: ReadEntry {
929 silly tar     _events: [Object: null prototype] {},
929 silly tar     _eventsCount: 0,
929 silly tar     _maxListeners: undefined,
929 silly tar     writable: false,
929 silly tar     readable: false,
929 silly tar     extended: null,
929 silly tar     globalExtended: null,
929 silly tar     header: Header {
929 silly tar       cksumValid: true,
929 silly tar       needPax: false,
929 silly tar       nullBlock: false,
929 silly tar       block: null,
929 silly tar       path: 'package/sql.js',
929 silly tar       mode: 420,
929 silly tar       uid: 0,
929 silly tar       gid: 0,
929 silly tar       size: 70,
929 silly tar       mtime: 1985-10-26T08:15:00.000Z,
929 silly tar       cksum: 5098,
929 silly tar       linkpath: '',
929 silly tar       uname: '',
929 silly tar       gname: '',
929 silly tar       devmaj: 0,
929 silly tar       devmin: 0,
929 silly tar       atime: null,
929 silly tar       ctime: null,
929 silly tar       Symbol(type): '0'
929 silly tar     },
929 silly tar     startBlockSize: 512,
929 silly tar     blockRemain: 0,
929 silly tar     remain: 0,
929 silly tar     type: 'File',
929 silly tar     meta: false,
929 silly tar     ignore: false,
929 silly tar     path: 'sql.js',
929 silly tar     mode: 438,
929 silly tar     uid: 0,
929 silly tar     gid: 0,
929 silly tar     uname: '',
929 silly tar     gname: '',
929 silly tar     size: 70,
929 silly tar     mtime: 1985-10-26T08:15:00.000Z,
929 silly tar     atime: null,
929 silly tar     ctime: null,
929 silly tar     linkpath: '',
929 silly tar     absolute: '/run/media/ttf/4D68CCA27FA538EE/immo_tul/backend/node_modules/@prisma/client/sql.js',
929 silly tar     Symbol(shapeMode): false,
929 silly tar     Symbol(kCapture): false,
929 silly tar     Symbol(flowing): false,
929 silly tar     Symbol(paused): true,
929 silly tar     Symbol(pipes): [ [Pipe] ],
929 silly tar     Symbol(buffer): [],
929 silly tar     Symbol(objectMode): false,
929 silly tar     Symbol(encoding): null,
929 silly tar     Symbol(async): false,
929 silly tar     Symbol(decoder): null,
929 silly tar     Symbol(EOF): true,
929 silly tar     Symbol(emittedEnd): true,
929 silly tar     Symbol(emittingEnd): false,
929 silly tar     Symbol(closed): false,
929 silly tar     Symbol(emittedError): null,
929 silly tar     Symbol(bufferLength): 0,
929 silly tar     Symbol(destroyed): false,
929 silly tar     Symbol(signal): undefined,
929 silly tar     Symbol(aborted): false,
929 silly tar     Symbol(dataListeners): 0,
929 silly tar     Symbol(discarded): false
929 silly tar   },
929 silly tar   cwd: '/run/media/ttf/4D68CCA27FA538EE/immo_tul/backend/node_modules/@prisma/client',
929 silly tar   tarCode: 'TAR_ENTRY_ERROR'
929 silly tar }
930 warn tar TAR_ENTRY_ERROR ENOENT: no such file or directory, open '/run/media/ttf/4D68CCA27FA538EE/immo_tul/backend/node_modules/@prisma/client/runtime/wasm-compiler-edge.js'
931 silly tar TAR_ENTRY_ERROR ENOENT: no such file or directory, open '/run/media/ttf/4D68CCA27FA538EE/immo_tul/backend/node_modules/@prisma/client/runtime/wasm-compiler-edge.js' [Error: ENOENT: no such file or directory, open '/run/media/ttf/4D68CCA27FA538EE/immo_tul/backend/node_modules/@prisma/client/runtime/wasm-compiler-edge.js'] {
931 silly tar   errno: -2,
931 silly tar   code: 'ENOENT',
931 silly tar   syscall: 'open',
931 silly tar   path: '/run/media/ttf/4D68CCA27FA538EE/immo_tul/backend/node_modules/@prisma/client/runtime/wasm-compiler-edge.js',
931 silly tar   entry: ReadEntry {
931 silly tar     _events: [Object: null prototype] {
931 silly tar       end: [Function (anonymous)],
931 silly tar       drain: [Function]
931 silly tar     },
931 silly tar     _eventsCount: 2,
931 silly tar     _maxListeners: undefined,
931 silly tar     writable: true,
931 silly tar     readable: true,
931 silly tar     extended: null,
931 silly tar     globalExtended: null,
931 silly tar     header: Header {
931 silly tar       cksumValid: true,
931 silly tar       needPax: false,
931 silly tar       nullBlock: false,
931 silly tar       block: null,
931 silly tar       path: 'package/runtime/wasm-compiler-edge.js',
931 silly tar       mode: 420,
931 silly tar       uid: 0,
931 silly tar       gid: 0,
931 silly tar       size: 206856,
931 silly tar       mtime: 1985-10-26T08:15:00.000Z,
931 silly tar       cksum: 7381,
931 silly tar       linkpath: '',
931 silly tar       uname: '',
931 silly tar       gname: '',
931 silly tar       devmaj: 0,
931 silly tar       devmin: 0,
931 silly tar       atime: null,
931 silly tar       ctime: null,
931 silly tar       Symbol(type): '0'
931 silly tar     },
931 silly tar     startBlockSize: 207360,
931 silly tar     blockRemain: 164746,
931 silly tar     remain: 164242,
931 silly tar     type: 'File',
931 silly tar     meta: false,
931 silly tar     ignore: false,
931 silly tar     path: 'runtime/wasm-compiler-edge.js',
931 silly tar     mode: 438,
931 silly tar     uid: 0,
931 silly tar     gid: 0,
931 silly tar     uname: '',
931 silly tar     gname: '',
931 silly tar     size: 206856,
931 silly tar     mtime: 1985-10-26T08:15:00.000Z,
931 silly tar     atime: null,
931 silly tar     ctime: null,
931 silly tar     linkpath: '',
931 silly tar     absolute: '/run/media/ttf/4D68CCA27FA538EE/immo_tul/backend/node_modules/@prisma/client/runtime/wasm-compiler-edge.js',
931 silly tar     Symbol(shapeMode): false,
931 silly tar     Symbol(kCapture): false,
931 silly tar     Symbol(flowing): false,
931 silly tar     Symbol(paused): true,
931 silly tar     Symbol(pipes): [ [Pipe] ],
931 silly tar     Symbol(buffer): [
931 silly tar       <Buffer 69 66 28 74 3e 65 2e 4c 4e 31 30 2e 73 64 28 29 29 74 68 72 6f 77 20 57 3d 21 30 2c 72 26 26 28 65 2e 70 72 65 63 69 73 69 6f 6e 3d 72 29 2c 45 72 72 ... 16334 more bytes>,
931 silly tar       <Buffer 68 69 73 2e 23 65 3d 74 7d 75 70 64 61 74 65 28 74 29 7b 74 68 69 73 2e 23 74 2e 70 75 73 68 28 74 29 7d 61 73 79 6e 63 20 64 69 67 65 73 74 28 29 7b ... 13902 more bytes>
931 silly tar     ],
931 silly tar     Symbol(objectMode): false,
931 silly tar     Symbol(encoding): null,
931 silly tar     Symbol(async): false,
931 silly tar     Symbol(decoder): null,
931 silly tar     Symbol(EOF): false,
931 silly tar     Symbol(emittedEnd): false,
931 silly tar     Symbol(emittingEnd): false,
931 silly tar     Symbol(closed): false,
931 silly tar     Symbol(emittedError): null,
931 silly tar     Symbol(bufferLength): 30336,
931 silly tar     Symbol(destroyed): false,
931 silly tar     Symbol(signal): undefined,
931 silly tar     Symbol(aborted): false,
931 silly tar     Symbol(dataListeners): 0,
931 silly tar     Symbol(discarded): false
931 silly tar   },
931 silly tar   cwd: '/run/media/ttf/4D68CCA27FA538EE/immo_tul/backend/node_modules/@prisma/client',
931 silly tar   tarCode: 'TAR_ENTRY_ERROR'
931 silly tar }
932 warn tar TAR_ENTRY_ERROR ENOENT: no such file or directory, open '/run/media/ttf/4D68CCA27FA538EE/immo_tul/backend/node_modules/@prisma/client/runtime/wasm-engine-edge.js'
933 silly tar TAR_ENTRY_ERROR ENOENT: no such file or directory, open '/run/media/ttf/4D68CCA27FA538EE/immo_tul/backend/node_modules/@prisma/client/runtime/wasm-engine-edge.js' [Error: ENOENT: no such file or directory, open '/run/media/ttf/4D68CCA27FA538EE/immo_tul/backend/node_modules/@prisma/client/runtime/wasm-engine-edge.js'] {
933 silly tar   errno: -2,
933 silly tar   code: 'ENOENT',
933 silly tar   syscall: 'open',
933 silly tar   path: '/run/media/ttf/4D68CCA27FA538EE/immo_tul/backend/node_modules/@prisma/client/runtime/wasm-engine-edge.js',
933 silly tar   entry: ReadEntry {
933 silly tar     _events: [Object: null prototype] { end: [Function (anonymous)] },
933 silly tar     _eventsCount: 1,
933 silly tar     _maxListeners: undefined,
933 silly tar     writable: true,
933 silly tar     readable: true,
933 silly tar     extended: null,
933 silly tar     globalExtended: null,
933 silly tar     header: Header {
933 silly tar       cksumValid: true,
933 silly tar       needPax: false,
933 silly tar       nullBlock: false,
933 silly tar       block: null,
933 silly tar       path: 'package/runtime/wasm-engine-edge.js',
933 silly tar       mode: 420,
933 silly tar       uid: 0,
933 silly tar       gid: 0,
933 silly tar       size: 147270,
933 silly tar       mtime: 1985-10-26T08:15:00.000Z,
933 silly tar       cksum: 7164,
933 silly tar       linkpath: '',
933 silly tar       uname: '',
933 silly tar       gname: '',
933 silly tar       devmaj: 0,
933 silly tar       devmin: 0,
933 silly tar       atime: null,
933 silly tar       ctime: null,
933 silly tar       Symbol(type): '0'
933 silly tar     },
933 silly tar     startBlockSize: 147456,
933 silly tar     blockRemain: 147456,
933 silly tar     remain: 147270,
933 silly tar     type: 'File',
933 silly tar     meta: false,
933 silly tar     ignore: false,
933 silly tar     path: 'runtime/wasm-engine-edge.js',
933 silly tar     mode: 438,
933 silly tar     uid: 0,
933 silly tar     gid: 0,
933 silly tar     uname: '',
933 silly tar     gname: '',
933 silly tar     size: 147270,
933 silly tar     mtime: 1985-10-26T08:15:00.000Z,
933 silly tar     atime: null,
933 silly tar     ctime: null,
933 silly tar     linkpath: '',
933 silly tar     absolute: '/run/media/ttf/4D68CCA27FA538EE/immo_tul/backend/node_modules/@prisma/client/runtime/wasm-engine-edge.js',
933 silly tar     Symbol(shapeMode): false,
933 silly tar     Symbol(kCapture): false,
933 silly tar     Symbol(flowing): true,
933 silly tar     Symbol(paused): false,
933 silly tar     Symbol(pipes): [ [Pipe] ],
933 silly tar     Symbol(buffer): [],
933 silly tar     Symbol(objectMode): false,
933 silly tar     Symbol(encoding): null,
933 silly tar     Symbol(async): false,
933 silly tar     Symbol(decoder): null,
933 silly tar     Symbol(EOF): false,
933 silly tar     Symbol(emittedEnd): false,
933 silly tar     Symbol(emittingEnd): false,
933 silly tar     Symbol(closed): false,
933 silly tar     Symbol(emittedError): null,
933 silly tar     Symbol(bufferLength): 0,
933 silly tar     Symbol(destroyed): false,
933 silly tar     Symbol(signal): undefined,
933 silly tar     Symbol(aborted): false,
933 silly tar     Symbol(dataListeners): 0,
933 silly tar     Symbol(discarded): false
933 silly tar   },
933 silly tar   cwd: '/run/media/ttf/4D68CCA27FA538EE/immo_tul/backend/node_modules/@prisma/client',
933 silly tar   tarCode: 'TAR_ENTRY_ERROR'
933 silly tar }
934 warn tar TAR_ENTRY_ERROR ENOENT: no such file or directory, open '/run/media/ttf/4D68CCA27FA538EE/immo_tul/backend/node_modules/@prisma/client/wasm.js'
935 silly tar TAR_ENTRY_ERROR ENOENT: no such file or directory, open '/run/media/ttf/4D68CCA27FA538EE/immo_tul/backend/node_modules/@prisma/client/wasm.js' [Error: ENOENT: no such file or directory, open '/run/media/ttf/4D68CCA27FA538EE/immo_tul/backend/node_modules/@prisma/client/wasm.js'] {
935 silly tar   errno: -2,
935 silly tar   code: 'ENOENT',
935 silly tar   syscall: 'open',
935 silly tar   path: '/run/media/ttf/4D68CCA27FA538EE/immo_tul/backend/node_modules/@prisma/client/wasm.js',
935 silly tar   entry: ReadEntry {
935 silly tar     _events: [Object: null prototype] {},
935 silly tar     _eventsCount: 0,
935 silly tar     _maxListeners: undefined,
935 silly tar     writable: false,
935 silly tar     readable: false,
935 silly tar     extended: null,
935 silly tar     globalExtended: null,
935 silly tar     header: Header {
935 silly tar       cksumValid: true,
935 silly tar       needPax: false,
935 silly tar       nullBlock: false,
935 silly tar       block: null,
935 silly tar       path: 'package/wasm.js',
935 silly tar       mode: 420,
935 silly tar       uid: 0,
935 silly tar       gid: 0,
935 silly tar       size: 107,
935 silly tar       mtime: 1985-10-26T08:15:00.000Z,
935 silly tar       cksum: 5204,
935 silly tar       linkpath: '',
935 silly tar       uname: '',
935 silly tar       gname: '',
935 silly tar       devmaj: 0,
935 silly tar       devmin: 0,
935 silly tar       atime: null,
935 silly tar       ctime: null,
935 silly tar       Symbol(type): '0'
935 silly tar     },
935 silly tar     startBlockSize: 512,
935 silly tar     blockRemain: 0,
935 silly tar     remain: 0,
935 silly tar     type: 'File',
935 silly tar     meta: false,
935 silly tar     ignore: false,
935 silly tar     path: 'wasm.js',
935 silly tar     mode: 438,
935 silly tar     uid: 0,
935 silly tar     gid: 0,
935 silly tar     uname: '',
935 silly tar     gname: '',
935 silly tar     size: 107,
935 silly tar     mtime: 1985-10-26T08:15:00.000Z,
935 silly tar     atime: null,
935 silly tar     ctime: null,
935 silly tar     linkpath: '',
935 silly tar     absolute: '/run/media/ttf/4D68CCA27FA538EE/immo_tul/backend/node_modules/@prisma/client/wasm.js',
935 silly tar     Symbol(shapeMode): false,
935 silly tar     Symbol(kCapture): false,
935 silly tar     Symbol(flowing): false,
935 silly tar     Symbol(paused): true,
935 silly tar     Symbol(pipes): [ [Pipe] ],
935 silly tar     Symbol(buffer): [],
935 silly tar     Symbol(objectMode): false,
935 silly tar     Symbol(encoding): null,
935 silly tar     Symbol(async): false,
935 silly tar     Symbol(decoder): null,
935 silly tar     Symbol(EOF): true,
935 silly tar     Symbol(emittedEnd): true,
935 silly tar     Symbol(emittingEnd): false,
935 silly tar     Symbol(closed): false,
935 silly tar     Symbol(emittedError): null,
935 silly tar     Symbol(bufferLength): 0,
935 silly tar     Symbol(destroyed): false,
935 silly tar     Symbol(signal): undefined,
935 silly tar     Symbol(aborted): false,
935 silly tar     Symbol(dataListeners): 0,
935 silly tar     Symbol(discarded): false
935 silly tar   },
935 silly tar   cwd: '/run/media/ttf/4D68CCA27FA538EE/immo_tul/backend/node_modules/@prisma/client',
935 silly tar   tarCode: 'TAR_ENTRY_ERROR'
935 silly tar }
936 warn tar TAR_ENTRY_ERROR ENOENT: no such file or directory, open '/run/media/ttf/4D68CCA27FA538EE/immo_tul/backend/node_modules/@prisma/client/package.json'
937 silly tar TAR_ENTRY_ERROR ENOENT: no such file or directory, open '/run/media/ttf/4D68CCA27FA538EE/immo_tul/backend/node_modules/@prisma/client/package.json' [Error: ENOENT: no such file or directory, open '/run/media/ttf/4D68CCA27FA538EE/immo_tul/backend/node_modules/@prisma/client/package.json'] {
937 silly tar   errno: -2,
937 silly tar   code: 'ENOENT',
937 silly tar   syscall: 'open',
937 silly tar   path: '/run/media/ttf/4D68CCA27FA538EE/immo_tul/backend/node_modules/@prisma/client/package.json',
937 silly tar   entry: ReadEntry {
937 silly tar     _events: [Object: null prototype] { end: [Function (anonymous)] },
937 silly tar     _eventsCount: 1,
937 silly tar     _maxListeners: undefined,
937 silly tar     writable: false,
937 silly tar     readable: true,
937 silly tar     extended: null,
937 silly tar     globalExtended: null,
937 silly tar     header: Header {
937 silly tar       cksumValid: true,
937 silly tar       needPax: false,
937 silly tar       nullBlock: false,
937 silly tar       block: null,
937 silly tar       path: 'package/package.json',
937 silly tar       mode: 420,
937 silly tar       uid: 0,
937 silly tar       gid: 0,
937 silly tar       size: 10040,
937 silly tar       mtime: 1985-10-26T08:15:00.000Z,
937 silly tar       cksum: 5708,
937 silly tar       linkpath: '',
937 silly tar       uname: '',
937 silly tar       gname: '',
937 silly tar       devmaj: 0,
937 silly tar       devmin: 0,
937 silly tar       atime: null,
937 silly tar       ctime: null,
937 silly tar       Symbol(type): '0'
937 silly tar     },
937 silly tar     startBlockSize: 10240,
937 silly tar     blockRemain: 0,
937 silly tar     remain: 0,
937 silly tar     type: 'File',
937 silly tar     meta: false,
937 silly tar     ignore: false,
937 silly tar     path: 'package.json',
937 silly tar     mode: 438,
937 silly tar     uid: 0,
937 silly tar     gid: 0,
937 silly tar     uname: '',
937 silly tar     gname: '',
937 silly tar     size: 10040,
937 silly tar     mtime: 1985-10-26T08:15:00.000Z,
937 silly tar     atime: null,
937 silly tar     ctime: null,
937 silly tar     linkpath: '',
937 silly tar     absolute: '/run/media/ttf/4D68CCA27FA538EE/immo_tul/backend/node_modules/@prisma/client/package.json',
937 silly tar     Symbol(shapeMode): false,
937 silly tar     Symbol(kCapture): false,
937 silly tar     Symbol(flowing): false,
937 silly tar     Symbol(paused): true,
937 silly tar     Symbol(pipes): [ [Pipe] ],
937 silly tar     Symbol(buffer): [
937 silly tar       <Buffer 62 72 61 72 79 2e 6d 6a 73 22 2c 0a 20 20 20 20 20 20 22 64 65 66 61 75 6c 74 22 3a 20 22 2e 2f 72 75 6e 74 69 6d 65 2f 6c 69 62 72 61 72 79 2e 6d 6a ... 7226 more bytes>
937 silly tar     ],
937 silly tar     Symbol(objectMode): false,
937 silly tar     Symbol(encoding): null,
937 silly tar     Symbol(async): false,
937 silly tar     Symbol(decoder): null,
937 silly tar     Symbol(EOF): true,
937 silly tar     Symbol(emittedEnd): false,
937 silly tar     Symbol(emittingEnd): false,
937 silly tar     Symbol(closed): false,
937 silly tar     Symbol(emittedError): null,
937 silly tar     Symbol(bufferLength): 7276,
937 silly tar     Symbol(destroyed): false,
937 silly tar     Symbol(signal): undefined,
937 silly tar     Symbol(aborted): false,
937 silly tar     Symbol(dataListeners): 0,
937 silly tar     Symbol(discarded): false
937 silly tar   },
937 silly tar   cwd: '/run/media/ttf/4D68CCA27FA538EE/immo_tul/backend/node_modules/@prisma/client',
937 silly tar   tarCode: 'TAR_ENTRY_ERROR'
937 silly tar }
938 warn tar TAR_ENTRY_ERROR ENOENT: no such file or directory, open '/run/media/ttf/4D68CCA27FA538EE/immo_tul/backend/node_modules/@prisma/client/runtime/binary.js.map'
939 silly tar TAR_ENTRY_ERROR ENOENT: no such file or directory, open '/run/media/ttf/4D68CCA27FA538EE/immo_tul/backend/node_modules/@prisma/client/runtime/binary.js.map' [Error: ENOENT: no such file or directory, open '/run/media/ttf/4D68CCA27FA538EE/immo_tul/backend/node_modules/@prisma/client/runtime/binary.js.map'] {
939 silly tar   errno: -2,
939 silly tar   code: 'ENOENT',
939 silly tar   syscall: 'open',
939 silly tar   path: '/run/media/ttf/4D68CCA27FA538EE/immo_tul/backend/node_modules/@prisma/client/runtime/binary.js.map',
939 silly tar   entry: ReadEntry {
939 silly tar     _events: [Object: null prototype] {
939 silly tar       end: [Function (anonymous)],
939 silly tar       drain: [Function]
939 silly tar     },
939 silly tar     _eventsCount: 2,
939 silly tar     _maxListeners: undefined,
939 silly tar     writable: true,
939 silly tar     readable: true,
939 silly tar     extended: null,
939 silly tar     globalExtended: null,
939 silly tar     header: Header {
939 silly tar       cksumValid: true,
939 silly tar       needPax: false,
939 silly tar       nullBlock: false,
939 silly tar       block: null,
939 silly tar       path: 'package/runtime/binary.js.map',
939 silly tar       mode: 420,
939 silly tar       uid: 0,
939 silly tar       gid: 0,
939 silly tar       size: 2595172,
939 silly tar       mtime: 1985-10-26T08:15:00.000Z,
939 silly tar       cksum: 6610,
939 silly tar       linkpath: '',
939 silly tar       uname: '',
939 silly tar       gname: '',
939 silly tar       devmaj: 0,
939 silly tar       devmin: 0,
939 silly tar       atime: null,
939 silly tar       ctime: null,
939 silly tar       Symbol(type): '0'
939 silly tar     },
939 silly tar     startBlockSize: 2595328,
939 silly tar     blockRemain: 2584315,
939 silly tar     remain: 2584159,
939 silly tar     type: 'File',
939 silly tar     meta: false,
939 silly tar     ignore: false,
939 silly tar     path: 'runtime/binary.js.map',
939 silly tar     mode: 438,
939 silly tar     uid: 0,
939 silly tar     gid: 0,
939 silly tar     uname: '',
939 silly tar     gname: '',
939 silly tar     size: 2595172,
939 silly tar     mtime: 1985-10-26T08:15:00.000Z,
939 silly tar     atime: null,
939 silly tar     ctime: null,
939 silly tar     linkpath: '',
939 silly tar     absolute: '/run/media/ttf/4D68CCA27FA538EE/immo_tul/backend/node_modules/@prisma/client/runtime/binary.js.map',
939 silly tar     Symbol(shapeMode): false,
939 silly tar     Symbol(kCapture): false,
939 silly tar     Symbol(flowing): false,
939 silly tar     Symbol(paused): true,
939 silly tar     Symbol(pipes): [ [Pipe] ],
939 silly tar     Symbol(buffer): [
939 silly tar       <Buffer 73 22 2c 20 22 2e 2e 2f 2e 2e 2f 2e 2e 2f 6e 6f 64 65 5f 6d 6f 64 75 6c 65 73 2f 2e 70 6e 70 6d 2f 75 6e 64 69 63 69 40 37 2e 34 2e 30 2f 6e 6f 64 65 ... 2567 more bytes>
939 silly tar     ],
939 silly tar     Symbol(objectMode): false,
939 silly tar     Symbol(encoding): null,
939 silly tar     Symbol(async): false,
939 silly tar     Symbol(decoder): null,
939 silly tar     Symbol(EOF): false,
939 silly tar     Symbol(emittedEnd): false,
939 silly tar     Symbol(emittingEnd): false,
939 silly tar     Symbol(closed): false,
939 silly tar     Symbol(emittedError): null,
939 silly tar     Symbol(bufferLength): 2617,
939 silly tar     Symbol(destroyed): false,
939 silly tar     Symbol(signal): undefined,
939 silly tar     Symbol(aborted): false,
939 silly tar     Symbol(dataListeners): 0,
939 silly tar     Symbol(discarded): false
939 silly tar   },
939 silly tar   cwd: '/run/media/ttf/4D68CCA27FA538EE/immo_tul/backend/node_modules/@prisma/client',
939 silly tar   tarCode: 'TAR_ENTRY_ERROR'
939 silly tar }
940 warn tar TAR_ENTRY_ERROR ENOENT: no such file or directory, open '/run/media/ttf/4D68CCA27FA538EE/immo_tul/backend/node_modules/@prisma/client/runtime/binary.mjs.map'
941 silly tar TAR_ENTRY_ERROR ENOENT: no such file or directory, open '/run/media/ttf/4D68CCA27FA538EE/immo_tul/backend/node_modules/@prisma/client/runtime/binary.mjs.map' [Error: ENOENT: no such file or directory, open '/run/media/ttf/4D68CCA27FA538EE/immo_tul/backend/node_modules/@prisma/client/runtime/binary.mjs.map'] {
941 silly tar   errno: -2,
941 silly tar   code: 'ENOENT',
941 silly tar   syscall: 'open',
941 silly tar   path: '/run/media/ttf/4D68CCA27FA538EE/immo_tul/backend/node_modules/@prisma/client/runtime/binary.mjs.map',
941 silly tar   entry: ReadEntry {
941 silly tar     _events: [Object: null prototype] {
941 silly tar       end: [Function (anonymous)],
941 silly tar       drain: [Function]
941 silly tar     },
941 silly tar     _eventsCount: 2,
941 silly tar     _maxListeners: undefined,
941 silly tar     writable: true,
941 silly tar     readable: true,
941 silly tar     extended: null,
941 silly tar     globalExtended: null,
941 silly tar     header: Header {
941 silly tar       cksumValid: true,
941 silly tar       needPax: false,
941 silly tar       nullBlock: false,
941 silly tar       block: null,
941 silly tar       path: 'package/runtime/binary.mjs.map',
941 silly tar       mode: 420,
941 silly tar       uid: 0,
941 silly tar       gid: 0,
941 silly tar       size: 2591353,
941 silly tar       mtime: 1985-10-26T08:15:00.000Z,
941 silly tar       cksum: 6715,
941 silly tar       linkpath: '',
941 silly tar       uname: '',
941 silly tar       gname: '',
941 silly tar       devmaj: 0,
941 silly tar       devmin: 0,
941 silly tar       atime: null,
941 silly tar       ctime: null,
941 silly tar       Symbol(type): '0'
941 silly tar     },
941 silly tar     startBlockSize: 2591744,
941 silly tar     blockRemain: 2554514,
941 silly tar     remain: 2554123,
941 silly tar     type: 'File',
941 silly tar     meta: false,
941 silly tar     ignore: false,
941 silly tar     path: 'runtime/binary.mjs.map',
941 silly tar     mode: 438,
941 silly tar     uid: 0,
941 silly tar     gid: 0,
941 silly tar     uname: '',
941 silly tar     gname: '',
941 silly tar     size: 2591353,
941 silly tar     mtime: 1985-10-26T08:15:00.000Z,
941 silly tar     atime: null,
941 silly tar     ctime: null,
941 silly tar     linkpath: '',
941 silly tar     absolute: '/run/media/ttf/4D68CCA27FA538EE/immo_tul/backend/node_modules/@prisma/client/runtime/binary.mjs.map',
941 silly tar     Symbol(shapeMode): false,
941 silly tar     Symbol(kCapture): false,
941 silly tar     Symbol(flowing): false,
941 silly tar     Symbol(paused): true,
941 silly tar     Symbol(pipes): [ [Pipe] ],
941 silly tar     Symbol(buffer): [
941 silly tar       <Buffer 5f 6d 6f 64 75 6c 65 73 2f 74 73 2d 70 61 74 74 65 72 6e 2f 73 72 63 2f 69 6e 74 65 72 6e 61 6c 73 2f 73 79 6d 62 6f 6c 73 2e 74 73 22 2c 20 22 2e 2e ... 16334 more bytes>,
941 silly tar       <Buffer 3a 20 27 3a 27 5c 6e 63 6f 6e 73 74 20 69 73 65 78 65 20 3d 20 72 65 71 75 69 72 65 28 27 69 73 65 78 65 27 29 5c 6e 5c 6e 63 6f 6e 73 74 20 67 65 74 ... 8887 more bytes>
941 silly tar     ],
941 silly tar     Symbol(objectMode): false,
941 silly tar     Symbol(encoding): null,
941 silly tar     Symbol(async): false,
941 silly tar     Symbol(decoder): null,
941 silly tar     Symbol(EOF): false,
941 silly tar     Symbol(emittedEnd): false,
941 silly tar     Symbol(emittingEnd): false,
941 silly tar     Symbol(closed): false,
941 silly tar     Symbol(emittedError): null,
941 silly tar     Symbol(bufferLength): 25321,
941 silly tar     Symbol(destroyed): false,
941 silly tar     Symbol(signal): undefined,
941 silly tar     Symbol(aborted): false,
941 silly tar     Symbol(dataListeners): 0,
941 silly tar     Symbol(discarded): false
941 silly tar   },
941 silly tar   cwd: '/run/media/ttf/4D68CCA27FA538EE/immo_tul/backend/node_modules/@prisma/client',
941 silly tar   tarCode: 'TAR_ENTRY_ERROR'
941 silly tar }
942 warn tar TAR_ENTRY_ERROR ENOENT: no such file or directory, open '/run/media/ttf/4D68CCA27FA538EE/immo_tul/backend/node_modules/@prisma/client/runtime/client.js.map'
943 silly tar TAR_ENTRY_ERROR ENOENT: no such file or directory, open '/run/media/ttf/4D68CCA27FA538EE/immo_tul/backend/node_modules/@prisma/client/runtime/client.js.map' [Error: ENOENT: no such file or directory, open '/run/media/ttf/4D68CCA27FA538EE/immo_tul/backend/node_modules/@prisma/client/runtime/client.js.map'] {
943 silly tar   errno: -2,
943 silly tar   code: 'ENOENT',
943 silly tar   syscall: 'open',
943 silly tar   path: '/run/media/ttf/4D68CCA27FA538EE/immo_tul/backend/node_modules/@prisma/client/runtime/client.js.map',
943 silly tar   entry: ReadEntry {
943 silly tar     _events: [Object: null prototype] {
943 silly tar       end: [Function (anonymous)],
943 silly tar       drain: [Function]
943 silly tar     },
943 silly tar     _eventsCount: 2,
943 silly tar     _maxListeners: undefined,
943 silly tar     writable: true,
943 silly tar     readable: true,
943 silly tar     extended: null,
943 silly tar     globalExtended: null,
943 silly tar     header: Header {
943 silly tar       cksumValid: true,
943 silly tar       needPax: false,
943 silly tar       nullBlock: false,
943 silly tar       block: null,
943 silly tar       path: 'package/runtime/client.js.map',
943 silly tar       mode: 420,
943 silly tar       uid: 0,
943 silly tar       gid: 0,
943 silly tar       size: 1097681,
943 silly tar       mtime: 1985-10-26T08:15:00.000Z,
943 silly tar       cksum: 6602,
943 silly tar       linkpath: '',
943 silly tar       uname: '',
943 silly tar       gname: '',
943 silly tar       devmaj: 0,
943 silly tar       devmin: 0,
943 silly tar       atime: null,
943 silly tar       ctime: null,
943 silly tar       Symbol(type): '0'
943 silly tar     },
943 silly tar     startBlockSize: 1097728,
943 silly tar     blockRemain: 1049963,
943 silly tar     remain: 1049916,
943 silly tar     type: 'File',
943 silly tar     meta: false,
943 silly tar     ignore: false,
943 silly tar     path: 'runtime/client.js.map',
943 silly tar     mode: 438,
943 silly tar     uid: 0,
943 silly tar     gid: 0,
943 silly tar     uname: '',
943 silly tar     gname: '',
943 silly tar     size: 1097681,
943 silly tar     mtime: 1985-10-26T08:15:00.000Z,
943 silly tar     atime: null,
943 silly tar     ctime: null,
943 silly tar     linkpath: '',
943 silly tar     absolute: '/run/media/ttf/4D68CCA27FA538EE/immo_tul/backend/node_modules/@prisma/client/runtime/client.js.map',
943 silly tar     Symbol(shapeMode): false,
943 silly tar     Symbol(kCapture): false,
943 silly tar     Symbol(flowing): false,
943 silly tar     Symbol(paused): true,
943 silly tar     Symbol(pipes): [ [Pipe] ],
943 silly tar     Symbol(buffer): [
943 silly tar       <Buffer 49 6e 64 65 78 2e 74 73 22 2c 20 22 2e 2e 2f 73 72 63 2f 72 75 6e 74 69 6d 65 2f 63 6f 72 65 2f 6a 73 6f 6e 50 72 6f 74 6f 63 6f 6c 2f 67 65 74 42 61 ... 16334 more bytes>,
943 silly tar       <Buffer 73 74 20 65 72 72 20 3d 20 6e 65 77 20 45 72 72 6f 72 28 27 49 4e 56 41 4c 49 44 5f 44 4f 54 45 4e 56 5f 4b 45 59 3a 20 49 74 20 6d 75 73 74 20 62 65 ... 16334 more bytes>,
943 silly tar       <Buffer 65 78 70 6f 72 74 20 63 6f 6e 73 74 20 62 79 74 65 53 77 61 70 49 66 42 45 3a 20 28 6e 3a 20 6e 75 6d 62 65 72 29 20 3d 3e 20 6e 75 6d 62 65 72 20 3d ... 2257 more bytes>
943 silly tar     ],
943 silly tar     Symbol(objectMode): false,
943 silly tar     Symbol(encoding): null,
943 silly tar     Symbol(async): false,
943 silly tar     Symbol(decoder): null,
943 silly tar     Symbol(EOF): false,
943 silly tar     Symbol(emittedEnd): false,
943 silly tar     Symbol(emittingEnd): false,
943 silly tar     Symbol(closed): false,
943 silly tar     Symbol(emittedError): null,
943 silly tar     Symbol(bufferLength): 35075,
943 silly tar     Symbol(destroyed): false,
943 silly tar     Symbol(signal): undefined,
943 silly tar     Symbol(aborted): false,
943 silly tar     Symbol(dataListeners): 0,
943 silly tar     Symbol(discarded): false
943 silly tar   },
943 silly tar   cwd: '/run/media/ttf/4D68CCA27FA538EE/immo_tul/backend/node_modules/@prisma/client',
943 silly tar   tarCode: 'TAR_ENTRY_ERROR'
943 silly tar }
944 warn tar TAR_ENTRY_ERROR ENOENT: no such file or directory, open '/run/media/ttf/4D68CCA27FA538EE/immo_tul/backend/node_modules/@prisma/client/runtime/client.mjs.map'
945 silly tar TAR_ENTRY_ERROR ENOENT: no such file or directory, open '/run/media/ttf/4D68CCA27FA538EE/immo_tul/backend/node_modules/@prisma/client/runtime/client.mjs.map' [Error: ENOENT: no such file or directory, open '/run/media/ttf/4D68CCA27FA538EE/immo_tul/backend/node_modules/@prisma/client/runtime/client.mjs.map'] {
945 silly tar   errno: -2,
945 silly tar   code: 'ENOENT',
945 silly tar   syscall: 'open',
945 silly tar   path: '/run/media/ttf/4D68CCA27FA538EE/immo_tul/backend/node_modules/@prisma/client/runtime/client.mjs.map',
945 silly tar   entry: ReadEntry {
945 silly tar     _events: [Object: null prototype] {
945 silly tar       end: [Function (anonymous)],
945 silly tar       drain: [Function]
945 silly tar     },
945 silly tar     _eventsCount: 2,
945 silly tar     _maxListeners: undefined,
945 silly tar     writable: true,
945 silly tar     readable: true,
945 silly tar     extended: null,
945 silly tar     globalExtended: null,
945 silly tar     header: Header {
945 silly tar       cksumValid: true,
945 silly tar       needPax: false,
945 silly tar       nullBlock: false,
945 silly tar       block: null,
945 silly tar       path: 'package/runtime/client.mjs.map',
945 silly tar       mode: 420,
945 silly tar       uid: 0,
945 silly tar       gid: 0,
945 silly tar       size: 1094159,
945 silly tar       mtime: 1985-10-26T08:15:00.000Z,
945 silly tar       cksum: 6703,
945 silly tar       linkpath: '',
945 silly tar       uname: '',
945 silly tar       gname: '',
945 silly tar       devmaj: 0,
945 silly tar       devmin: 0,
945 silly tar       atime: null,
945 silly tar       ctime: null,
945 silly tar       Symbol(type): '0'
945 silly tar     },
945 silly tar     startBlockSize: 1094656,
945 silly tar     blockRemain: 1060052,
945 silly tar     remain: 1059555,
945 silly tar     type: 'File',
945 silly tar     meta: false,
945 silly tar     ignore: false,
945 silly tar     path: 'runtime/client.mjs.map',
945 silly tar     mode: 438,
945 silly tar     uid: 0,
945 silly tar     gid: 0,
945 silly tar     uname: '',
945 silly tar     gname: '',
945 silly tar     size: 1094159,
945 silly tar     mtime: 1985-10-26T08:15:00.000Z,
945 silly tar     atime: null,
945 silly tar     ctime: null,
945 silly tar     linkpath: '',
945 silly tar     absolute: '/run/media/ttf/4D68CCA27FA538EE/immo_tul/backend/node_modules/@prisma/client/runtime/client.mjs.map',
945 silly tar     Symbol(shapeMode): false,
945 silly tar     Symbol(kCapture): false,
945 silly tar     Symbol(flowing): false,
945 silly tar     Symbol(paused): true,
945 silly tar     Symbol(pipes): [ [Pipe] ],
945 silly tar     Symbol(buffer): [
945 silly tar       <Buffer 22 3a 20 5c 22 77 6f 72 6b 73 70 61 63 65 3a 2a 5c 22 2c 5c 6e 20 20 20 20 5c 22 40 70 72 69 73 6d 61 2f 70 72 69 73 6d 61 2d 73 63 68 65 6d 61 2d 77 ... 16334 more bytes>,
945 silly tar       <Buffer 20 3d 3d 3d 20 62 2e 63 68 61 72 43 6f 64 65 41 74 28 6c 62 20 2d 20 31 29 29 29 20 7b 5c 6e 20 20 20 20 20 20 6c 61 2d 2d 3b 5c 6e 20 20 20 20 20 20 ... 2114 more bytes>
945 silly tar     ],
945 silly tar     Symbol(objectMode): false,
945 silly tar     Symbol(encoding): null,
945 silly tar     Symbol(async): false,
945 silly tar     Symbol(decoder): null,
945 silly tar     Symbol(EOF): false,
945 silly tar     Symbol(emittedEnd): false,
945 silly tar     Symbol(emittingEnd): false,
945 silly tar     Symbol(closed): false,
945 silly tar     Symbol(emittedError): null,
945 silly tar     Symbol(bufferLength): 18548,
945 silly tar     Symbol(destroyed): false,
945 silly tar     Symbol(signal): undefined,
945 silly tar     Symbol(aborted): false,
945 silly tar     Symbol(dataListeners): 0,
945 silly tar     Symbol(discarded): false
945 silly tar   },
945 silly tar   cwd: '/run/media/ttf/4D68CCA27FA538EE/immo_tul/backend/node_modules/@prisma/client',
945 silly tar   tarCode: 'TAR_ENTRY_ERROR'
945 silly tar }
946 warn tar TAR_ENTRY_ERROR ENOENT: no such file or directory, open '/run/media/ttf/4D68CCA27FA538EE/immo_tul/backend/node_modules/@prisma/client/runtime/edge-esm.js.map'
947 silly tar TAR_ENTRY_ERROR ENOENT: no such file or directory, open '/run/media/ttf/4D68CCA27FA538EE/immo_tul/backend/node_modules/@prisma/client/runtime/edge-esm.js.map' [Error: ENOENT: no such file or directory, open '/run/media/ttf/4D68CCA27FA538EE/immo_tul/backend/node_modules/@prisma/client/runtime/edge-esm.js.map'] {
947 silly tar   errno: -2,
947 silly tar   code: 'ENOENT',
947 silly tar   syscall: 'open',
947 silly tar   path: '/run/media/ttf/4D68CCA27FA538EE/immo_tul/backend/node_modules/@prisma/client/runtime/edge-esm.js.map',
947 silly tar   entry: ReadEntry {
947 silly tar     _events: [Object: null prototype] {
947 silly tar       end: [Function (anonymous)],
947 silly tar       drain: [Function]
947 silly tar     },
947 silly tar     _eventsCount: 2,
947 silly tar     _maxListeners: undefined,
947 silly tar     writable: true,
947 silly tar     readable: true,
947 silly tar     extended: null,
947 silly tar     globalExtended: null,
947 silly tar     header: Header {
947 silly tar       cksumValid: true,
947 silly tar       needPax: false,
947 silly tar       nullBlock: false,
947 silly tar       block: null,
947 silly tar       path: 'package/runtime/edge-esm.js.map',
947 silly tar       mode: 420,
947 silly tar       uid: 0,
947 silly tar       gid: 0,
947 silly tar       size: 835341,
947 silly tar       mtime: 1985-10-26T08:15:00.000Z,
947 silly tar       cksum: 6737,
947 silly tar       linkpath: '',
947 silly tar       uname: '',
947 silly tar       gname: '',
947 silly tar       devmaj: 0,
947 silly tar       devmin: 0,
947 silly tar       atime: null,
947 silly tar       ctime: null,
947 silly tar       Symbol(type): '0'
947 silly tar     },
947 silly tar     startBlockSize: 835584,
947 silly tar     blockRemain: 817771,
947 silly tar     remain: 817528,
947 silly tar     type: 'File',
947 silly tar     meta: false,
947 silly tar     ignore: false,
947 silly tar     path: 'runtime/edge-esm.js.map',
947 silly tar     mode: 438,
947 silly tar     uid: 0,
947 silly tar     gid: 0,
947 silly tar     uname: '',
947 silly tar     gname: '',
947 silly tar     size: 835341,
947 silly tar     mtime: 1985-10-26T08:15:00.000Z,
947 silly tar     atime: null,
947 silly tar     ctime: null,
947 silly tar     linkpath: '',
947 silly tar     absolute: '/run/media/ttf/4D68CCA27FA538EE/immo_tul/backend/node_modules/@prisma/client/runtime/edge-esm.js.map',
947 silly tar     Symbol(shapeMode): false,
947 silly tar     Symbol(kCapture): false,
947 silly tar     Symbol(flowing): false,
947 silly tar     Symbol(paused): true,
947 silly tar     Symbol(pipes): [ [Pipe] ],
947 silly tar     Symbol(buffer): [
947 silly tar       <Buffer 70 6c 79 41 67 67 72 65 67 61 74 65 73 2e 74 73 22 2c 20 22 2e 2e 2f 73 72 63 2f 72 75 6e 74 69 6d 65 2f 63 6f 72 65 2f 6d 6f 64 65 6c 2f 61 67 67 72 ... 12138 more bytes>
947 silly tar     ],
947 silly tar     Symbol(objectMode): false,
947 silly tar     Symbol(encoding): null,
947 silly tar     Symbol(async): false,
947 silly tar     Symbol(decoder): null,
947 silly tar     Symbol(EOF): false,
947 silly tar     Symbol(emittedEnd): false,
947 silly tar     Symbol(emittingEnd): false,
947 silly tar     Symbol(closed): false,
947 silly tar     Symbol(emittedError): null,
947 silly tar     Symbol(bufferLength): 12188,
947 silly tar     Symbol(destroyed): false,
947 silly tar     Symbol(signal): undefined,
947 silly tar     Symbol(aborted): false,
947 silly tar     Symbol(dataListeners): 0,
947 silly tar     Symbol(discarded): false
947 silly tar   },
947 silly tar   cwd: '/run/media/ttf/4D68CCA27FA538EE/immo_tul/backend/node_modules/@prisma/client',
947 silly tar   tarCode: 'TAR_ENTRY_ERROR'
947 silly tar }
948 warn tar TAR_ENTRY_ERROR ENOENT: no such file or directory, open '/run/media/ttf/4D68CCA27FA538EE/immo_tul/backend/node_modules/@prisma/client/runtime/edge.js.map'
949 silly tar TAR_ENTRY_ERROR ENOENT: no such file or directory, open '/run/media/ttf/4D68CCA27FA538EE/immo_tul/backend/node_modules/@prisma/client/runtime/edge.js.map' [Error: ENOENT: no such file or directory, open '/run/media/ttf/4D68CCA27FA538EE/immo_tul/backend/node_modules/@prisma/client/runtime/edge.js.map'] {
949 silly tar   errno: -2,
949 silly tar   code: 'ENOENT',
949 silly tar   syscall: 'open',
949 silly tar   path: '/run/media/ttf/4D68CCA27FA538EE/immo_tul/backend/node_modules/@prisma/client/runtime/edge.js.map',
949 silly tar   entry: ReadEntry {
949 silly tar     _events: [Object: null prototype] {
949 silly tar       end: [Function (anonymous)],
949 silly tar       drain: [Function]
949 silly tar     },
949 silly tar     _eventsCount: 2,
949 silly tar     _maxListeners: undefined,
949 silly tar     writable: true,
949 silly tar     readable: true,
949 silly tar     extended: null,
949 silly tar     globalExtended: null,
949 silly tar     header: Header {
949 silly tar       cksumValid: true,
949 silly tar       needPax: false,
949 silly tar       nullBlock: false,
949 silly tar       block: null,
949 silly tar       path: 'package/runtime/edge.js.map',
949 silly tar       mode: 420,
949 silly tar       uid: 0,
949 silly tar       gid: 0,
949 silly tar       size: 836323,
949 silly tar       mtime: 1985-10-26T08:15:00.000Z,
949 silly tar       cksum: 6362,
949 silly tar       linkpath: '',
949 silly tar       uname: '',
949 silly tar       gname: '',
949 silly tar       devmaj: 0,
949 silly tar       devmin: 0,
949 silly tar       atime: null,
949 silly tar       ctime: null,
949 silly tar       Symbol(type): '0'
949 silly tar     },
949 silly tar     startBlockSize: 836608,
949 silly tar     blockRemain: 794358,
949 silly tar     remain: 794073,
949 silly tar     type: 'File',
949 silly tar     meta: false,
949 silly tar     ignore: false,
949 silly tar     path: 'runtime/edge.js.map',
949 silly tar     mode: 438,
949 silly tar     uid: 0,
949 silly tar     gid: 0,
949 silly tar     uname: '',
949 silly tar     gname: '',
949 silly tar     size: 836323,
949 silly tar     mtime: 1985-10-26T08:15:00.000Z,
949 silly tar     atime: null,
949 silly tar     ctime: null,
949 silly tar     linkpath: '',
949 silly tar     absolute: '/run/media/ttf/4D68CCA27FA538EE/immo_tul/backend/node_modules/@prisma/client/runtime/edge.js.map',
949 silly tar     Symbol(shapeMode): false,
949 silly tar     Symbol(kCapture): false,
949 silly tar     Symbol(flowing): false,
949 silly tar     Symbol(paused): true,
949 silly tar     Symbol(pipes): [ [Pipe] ],
949 silly tar     Symbol(buffer): [
949 silly tar       <Buffer 20 22 2e 2e 2f 2e 2e 2f 2e 2e 2f 6e 6f 64 65 5f 6d 6f 64 75 6c 65 73 2f 2e 70 6e 70 6d 2f 73 71 6c 2d 74 65 6d 70 6c 61 74 65 2d 74 61 67 40 35 2e 32 ... 16334 more bytes>,
949 silly tar       <Buffer 20 61 72 67 75 6d 65 6e 74 20 6d 75 73 74 20 62 65 20 6f 6e 65 20 6f 66 20 74 79 70 65 20 42 75 66 66 65 72 20 6f 72 20 55 69 6e 74 38 41 72 72 61 79 ... 16334 more bytes>,
949 silly tar       <Buffer 66 28 21 65 29 7b 69 66 28 74 3e 35 36 33 31 39 29 7b 28 72 2d 3d 33 29 3e 2d 31 26 26 6f 2e 70 75 73 68 28 32 33 39 2c 31 39 31 2c 31 38 39 29 3b 63 ... 4831 more bytes>
949 silly tar     ],
949 silly tar     Symbol(objectMode): false,
949 silly tar     Symbol(encoding): null,
949 silly tar     Symbol(async): false,
949 silly tar     Symbol(decoder): null,
949 silly tar     Symbol(EOF): false,
949 silly tar     Symbol(emittedEnd): false,
949 silly tar     Symbol(emittingEnd): false,
949 silly tar     Symbol(closed): false,
949 silly tar     Symbol(emittedError): null,
949 silly tar     Symbol(bufferLength): 37649,
949 silly tar     Symbol(destroyed): false,
949 silly tar     Symbol(signal): undefined,
949 silly tar     Symbol(aborted): false,
949 silly tar     Symbol(dataListeners): 0,
949 silly tar     Symbol(discarded): false
949 silly tar   },
949 silly tar   cwd: '/run/media/ttf/4D68CCA27FA538EE/immo_tul/backend/node_modules/@prisma/client',
949 silly tar   tarCode: 'TAR_ENTRY_ERROR'
949 silly tar }
950 warn tar TAR_ENTRY_ERROR ENOENT: no such file or directory, open '/run/media/ttf/4D68CCA27FA538EE/immo_tul/backend/node_modules/@prisma/client/runtime/index-browser.js.map'
951 silly tar TAR_ENTRY_ERROR ENOENT: no such file or directory, open '/run/media/ttf/4D68CCA27FA538EE/immo_tul/backend/node_modules/@prisma/client/runtime/index-browser.js.map' [Error: ENOENT: no such file or directory, open '/run/media/ttf/4D68CCA27FA538EE/immo_tul/backend/node_modules/@prisma/client/runtime/index-browser.js.map'] {
951 silly tar   errno: -2,
951 silly tar   code: 'ENOENT',
951 silly tar   syscall: 'open',
951 silly tar   path: '/run/media/ttf/4D68CCA27FA538EE/immo_tul/backend/node_modules/@prisma/client/runtime/index-browser.js.map',
951 silly tar   entry: ReadEntry {
951 silly tar     _events: [Object: null prototype] {
951 silly tar       end: [Function (anonymous)],
951 silly tar       drain: [Function]
951 silly tar     },
951 silly tar     _eventsCount: 2,
951 silly tar     _maxListeners: undefined,
951 silly tar     writable: true,
951 silly tar     readable: true,
951 silly tar     extended: null,
951 silly tar     globalExtended: null,
951 silly tar     header: Header {
951 silly tar       cksumValid: true,
951 silly tar       needPax: false,
951 silly tar       nullBlock: false,
951 silly tar       block: null,
951 silly tar       path: 'package/runtime/index-browser.js.map',
951 silly tar       mode: 420,
951 silly tar       uid: 0,
951 silly tar       gid: 0,
951 silly tar       size: 210208,
951 silly tar       mtime: 1985-10-26T08:15:00.000Z,
951 silly tar       cksum: 7310,
951 silly tar       linkpath: '',
951 silly tar       uname: '',
951 silly tar       gname: '',
951 silly tar       devmaj: 0,
951 silly tar       devmin: 0,
951 silly tar       atime: null,
951 silly tar       ctime: null,
951 silly tar       Symbol(type): '0'
951 silly tar     },
951 silly tar     startBlockSize: 210432,
951 silly tar     blockRemain: 143099,
951 silly tar     remain: 142875,
951 silly tar     type: 'File',
951 silly tar     meta: false,
951 silly tar     ignore: false,
951 silly tar     path: 'runtime/index-browser.js.map',
951 silly tar     mode: 438,
951 silly tar     uid: 0,
951 silly tar     gid: 0,
951 silly tar     uname: '',
951 silly tar     gname: '',
951 silly tar     size: 210208,
951 silly tar     mtime: 1985-10-26T08:15:00.000Z,
951 silly tar     atime: null,
951 silly tar     ctime: null,
951 silly tar     linkpath: '',
951 silly tar     absolute: '/run/media/ttf/4D68CCA27FA538EE/immo_tul/backend/node_modules/@prisma/client/runtime/index-browser.js.map',
951 silly tar     Symbol(shapeMode): false,
951 silly tar     Symbol(kCapture): false,
951 silly tar     Symbol(flowing): false,
951 silly tar     Symbol(paused): true,
951 silly tar     Symbol(pipes): [ [Pipe] ],
951 silly tar     Symbol(buffer): [
951 silly tar       <Buffer 74 79 70 65 20 65 71 75 61 6c 69 74 79 5c 6e 20 20 2f 2f 20 65 73 6c 69 6e 74 2d 64 69 73 61 62 6c 65 2d 6e 65 78 74 2d 6c 69 6e 65 20 6e 6f 2d 75 6e ... 16334 more bytes>,
951 silly tar       <Buffer 20 3d 20 66 75 6e 63 74 69 6f 6e 20 28 79 29 20 7b 5c 72 5c 6e 20 20 76 61 72 20 69 2c 20 6a 2c 20 78 64 4c 2c 20 79 64 4c 2c 5c 72 5c 6e 20 20 20 20 ... 16334 more bytes>,
951 silly tar       <Buffer 6e 20 20 78 73 64 20 3d 20 78 2e 73 64 28 29 3b 5c 72 5c 6e 5c 72 5c 6e 20 20 69 66 20 28 4d 61 74 68 2e 6d 61 78 28 78 73 64 2c 20 70 72 29 20 3c 20 ... 16334 more bytes>,
951 silly tar       <Buffer 2d 31 2e 5c 72 5c 6e 20 2a 5c 72 5c 6e 20 2a 2f 5c 72 5c 6e 50 2e 6e 65 67 61 74 65 64 20 3d 20 50 2e 6e 65 67 20 3d 20 66 75 6e 63 74 69 6f 6e 20 28 ... 15214 more bytes>
951 silly tar     ],
951 silly tar     Symbol(objectMode): false,
951 silly tar     Symbol(encoding): null,
951 silly tar     Symbol(async): false,
951 silly tar     Symbol(decoder): null,
951 silly tar     Symbol(EOF): false,
951 silly tar     Symbol(emittedEnd): false,
951 silly tar     Symbol(emittingEnd): false,
951 silly tar     Symbol(closed): false,
951 silly tar     Symbol(emittedError): null,
951 silly tar     Symbol(bufferLength): 64416,
951 silly tar     Symbol(destroyed): false,
951 silly tar     Symbol(signal): undefined,
951 silly tar     Symbol(aborted): false,
951 silly tar     Symbol(dataListeners): 0,
951 silly tar     Symbol(discarded): false
951 silly tar   },
951 silly tar   cwd: '/run/media/ttf/4D68CCA27FA538EE/immo_tul/backend/node_modules/@prisma/client',
951 silly tar   tarCode: 'TAR_ENTRY_ERROR'
951 silly tar }
952 warn tar TAR_ENTRY_ERROR ENOENT: no such file or directory, open '/run/media/ttf/4D68CCA27FA538EE/immo_tul/backend/node_modules/@prisma/client/runtime/index-browser.mjs.map'
953 silly tar TAR_ENTRY_ERROR ENOENT: no such file or directory, open '/run/media/ttf/4D68CCA27FA538EE/immo_tul/backend/node_modules/@prisma/client/runtime/index-browser.mjs.map' [Error: ENOENT: no such file or directory, open '/run/media/ttf/4D68CCA27FA538EE/immo_tul/backend/node_modules/@prisma/client/runtime/index-browser.mjs.map'] {
953 silly tar   errno: -2,
953 silly tar   code: 'ENOENT',
953 silly tar   syscall: 'open',
953 silly tar   path: '/run/media/ttf/4D68CCA27FA538EE/immo_tul/backend/node_modules/@prisma/client/runtime/index-browser.mjs.map',
953 silly tar   entry: ReadEntry {
953 silly tar     _events: [Object: null prototype] {
953 silly tar       end: [Function (anonymous)],
953 silly tar       drain: [Function]
953 silly tar     },
953 silly tar     _eventsCount: 2,
953 silly tar     _maxListeners: undefined,
953 silly tar     writable: true,
953 silly tar     readable: true,
953 silly tar     extended: null,
953 silly tar     globalExtended: null,
953 silly tar     header: Header {
953 silly tar       cksumValid: true,
953 silly tar       needPax: false,
953 silly tar       nullBlock: false,
953 silly tar       block: null,
953 silly tar       path: 'package/runtime/index-browser.mjs.map',
953 silly tar       mode: 420,
953 silly tar       uid: 0,
953 silly tar       gid: 0,
953 silly tar       size: 209655,
953 silly tar       mtime: 1985-10-26T08:15:00.000Z,
953 silly tar       cksum: 7426,
953 silly tar       linkpath: '',
953 silly tar       uname: '',
953 silly tar       gname: '',
953 silly tar       devmaj: 0,
953 silly tar       devmin: 0,
953 silly tar       atime: null,
953 silly tar       ctime: null,
953 silly tar       Symbol(type): '0'
953 silly tar     },
953 silly tar     startBlockSize: 209920,
953 silly tar     blockRemain: 168110,
953 silly tar     remain: 167845,
953 silly tar     type: 'File',
953 silly tar     meta: false,
953 silly tar     ignore: false,
953 silly tar     path: 'runtime/index-browser.mjs.map',
953 silly tar     mode: 438,
953 silly tar     uid: 0,
953 silly tar     gid: 0,
953 silly tar     uname: '',
953 silly tar     gname: '',
953 silly tar     size: 209655,
953 silly tar     mtime: 1985-10-26T08:15:00.000Z,
953 silly tar     atime: null,
953 silly tar     ctime: null,
953 silly tar     linkpath: '',
953 silly tar     absolute: '/run/media/ttf/4D68CCA27FA538EE/immo_tul/backend/node_modules/@prisma/client/runtime/index-browser.mjs.map',
953 silly tar     Symbol(shapeMode): false,
953 silly tar     Symbol(kCapture): false,
953 silly tar     Symbol(flowing): false,
953 silly tar     Symbol(paused): true,
953 silly tar     Symbol(pipes): [ [Pipe] ],
953 silly tar     Symbol(buffer): [
953 silly tar       <Buffer 20 76 61 6c 75 65 73 20 6f 66 20 6f 62 6a 65 63 74 2d 76 61 6c 75 65 64 20 65 6e 75 6d 73 2e 5c 6e 20 2a 2f 5c 6e 65 78 70 6f 72 74 20 61 62 73 74 72 ... 16334 more bytes>,
953 silly tar       <Buffer 62 69 67 69 6e 74 7c 44 65 63 69 6d 61 6c 7d 5c 72 5c 6e 20 2a 5c 72 5c 6e 20 2a 2f 5c 72 5c 6e 50 2e 63 6c 61 6d 70 65 64 54 6f 20 3d 20 50 2e 63 6c ... 16334 more bytes>,
953 silly tar       <Buffer 20 2a 5c 72 5c 6e 20 2a 20 44 6f 6d 61 69 6e 3a 20 5b 2d 31 2c 20 31 5d 5c 72 5c 6e 20 2a 20 52 61 6e 67 65 3a 20 5b 2d 49 6e 66 69 6e 69 74 79 2c 20 ... 7083 more bytes>
953 silly tar     ],
953 silly tar     Symbol(objectMode): false,
953 silly tar     Symbol(encoding): null,
953 silly tar     Symbol(async): false,
953 silly tar     Symbol(decoder): null,
953 silly tar     Symbol(EOF): false,
953 silly tar     Symbol(emittedEnd): false,
953 silly tar     Symbol(emittingEnd): false,
953 silly tar     Symbol(closed): false,
953 silly tar     Symbol(emittedError): null,
953 silly tar     Symbol(bufferLength): 39901,
953 silly tar     Symbol(destroyed): false,
953 silly tar     Symbol(signal): undefined,
953 silly tar     Symbol(aborted): false,
953 silly tar     Symbol(dataListeners): 0,
953 silly tar     Symbol(discarded): false
953 silly tar   },
953 silly tar   cwd: '/run/media/ttf/4D68CCA27FA538EE/immo_tul/backend/node_modules/@prisma/client',
953 silly tar   tarCode: 'TAR_ENTRY_ERROR'
953 silly tar }
954 warn tar TAR_ENTRY_ERROR ENOENT: no such file or directory, open '/run/media/ttf/4D68CCA27FA538EE/immo_tul/backend/node_modules/@prisma/client/runtime/library.js.map'
955 silly tar TAR_ENTRY_ERROR ENOENT: no such file or directory, open '/run/media/ttf/4D68CCA27FA538EE/immo_tul/backend/node_modules/@prisma/client/runtime/library.js.map' [Error: ENOENT: no such file or directory, open '/run/media/ttf/4D68CCA27FA538EE/immo_tul/backend/node_modules/@prisma/client/runtime/library.js.map'] {
955 silly tar   errno: -2,
955 silly tar   code: 'ENOENT',
955 silly tar   syscall: 'open',
955 silly tar   path: '/run/media/ttf/4D68CCA27FA538EE/immo_tul/backend/node_modules/@prisma/client/runtime/library.js.map',
955 silly tar   entry: ReadEntry {
955 silly tar     _events: [Object: null prototype] {
955 silly tar       end: [Function (anonymous)],
955 silly tar       drain: [Function]
955 silly tar     },
955 silly tar     _eventsCount: 2,
955 silly tar     _maxListeners: undefined,
955 silly tar     writable: true,
955 silly tar     readable: true,
955 silly tar     extended: null,
955 silly tar     globalExtended: null,
955 silly tar     header: Header {
955 silly tar       cksumValid: true,
955 silly tar       needPax: false,
955 silly tar       nullBlock: false,
955 silly tar       block: null,
955 silly tar       path: 'package/runtime/library.js.map',
955 silly tar       mode: 420,
955 silly tar       uid: 0,
955 silly tar       gid: 0,
955 silly tar       size: 1014834,
955 silly tar       mtime: 1985-10-26T08:15:00.000Z,
955 silly tar       cksum: 6725,
955 silly tar       linkpath: '',
955 silly tar       uname: '',
955 silly tar       gname: '',
955 silly tar       devmaj: 0,
955 silly tar       devmin: 0,
955 silly tar       atime: null,
955 silly tar       ctime: null,
955 silly tar       Symbol(type): '0'
955 silly tar     },
955 silly tar     startBlockSize: 1015296,
955 silly tar     blockRemain: 988796,
955 silly tar     remain: 988334,
955 silly tar     type: 'File',
955 silly tar     meta: false,
955 silly tar     ignore: false,
955 silly tar     path: 'runtime/library.js.map',
955 silly tar     mode: 438,
955 silly tar     uid: 0,
955 silly tar     gid: 0,
955 silly tar     uname: '',
955 silly tar     gname: '',
955 silly tar     size: 1014834,
955 silly tar     mtime: 1985-10-26T08:15:00.000Z,
955 silly tar     atime: null,
955 silly tar     ctime: null,
955 silly tar     linkpath: '',
955 silly tar     absolute: '/run/media/ttf/4D68CCA27FA538EE/immo_tul/backend/node_modules/@prisma/client/runtime/library.js.map',
955 silly tar     Symbol(shapeMode): false,
955 silly tar     Symbol(kCapture): false,
955 silly tar     Symbol(flowing): false,
955 silly tar     Symbol(paused): true,
955 silly tar     Symbol(pipes): [ [Pipe] ],
955 silly tar     Symbol(buffer): [
955 silly tar       <Buffer 63 6f 72 65 2f 70 75 62 6c 69 63 2f 69 6e 64 65 78 2e 74 73 22 2c 20 22 2e 2e 2f 73 72 63 2f 72 75 6e 74 69 6d 65 2f 63 6f 72 65 2f 70 75 62 6c 69 63 ... 16334 more bytes>,
955 silly tar       <Buffer 45 54 4c 49 46 59 29 20 7b 5c 6e 5c 74 5c 74 72 65 74 75 72 6e 20 74 72 75 65 3b 5c 6e 5c 74 7d 5c 6e 5c 6e 5c 74 2f 2f 20 49 66 20 74 68 65 79 20 73 ... 8648 more bytes>
955 silly tar     ],
955 silly tar     Symbol(objectMode): false,
955 silly tar     Symbol(encoding): null,
955 silly tar     Symbol(async): false,
955 silly tar     Symbol(decoder): null,
955 silly tar     Symbol(EOF): false,
955 silly tar     Symbol(emittedEnd): false,
955 silly tar     Symbol(emittingEnd): false,
955 silly tar     Symbol(closed): false,
955 silly tar     Symbol(emittedError): null,
955 silly tar     Symbol(bufferLength): 25082,
955 silly tar     Symbol(destroyed): false,
955 silly tar     Symbol(signal): undefined,
955 silly tar     Symbol(aborted): false,
955 silly tar     Symbol(dataListeners): 0,
955 silly tar     Symbol(discarded): false
955 silly tar   },
955 silly tar   cwd: '/run/media/ttf/4D68CCA27FA538EE/immo_tul/backend/node_modules/@prisma/client',
955 silly tar   tarCode: 'TAR_ENTRY_ERROR'
955 silly tar }
956 warn tar TAR_ENTRY_ERROR ENOENT: no such file or directory, open '/run/media/ttf/4D68CCA27FA538EE/immo_tul/backend/node_modules/@prisma/client/runtime/library.mjs.map'
957 silly tar TAR_ENTRY_ERROR ENOENT: no such file or directory, open '/run/media/ttf/4D68CCA27FA538EE/immo_tul/backend/node_modules/@prisma/client/runtime/library.mjs.map' [Error: ENOENT: no such file or directory, open '/run/media/ttf/4D68CCA27FA538EE/immo_tul/backend/node_modules/@prisma/client/runtime/library.mjs.map'] {
957 silly tar   errno: -2,
957 silly tar   code: 'ENOENT',
957 silly tar   syscall: 'open',
957 silly tar   path: '/run/media/ttf/4D68CCA27FA538EE/immo_tul/backend/node_modules/@prisma/client/runtime/library.mjs.map',
957 silly tar   entry: ReadEntry {
957 silly tar     _events: [Object: null prototype] {
957 silly tar       end: [Function (anonymous)],
957 silly tar       drain: [Function]
957 silly tar     },
957 silly tar     _eventsCount: 2,
957 silly tar     _maxListeners: undefined,
957 silly tar     writable: true,
957 silly tar     readable: true,
957 silly tar     extended: null,
957 silly tar     globalExtended: null,
957 silly tar     header: Header {
957 silly tar       cksumValid: true,
957 silly tar       needPax: false,
957 silly tar       nullBlock: false,
957 silly tar       block: null,
957 silly tar       path: 'package/runtime/library.mjs.map',
957 silly tar       mode: 420,
957 silly tar       uid: 0,
957 silly tar       gid: 0,
957 silly tar       size: 1011056,
957 silly tar       mtime: 1985-10-26T08:15:00.000Z,
957 silly tar       cksum: 6836,
957 silly tar       linkpath: '',
957 silly tar       uname: '',
957 silly tar       gname: '',
957 silly tar       devmaj: 0,
957 silly tar       devmin: 0,
957 silly tar       atime: null,
957 silly tar       ctime: null,
957 silly tar       Symbol(type): '0'
957 silly tar     },
957 silly tar     startBlockSize: 1011200,
957 silly tar     blockRemain: 973253,
957 silly tar     remain: 973109,
957 silly tar     type: 'File',
957 silly tar     meta: false,
957 silly tar     ignore: false,
957 silly tar     path: 'runtime/library.mjs.map',
957 silly tar     mode: 438,
957 silly tar     uid: 0,
957 silly tar     gid: 0,
957 silly tar     uname: '',
957 silly tar     gname: '',
957 silly tar     size: 1011056,
957 silly tar     mtime: 1985-10-26T08:15:00.000Z,
957 silly tar     atime: null,
957 silly tar     ctime: null,
957 silly tar     linkpath: '',
957 silly tar     absolute: '/run/media/ttf/4D68CCA27FA538EE/immo_tul/backend/node_modules/@prisma/client/runtime/library.mjs.map',
957 silly tar     Symbol(shapeMode): false,
957 silly tar     Symbol(kCapture): false,
957 silly tar     Symbol(flowing): false,
957 silly tar     Symbol(paused): true,
957 silly tar     Symbol(pipes): [ [Pipe] ],
957 silly tar     Symbol(buffer): [
957 silly tar       <Buffer 2e 2e 2f 6e 6f 64 65 5f 6d 6f 64 75 6c 65 73 2f 2e 70 6e 70 6d 2f 74 73 2d 70 61 74 74 65 72 6e 40 35 2e 36 2e 32 2f 6e 6f 64 65 5f 6d 6f 64 75 6c 65 ... 16334 more bytes>,
957 silly tar       <Buffer 29 20 7b 5c 6e 5c 74 5c 74 72 65 74 75 72 6e 20 66 61 6c 73 65 3b 5c 6e 5c 74 7d 5c 6e 5c 6e 5c 74 69 66 20 28 54 45 52 4d 5f 50 52 4f 47 52 41 4d 29 ... 16334 more bytes>,
957 silly tar       <Buffer 68 65 72 74 65 78 74 20 3d 20 42 75 66 66 65 72 2e 66 72 6f 6d 28 65 6e 63 72 79 70 74 65 64 2c 20 27 62 61 73 65 36 34 27 29 5c 6e 5c 6e 20 20 63 6f ... 3287 more bytes>
957 silly tar     ],
957 silly tar     Symbol(objectMode): false,
957 silly tar     Symbol(encoding): null,
957 silly tar     Symbol(async): false,
957 silly tar     Symbol(decoder): null,
957 silly tar     Symbol(EOF): false,
957 silly tar     Symbol(emittedEnd): false,
957 silly tar     Symbol(emittingEnd): false,
957 silly tar     Symbol(closed): false,
957 silly tar     Symbol(emittedError): null,
957 silly tar     Symbol(bufferLength): 36105,
957 silly tar     Symbol(destroyed): false,
957 silly tar     Symbol(signal): undefined,
957 silly tar     Symbol(aborted): false,
957 silly tar     Symbol(dataListeners): 0,
957 silly tar     Symbol(discarded): false
957 silly tar   },
957 silly tar   cwd: '/run/media/ttf/4D68CCA27FA538EE/immo_tul/backend/node_modules/@prisma/client',
957 silly tar   tarCode: 'TAR_ENTRY_ERROR'
957 silly tar }
958 warn tar TAR_ENTRY_ERROR ENOENT: no such file or directory, open '/run/media/ttf/4D68CCA27FA538EE/immo_tul/backend/node_modules/@prisma/client/runtime/react-native.js.map'
959 silly tar TAR_ENTRY_ERROR ENOENT: no such file or directory, open '/run/media/ttf/4D68CCA27FA538EE/immo_tul/backend/node_modules/@prisma/client/runtime/react-native.js.map' [Error: ENOENT: no such file or directory, open '/run/media/ttf/4D68CCA27FA538EE/immo_tul/backend/node_modules/@prisma/client/runtime/react-native.js.map'] {
959 silly tar   errno: -2,
959 silly tar   code: 'ENOENT',
959 silly tar   syscall: 'open',
959 silly tar   path: '/run/media/ttf/4D68CCA27FA538EE/immo_tul/backend/node_modules/@prisma/client/runtime/react-native.js.map',
959 silly tar   entry: ReadEntry {
959 silly tar     _events: [Object: null prototype] {
959 silly tar       end: [Function (anonymous)],
959 silly tar       drain: [Function]
959 silly tar     },
959 silly tar     _eventsCount: 2,
959 silly tar     _maxListeners: undefined,
959 silly tar     writable: true,
959 silly tar     readable: true,
959 silly tar     extended: null,
959 silly tar     globalExtended: null,
959 silly tar     header: Header {
959 silly tar       cksumValid: true,
959 silly tar       needPax: false,
959 silly tar       nullBlock: false,
959 silly tar       block: null,
959 silly tar       path: 'package/runtime/react-native.js.map',
959 silly tar       mode: 420,
959 silly tar       uid: 0,
959 silly tar       gid: 0,
959 silly tar       size: 859887,
959 silly tar       mtime: 1985-10-26T08:15:00.000Z,
959 silly tar       cksum: 7185,
959 silly tar       linkpath: '',
959 silly tar       uname: '',
959 silly tar       gname: '',
959 silly tar       devmaj: 0,
959 silly tar       devmin: 0,
959 silly tar       atime: null,
959 silly tar       ctime: null,
959 silly tar       Symbol(type): '0'
959 silly tar     },
959 silly tar     startBlockSize: 860160,
959 silly tar     blockRemain: 836582,
959 silly tar     remain: 836309,
959 silly tar     type: 'File',
959 silly tar     meta: false,
959 silly tar     ignore: false,
959 silly tar     path: 'runtime/react-native.js.map',
959 silly tar     mode: 438,
959 silly tar     uid: 0,
959 silly tar     gid: 0,
959 silly tar     uname: '',
959 silly tar     gname: '',
959 silly tar     size: 859887,
959 silly tar     mtime: 1985-10-26T08:15:00.000Z,
959 silly tar     atime: null,
959 silly tar     ctime: null,
959 silly tar     linkpath: '',
959 silly tar     absolute: '/run/media/ttf/4D68CCA27FA538EE/immo_tul/backend/node_modules/@prisma/client/runtime/react-native.js.map',
959 silly tar     Symbol(shapeMode): false,
959 silly tar     Symbol(kCapture): false,
959 silly tar     Symbol(flowing): false,
959 silly tar     Symbol(paused): true,
959 silly tar     Symbol(pipes): [ [Pipe] ],
959 silly tar     Symbol(buffer): [
959 silly tar       <Buffer 32 35 36 2b 69 5b 72 2b 70 5d 2c 70 2b 3d 46 2c 73 2d 3d 38 29 3b 69 66 28 6f 3d 3d 3d 30 29 6f 3d 31 2d 6c 3b 65 6c 73 65 7b 69 66 28 6f 3d 3d 3d 63 ... 12031 more bytes>
959 silly tar     ],
959 silly tar     Symbol(objectMode): false,
959 silly tar     Symbol(encoding): null,
959 silly tar     Symbol(async): false,
959 silly tar     Symbol(decoder): null,
959 silly tar     Symbol(EOF): false,
959 silly tar     Symbol(emittedEnd): false,
959 silly tar     Symbol(emittingEnd): false,
959 silly tar     Symbol(closed): false,
959 silly tar     Symbol(emittedError): null,
959 silly tar     Symbol(bufferLength): 12081,
959 silly tar     Symbol(destroyed): false,
959 silly tar     Symbol(signal): undefined,
959 silly tar     Symbol(aborted): false,
959 silly tar     Symbol(dataListeners): 0,
959 silly tar     Symbol(discarded): false
959 silly tar   },
959 silly tar   cwd: '/run/media/ttf/4D68CCA27FA538EE/immo_tul/backend/node_modules/@prisma/client',
959 silly tar   tarCode: 'TAR_ENTRY_ERROR'
959 silly tar }
960 warn tar TAR_ENTRY_ERROR ENOENT: no such file or directory, open '/run/media/ttf/4D68CCA27FA538EE/immo_tul/backend/node_modules/@prisma/client/runtime/wasm-compiler-edge.js.map'
961 silly tar TAR_ENTRY_ERROR ENOENT: no such file or directory, open '/run/media/ttf/4D68CCA27FA538EE/immo_tul/backend/node_modules/@prisma/client/runtime/wasm-compiler-edge.js.map' [Error: ENOENT: no such file or directory, open '/run/media/ttf/4D68CCA27FA538EE/immo_tul/backend/node_modules/@prisma/client/runtime/wasm-compiler-edge.js.map'] {
961 silly tar   errno: -2,
961 silly tar   code: 'ENOENT',
961 silly tar   syscall: 'open',
961 silly tar   path: '/run/media/ttf/4D68CCA27FA538EE/immo_tul/backend/node_modules/@prisma/client/runtime/wasm-compiler-edge.js.map',
961 silly tar   entry: ReadEntry {
961 silly tar     _events: [Object: null prototype] {
961 silly tar       end: [Function (anonymous)],
961 silly tar       drain: [Function]
961 silly tar     },
961 silly tar     _eventsCount: 2,
961 silly tar     _maxListeners: undefined,
961 silly tar     writable: true,
961 silly tar     readable: true,
961 silly tar     extended: null,
961 silly tar     globalExtended: null,
961 silly tar     header: Header {
961 silly tar       cksumValid: true,
961 silly tar       needPax: false,
961 silly tar       nullBlock: false,
961 silly tar       block: null,
961 silly tar       path: 'package/runtime/wasm-compiler-edge.js.map',
961 silly tar       mode: 420,
961 silly tar       uid: 0,
961 silly tar       gid: 0,
961 silly tar       size: 1007911,
961 silly tar       mtime: 1985-10-26T08:15:00.000Z,
961 silly tar       cksum: 7762,
961 silly tar       linkpath: '',
961 silly tar       uname: '',
961 silly tar       gname: '',
961 silly tar       devmaj: 0,
961 silly tar       devmin: 0,
961 silly tar       atime: null,
961 silly tar       ctime: null,
961 silly tar       Symbol(type): '0'
961 silly tar     },
961 silly tar     startBlockSize: 1008128,
961 silly tar     blockRemain: 980603,
961 silly tar     remain: 980386,
961 silly tar     type: 'File',
961 silly tar     meta: false,
961 silly tar     ignore: false,
961 silly tar     path: 'runtime/wasm-compiler-edge.js.map',
961 silly tar     mode: 438,
961 silly tar     uid: 0,
961 silly tar     gid: 0,
961 silly tar     uname: '',
961 silly tar     gname: '',
961 silly tar     size: 1007911,
961 silly tar     mtime: 1985-10-26T08:15:00.000Z,
961 silly tar     atime: null,
961 silly tar     ctime: null,
961 silly tar     linkpath: '',
961 silly tar     absolute: '/run/media/ttf/4D68CCA27FA538EE/immo_tul/backend/node_modules/@prisma/client/runtime/wasm-compiler-edge.js.map',
961 silly tar     Symbol(shapeMode): false,
961 silly tar     Symbol(kCapture): false,
961 silly tar     Symbol(flowing): false,
961 silly tar     Symbol(paused): true,
961 silly tar     Symbol(pipes): [ [Pipe] ],
961 silly tar     Symbol(buffer): [
961 silly tar       <Buffer 78 63 65 65 64 65 64 45 72 72 6f 72 2e 74 73 22 2c 20 22 2e 2e 2f 73 72 63 2f 72 75 6e 74 69 6d 65 2f 63 6f 72 65 2f 65 6e 67 69 6e 65 73 2f 64 61 74 ... 15174 more bytes>
961 silly tar     ],
961 silly tar     Symbol(objectMode): false,
961 silly tar     Symbol(encoding): null,
961 silly tar     Symbol(async): false,
961 silly tar     Symbol(decoder): null,
961 silly tar     Symbol(EOF): false,
961 silly tar     Symbol(emittedEnd): false,
961 silly tar     Symbol(emittingEnd): false,
961 silly tar     Symbol(closed): false,
961 silly tar     Symbol(emittedError): null,
961 silly tar     Symbol(bufferLength): 15224,
961 silly tar     Symbol(destroyed): false,
961 silly tar     Symbol(signal): undefined,
961 silly tar     Symbol(aborted): false,
961 silly tar     Symbol(dataListeners): 0,
961 silly tar     Symbol(discarded): false
961 silly tar   },
961 silly tar   cwd: '/run/media/ttf/4D68CCA27FA538EE/immo_tul/backend/node_modules/@prisma/client',
961 silly tar   tarCode: 'TAR_ENTRY_ERROR'
961 silly tar }
962 warn tar TAR_ENTRY_ERROR ENOENT: no such file or directory, open '/run/media/ttf/4D68CCA27FA538EE/immo_tul/backend/node_modules/@prisma/client/runtime/wasm-compiler-edge.mjs.map'
963 silly tar TAR_ENTRY_ERROR ENOENT: no such file or directory, open '/run/media/ttf/4D68CCA27FA538EE/immo_tul/backend/node_modules/@prisma/client/runtime/wasm-compiler-edge.mjs.map' [Error: ENOENT: no such file or directory, open '/run/media/ttf/4D68CCA27FA538EE/immo_tul/backend/node_modules/@prisma/client/runtime/wasm-compiler-edge.mjs.map'] {
963 silly tar   errno: -2,
963 silly tar   code: 'ENOENT',
963 silly tar   syscall: 'open',
963 silly tar   path: '/run/media/ttf/4D68CCA27FA538EE/immo_tul/backend/node_modules/@prisma/client/runtime/wasm-compiler-edge.mjs.map',
963 silly tar   entry: ReadEntry {
963 silly tar     _events: [Object: null prototype] {
963 silly tar       end: [Function (anonymous)],
963 silly tar       drain: [Function]
963 silly tar     },
963 silly tar     _eventsCount: 2,
963 silly tar     _maxListeners: undefined,
963 silly tar     writable: true,
963 silly tar     readable: true,
963 silly tar     extended: null,
963 silly tar     globalExtended: null,
963 silly tar     header: Header {
963 silly tar       cksumValid: true,
963 silly tar       needPax: false,
963 silly tar       nullBlock: false,
963 silly tar       block: null,
963 silly tar       path: 'package/runtime/wasm-compiler-edge.mjs.map',
963 silly tar       mode: 420,
963 silly tar       uid: 0,
963 silly tar       gid: 0,
963 silly tar       size: 1006920,
963 silly tar       mtime: 1985-10-26T08:15:00.000Z,
963 silly tar       cksum: 7867,
963 silly tar       linkpath: '',
963 silly tar       uname: '',
963 silly tar       gname: '',
963 silly tar       devmaj: 0,
963 silly tar       devmin: 0,
963 silly tar       atime: null,
963 silly tar       ctime: null,
963 silly tar       Symbol(type): '0'
963 silly tar     },
963 silly tar     startBlockSize: 1007104,
963 silly tar     blockRemain: 930494,
963 silly tar     remain: 930310,
963 silly tar     type: 'File',
963 silly tar     meta: false,
963 silly tar     ignore: false,
963 silly tar     path: 'runtime/wasm-compiler-edge.mjs.map',
963 silly tar     mode: 438,
963 silly tar     uid: 0,
963 silly tar     gid: 0,
963 silly tar     uname: '',
963 silly tar     gname: '',
963 silly tar     size: 1006920,
963 silly tar     mtime: 1985-10-26T08:15:00.000Z,
963 silly tar     atime: null,
963 silly tar     ctime: null,
963 silly tar     linkpath: '',
963 silly tar     absolute: '/run/media/ttf/4D68CCA27FA538EE/immo_tul/backend/node_modules/@prisma/client/runtime/wasm-compiler-edge.mjs.map',
963 silly tar     Symbol(shapeMode): false,
963 silly tar     Symbol(kCapture): false,
963 silly tar     Symbol(flowing): false,
963 silly tar     Symbol(paused): true,
963 silly tar     Symbol(pipes): [ [Pipe] ],
963 silly tar     Symbol(buffer): [
963 silly tar       <Buffer 67 69 6e 74 2c 20 6f 66 66 73 65 74 3a 20 6e 75 6d 62 65 72 29 3a 20 6e 75 6d 62 65 72 5c 6e 20 20 77 72 69 74 65 42 69 67 55 49 6e 74 36 34 42 45 28 ... 16334 more bytes>,
963 silly tar       <Buffer 74 61 72 74 28 32 2c 20 27 30 27 29 2c 20 27 27 29 5c 6e 20 20 20 20 7d 5c 6e 5c 6e 20 20 20 20 62 75 66 66 65 72 50 6f 6c 79 66 69 6c 6c 44 6f 65 73 ... 16334 more bytes>,
963 silly tar       <Buffer 68 61 6e 20 3d 20 50 2e 6c 74 20 3d 20 66 75 6e 63 74 69 6f 6e 20 28 79 29 20 7b 5c 72 5c 6e 20 20 72 65 74 75 72 6e 20 74 68 69 73 2e 63 6d 70 28 79 ... 16334 more bytes>,
963 silly tar       <Buffer 6f 69 6e 74 2c 20 50 2e 73 71 72 74 2c 5c 72 5c 6e 20 2a 20 20 20 20 20 20 20 20 20 20 20 20 20 20 20 20 20 20 20 20 20 20 50 2e 74 69 6d 65 73 2c 20 ... 11755 more bytes>
963 silly tar     ],
963 silly tar     Symbol(objectMode): false,
963 silly tar     Symbol(encoding): null,
963 silly tar     Symbol(async): false,
963 silly tar     Symbol(decoder): null,
963 silly tar     Symbol(EOF): false,
963 silly tar     Symbol(emittedEnd): false,
963 silly tar     Symbol(emittingEnd): false,
963 silly tar     Symbol(closed): false,
963 silly tar     Symbol(emittedError): null,
963 silly tar     Symbol(bufferLength): 60957,
963 silly tar     Symbol(destroyed): false,
963 silly tar     Symbol(signal): undefined,
963 silly tar     Symbol(aborted): false,
963 silly tar     Symbol(dataListeners): 0,
963 silly tar     Symbol(discarded): false
963 silly tar   },
963 silly tar   cwd: '/run/media/ttf/4D68CCA27FA538EE/immo_tul/backend/node_modules/@prisma/client',
963 silly tar   tarCode: 'TAR_ENTRY_ERROR'
963 silly tar }
964 warn tar TAR_ENTRY_ERROR ENOENT: no such file or directory, open '/run/media/ttf/4D68CCA27FA538EE/immo_tul/backend/node_modules/@prisma/client/runtime/wasm-engine-edge.js.map'
965 silly tar TAR_ENTRY_ERROR ENOENT: no such file or directory, open '/run/media/ttf/4D68CCA27FA538EE/immo_tul/backend/node_modules/@prisma/client/runtime/wasm-engine-edge.js.map' [Error: ENOENT: no such file or directory, open '/run/media/ttf/4D68CCA27FA538EE/immo_tul/backend/node_modules/@prisma/client/runtime/wasm-engine-edge.js.map'] {
965 silly tar   errno: -2,
965 silly tar   code: 'ENOENT',
965 silly tar   syscall: 'open',
965 silly tar   path: '/run/media/ttf/4D68CCA27FA538EE/immo_tul/backend/node_modules/@prisma/client/runtime/wasm-engine-edge.js.map',
965 silly tar   entry: ReadEntry {
965 silly tar     _events: [Object: null prototype] {
965 silly tar       end: [Function (anonymous)],
965 silly tar       drain: [Function]
965 silly tar     },
965 silly tar     _eventsCount: 2,
965 silly tar     _maxListeners: undefined,
965 silly tar     writable: true,
965 silly tar     readable: true,
965 silly tar     extended: null,
965 silly tar     globalExtended: null,
965 silly tar     header: Header {
965 silly tar       cksumValid: true,
965 silly tar       needPax: false,
965 silly tar       nullBlock: false,
965 silly tar       block: null,
965 silly tar       path: 'package/runtime/wasm-engine-edge.js.map',
965 silly tar       mode: 420,
965 silly tar       uid: 0,
965 silly tar       gid: 0,
965 silly tar       size: 748454,
965 silly tar       mtime: 1985-10-26T08:15:00.000Z,
965 silly tar       cksum: 7538,
965 silly tar       linkpath: '',
965 silly tar       uname: '',
965 silly tar       gname: '',
965 silly tar       devmaj: 0,
965 silly tar       devmin: 0,
965 silly tar       atime: null,
965 silly tar       ctime: null,
965 silly tar       Symbol(type): '0'
965 silly tar     },
965 silly tar     startBlockSize: 748544,
965 silly tar     blockRemain: 691076,
965 silly tar     remain: 690986,
965 silly tar     type: 'File',
965 silly tar     meta: false,
965 silly tar     ignore: false,
965 silly tar     path: 'runtime/wasm-engine-edge.js.map',
965 silly tar     mode: 438,
965 silly tar     uid: 0,
965 silly tar     gid: 0,
965 silly tar     uname: '',
965 silly tar     gname: '',
965 silly tar     size: 748454,
965 silly tar     mtime: 1985-10-26T08:15:00.000Z,
965 silly tar     atime: null,
965 silly tar     ctime: null,
965 silly tar     linkpath: '',
965 silly tar     absolute: '/run/media/ttf/4D68CCA27FA538EE/immo_tul/backend/node_modules/@prisma/client/runtime/wasm-engine-edge.js.map',
965 silly tar     Symbol(shapeMode): false,
965 silly tar     Symbol(kCapture): false,
965 silly tar     Symbol(flowing): false,
965 silly tar     Symbol(paused): true,
965 silly tar     Symbol(pipes): [ [Pipe] ],
965 silly tar     Symbol(buffer): [
965 silly tar       <Buffer 6e 65 56 65 72 73 69 6f 6e 4e 6f 74 53 75 70 70 6f 72 74 65 64 45 72 72 6f 72 2e 74 73 22 2c 20 22 2e 2e 2f 73 72 63 2f 72 75 6e 74 69 6d 65 2f 63 6f ... 16334 more bytes>,
965 silly tar       <Buffer 72 69 6e 67 2c 20 65 6e 63 6f 64 69 6e 67 29 2e 63 6f 70 79 28 74 68 69 73 2c 20 6f 66 66 73 65 74 2c 20 30 2c 20 6c 65 6e 67 74 68 29 5c 6e 20 20 7d ... 16334 more bytes>,
965 silly tar       <Buffer 20 20 74 6f 45 78 70 6f 6e 65 6e 74 69 61 6c 5c 72 5c 6e 20 2a 20 20 74 6f 46 69 78 65 64 5c 72 5c 6e 20 2a 20 20 74 6f 49 6e 74 65 67 65 72 20 20 20 ... 16334 more bytes>
965 silly tar     ],
965 silly tar     Symbol(objectMode): false,
965 silly tar     Symbol(encoding): null,
965 silly tar     Symbol(async): false,
965 silly tar     Symbol(decoder): null,
965 silly tar     Symbol(EOF): false,
965 silly tar     Symbol(emittedEnd): false,
965 silly tar     Symbol(emittingEnd): false,
965 silly tar     Symbol(closed): false,
965 silly tar     Symbol(emittedError): null,
965 silly tar     Symbol(bufferLength): 49152,
965 silly tar     Symbol(destroyed): false,
965 silly tar     Symbol(signal): undefined,
965 silly tar     Symbol(aborted): false,
965 silly tar     Symbol(dataListeners): 0,
965 silly tar     Symbol(discarded): false
965 silly tar   },
965 silly tar   cwd: '/run/media/ttf/4D68CCA27FA538EE/immo_tul/backend/node_modules/@prisma/client',
965 silly tar   tarCode: 'TAR_ENTRY_ERROR'
965 silly tar }
966 warn tar TAR_ENTRY_ERROR ENOENT: no such file or directory, open '/run/media/ttf/4D68CCA27FA538EE/immo_tul/backend/node_modules/@prisma/client/runtime/wasm-engine-edge.mjs.map'
967 silly tar TAR_ENTRY_ERROR ENOENT: no such file or directory, open '/run/media/ttf/4D68CCA27FA538EE/immo_tul/backend/node_modules/@prisma/client/runtime/wasm-engine-edge.mjs.map' [Error: ENOENT: no such file or directory, open '/run/media/ttf/4D68CCA27FA538EE/immo_tul/backend/node_modules/@prisma/client/runtime/wasm-engine-edge.mjs.map'] {
967 silly tar   errno: -2,
967 silly tar   code: 'ENOENT',
967 silly tar   syscall: 'open',
967 silly tar   path: '/run/media/ttf/4D68CCA27FA538EE/immo_tul/backend/node_modules/@prisma/client/runtime/wasm-engine-edge.mjs.map',
967 silly tar   entry: ReadEntry {
967 silly tar     _events: [Object: null prototype] {
967 silly tar       end: [Function (anonymous)],
967 silly tar       drain: [Function]
967 silly tar     },
967 silly tar     _eventsCount: 2,
967 silly tar     _maxListeners: undefined,
967 silly tar     writable: true,
967 silly tar     readable: true,
967 silly tar     extended: null,
967 silly tar     globalExtended: null,
967 silly tar     header: Header {
967 silly tar       cksumValid: true,
967 silly tar       needPax: false,
967 silly tar       nullBlock: false,
967 silly tar       block: null,
967 silly tar       path: 'package/runtime/wasm-engine-edge.mjs.map',
967 silly tar       mode: 420,
967 silly tar       uid: 0,
967 silly tar       gid: 0,
967 silly tar       size: 747468,
967 silly tar       mtime: 1985-10-26T08:15:00.000Z,
967 silly tar       cksum: 7641,
967 silly tar       linkpath: '',
967 silly tar       uname: '',
967 silly tar       gname: '',
967 silly tar       devmaj: 0,
967 silly tar       devmin: 0,
967 silly tar       atime: null,
967 silly tar       ctime: null,
967 silly tar       Symbol(type): '0'
967 silly tar     },
967 silly tar     startBlockSize: 747520,
967 silly tar     blockRemain: 705812,
967 silly tar     remain: 705760,
967 silly tar     type: 'File',
967 silly tar     meta: false,
967 silly tar     ignore: false,
967 silly tar     path: 'runtime/wasm-engine-edge.mjs.map',
967 silly tar     mode: 438,
967 silly tar     uid: 0,
967 silly tar     gid: 0,
967 silly tar     uname: '',
967 silly tar     gname: '',
967 silly tar     size: 747468,
967 silly tar     mtime: 1985-10-26T08:15:00.000Z,
967 silly tar     atime: null,
967 silly tar     ctime: null,
967 silly tar     linkpath: '',
967 silly tar     absolute: '/run/media/ttf/4D68CCA27FA538EE/immo_tul/backend/node_modules/@prisma/client/runtime/wasm-engine-edge.mjs.map',
967 silly tar     Symbol(shapeMode): false,
967 silly tar     Symbol(kCapture): false,
967 silly tar     Symbol(flowing): false,
967 silly tar     Symbol(paused): true,
967 silly tar     Symbol(pipes): [ [Pipe] ],
967 silly tar     Symbol(buffer): [
967 silly tar       <Buffer 20 20 20 20 20 76 61 6c 75 65 2e 6d 61 70 28 28 76 29 20 3d 3e 20 76 20 25 20 32 35 36 29 2c 5c 6e 20 20 20 20 20 20 20 20 20 20 62 79 74 65 4f 66 66 ... 16334 more bytes>,
967 silly tar       <Buffer 27 42 45 27 5d 20 3d 20 67 65 6e 65 72 69 63 57 72 69 74 65 4d 65 74 68 6f 64 28 69 2c 20 66 61 6c 73 65 29 5c 6e 20 20 20 20 7d 5c 6e 20 20 20 20 63 ... 9085 more bytes>
967 silly tar     ],
967 silly tar     Symbol(objectMode): false,
967 silly tar     Symbol(encoding): null,
967 silly tar     Symbol(async): false,
967 silly tar     Symbol(decoder): null,
967 silly tar     Symbol(EOF): false,
967 silly tar     Symbol(emittedEnd): false,
967 silly tar     Symbol(emittingEnd): false,
967 silly tar     Symbol(closed): false,
967 silly tar     Symbol(emittedError): null,
967 silly tar     Symbol(bufferLength): 25519,
967 silly tar     Symbol(destroyed): false,
967 silly tar     Symbol(signal): undefined,
967 silly tar     Symbol(aborted): false,
967 silly tar     Symbol(dataListeners): 0,
967 silly tar     Symbol(discarded): false
967 silly tar   },
967 silly tar   cwd: '/run/media/ttf/4D68CCA27FA538EE/immo_tul/backend/node_modules/@prisma/client',
967 silly tar   tarCode: 'TAR_ENTRY_ERROR'
967 silly tar }
968 warn tar TAR_ENTRY_ERROR ENOENT: no such file or directory, open '/run/media/ttf/4D68CCA27FA538EE/immo_tul/backend/node_modules/@prisma/client/README.md'
969 silly tar TAR_ENTRY_ERROR ENOENT: no such file or directory, open '/run/media/ttf/4D68CCA27FA538EE/immo_tul/backend/node_modules/@prisma/client/README.md' [Error: ENOENT: no such file or directory, open '/run/media/ttf/4D68CCA27FA538EE/immo_tul/backend/node_modules/@prisma/client/README.md'] {
969 silly tar   errno: -2,
969 silly tar   code: 'ENOENT',
969 silly tar   syscall: 'open',
969 silly tar   path: '/run/media/ttf/4D68CCA27FA538EE/immo_tul/backend/node_modules/@prisma/client/README.md',
969 silly tar   entry: ReadEntry {
969 silly tar     _events: [Object: null prototype] {},
969 silly tar     _eventsCount: 0,
969 silly tar     _maxListeners: undefined,
969 silly tar     writable: false,
969 silly tar     readable: false,
969 silly tar     extended: null,
969 silly tar     globalExtended: null,
969 silly tar     header: Header {
969 silly tar       cksumValid: true,
969 silly tar       needPax: false,
969 silly tar       nullBlock: false,
969 silly tar       block: null,
969 silly tar       path: 'package/README.md',
969 silly tar       mode: 420,
969 silly tar       uid: 0,
969 silly tar       gid: 0,
969 silly tar       size: 2553,
969 silly tar       mtime: 1985-10-26T08:15:00.000Z,
969 silly tar       cksum: 5192,
969 silly tar       linkpath: '',
969 silly tar       uname: '',
969 silly tar       gname: '',
969 silly tar       devmaj: 0,
969 silly tar       devmin: 0,
969 silly tar       atime: null,
969 silly tar       ctime: null,
969 silly tar       Symbol(type): '0'
969 silly tar     },
969 silly tar     startBlockSize: 2560,
969 silly tar     blockRemain: 0,
969 silly tar     remain: 0,
969 silly tar     type: 'File',
969 silly tar     meta: false,
969 silly tar     ignore: false,
969 silly tar     path: 'README.md',
969 silly tar     mode: 438,
969 silly tar     uid: 0,
969 silly tar     gid: 0,
969 silly tar     uname: '',
969 silly tar     gname: '',
969 silly tar     size: 2553,
969 silly tar     mtime: 1985-10-26T08:15:00.000Z,
969 silly tar     atime: null,
969 silly tar     ctime: null,
969 silly tar     linkpath: '',
969 silly tar     absolute: '/run/media/ttf/4D68CCA27FA538EE/immo_tul/backend/node_modules/@prisma/client/README.md',
969 silly tar     Symbol(shapeMode): false,
969 silly tar     Symbol(kCapture): false,
969 silly tar     Symbol(flowing): false,
969 silly tar     Symbol(paused): true,
969 silly tar     Symbol(pipes): [ [Pipe] ],
969 silly tar     Symbol(buffer): [],
969 silly tar     Symbol(objectMode): false,
969 silly tar     Symbol(encoding): null,
969 silly tar     Symbol(async): false,
969 silly tar     Symbol(decoder): null,
969 silly tar     Symbol(EOF): true,
969 silly tar     Symbol(emittedEnd): true,
969 silly tar     Symbol(emittingEnd): false,
969 silly tar     Symbol(closed): false,
969 silly tar     Symbol(emittedError): null,
969 silly tar     Symbol(bufferLength): 0,
969 silly tar     Symbol(destroyed): false,
969 silly tar     Symbol(signal): undefined,
969 silly tar     Symbol(aborted): false,
969 silly tar     Symbol(dataListeners): 0,
969 silly tar     Symbol(discarded): false
969 silly tar   },
969 silly tar   cwd: '/run/media/ttf/4D68CCA27FA538EE/immo_tul/backend/node_modules/@prisma/client',
969 silly tar   tarCode: 'TAR_ENTRY_ERROR'
969 silly tar }
970 warn tar TAR_ENTRY_ERROR ENOENT: no such file or directory, open '/run/media/ttf/4D68CCA27FA538EE/immo_tul/backend/node_modules/@prisma/client/runtime/binary.mjs'
971 silly tar TAR_ENTRY_ERROR ENOENT: no such file or directory, open '/run/media/ttf/4D68CCA27FA538EE/immo_tul/backend/node_modules/@prisma/client/runtime/binary.mjs' [Error: ENOENT: no such file or directory, open '/run/media/ttf/4D68CCA27FA538EE/immo_tul/backend/node_modules/@prisma/client/runtime/binary.mjs'] {
971 silly tar   errno: -2,
971 silly tar   code: 'ENOENT',
971 silly tar   syscall: 'open',
971 silly tar   path: '/run/media/ttf/4D68CCA27FA538EE/immo_tul/backend/node_modules/@prisma/client/runtime/binary.mjs',
971 silly tar   entry: ReadEntry {
971 silly tar     _events: [Object: null prototype] {
971 silly tar       end: [Function (anonymous)],
971 silly tar       drain: [Function]
971 silly tar     },
971 silly tar     _eventsCount: 2,
971 silly tar     _maxListeners: undefined,
971 silly tar     writable: true,
971 silly tar     readable: true,
971 silly tar     extended: null,
971 silly tar     globalExtended: null,
971 silly tar     header: Header {
971 silly tar       cksumValid: true,
971 silly tar       needPax: false,
971 silly tar       nullBlock: false,
971 silly tar       block: null,
971 silly tar       path: 'package/runtime/binary.mjs',
971 silly tar       mode: 420,
971 silly tar       uid: 0,
971 silly tar       gid: 0,
971 silly tar       size: 672643,
971 silly tar       mtime: 1985-10-26T08:15:00.000Z,
971 silly tar       cksum: 6348,
971 silly tar       linkpath: '',
971 silly tar       uname: '',
971 silly tar       gname: '',
971 silly tar       devmaj: 0,
971 silly tar       devmin: 0,
971 silly tar       atime: null,
971 silly tar       ctime: null,
971 silly tar       Symbol(type): '0'
971 silly tar     },
971 silly tar     startBlockSize: 672768,
971 silly tar     blockRemain: 622781,
971 silly tar     remain: 622656,
971 silly tar     type: 'File',
971 silly tar     meta: false,
971 silly tar     ignore: false,
971 silly tar     path: 'runtime/binary.mjs',
971 silly tar     mode: 438,
971 silly tar     uid: 0,
971 silly tar     gid: 0,
971 silly tar     uname: '',
971 silly tar     gname: '',
971 silly tar     size: 672643,
971 silly tar     mtime: 1985-10-26T08:15:00.000Z,
971 silly tar     atime: null,
971 silly tar     ctime: null,
971 silly tar     linkpath: '',
971 silly tar     absolute: '/run/media/ttf/4D68CCA27FA538EE/immo_tul/backend/node_modules/@prisma/client/runtime/binary.mjs',
971 silly tar     Symbol(shapeMode): false,
971 silly tar     Symbol(kCapture): false,
971 silly tar     Symbol(flowing): false,
971 silly tar     Symbol(paused): true,
971 silly tar     Symbol(pipes): [ [Pipe] ],
971 silly tar     Symbol(buffer): [
971 silly tar       <Buffer 59 66 29 3d 3e 7b 22 75 73 65 20 73 74 72 69 63 74 22 3b 76 61 72 20 48 6e 3d 70 72 6f 63 65 73 73 2e 70 6c 61 74 66 6f 72 6d 3d 3d 3d 22 77 69 6e 33 ... 16334 more bytes>,
971 silly tar       <Buffer 56 5f 4b 45 59 3a 22 22 7d 66 75 6e 63 74 69 6f 6e 20 43 54 28 74 2c 65 29 7b 6c 65 74 20 72 3b 74 72 79 7b 72 3d 6e 65 77 20 55 52 4c 28 65 29 7d 63 ... 16334 more bytes>,
971 silly tar       <Buffer 22 29 2c 7b 49 6e 76 61 6c 69 64 41 72 67 75 6d 65 6e 74 45 72 72 6f 72 3a 77 65 7d 3d 48 28 29 2c 7b 68 65 61 64 65 72 4e 61 6d 65 4c 6f 77 65 72 43 ... 14316 more bytes>
971 silly tar     ],
971 silly tar     Symbol(objectMode): false,
971 silly tar     Symbol(encoding): null,
971 silly tar     Symbol(async): false,
971 silly tar     Symbol(decoder): null,
971 silly tar     Symbol(EOF): false,
971 silly tar     Symbol(emittedEnd): false,
971 silly tar     Symbol(emittingEnd): false,
971 silly tar     Symbol(closed): false,
971 silly tar     Symbol(emittedError): null,
971 silly tar     Symbol(bufferLength): 47134,
971 silly tar     Symbol(destroyed): false,
971 silly tar     Symbol(signal): undefined,
971 silly tar     Symbol(aborted): false,
971 silly tar     Symbol(dataListeners): 0,
971 silly tar     Symbol(discarded): false
971 silly tar   },
971 silly tar   cwd: '/run/media/ttf/4D68CCA27FA538EE/immo_tul/backend/node_modules/@prisma/client',
971 silly tar   tarCode: 'TAR_ENTRY_ERROR'
971 silly tar }
972 warn tar TAR_ENTRY_ERROR ENOENT: no such file or directory, open '/run/media/ttf/4D68CCA27FA538EE/immo_tul/backend/node_modules/@prisma/client/runtime/client.mjs'
973 silly tar TAR_ENTRY_ERROR ENOENT: no such file or directory, open '/run/media/ttf/4D68CCA27FA538EE/immo_tul/backend/node_modules/@prisma/client/runtime/client.mjs' [Error: ENOENT: no such file or directory, open '/run/media/ttf/4D68CCA27FA538EE/immo_tul/backend/node_modules/@prisma/client/runtime/client.mjs'] {
973 silly tar   errno: -2,
973 silly tar   code: 'ENOENT',
973 silly tar   syscall: 'open',
973 silly tar   path: '/run/media/ttf/4D68CCA27FA538EE/immo_tul/backend/node_modules/@prisma/client/runtime/client.mjs',
973 silly tar   entry: ReadEntry {
973 silly tar     _events: [Object: null prototype] {
973 silly tar       end: [Function (anonymous)],
973 silly tar       drain: [Function]
973 silly tar     },
973 silly tar     _eventsCount: 2,
973 silly tar     _maxListeners: undefined,
973 silly tar     writable: true,
973 silly tar     readable: true,
973 silly tar     extended: null,
973 silly tar     globalExtended: null,
973 silly tar     header: Header {
973 silly tar       cksumValid: true,
973 silly tar       needPax: false,
973 silly tar       nullBlock: false,
973 silly tar       block: null,
973 silly tar       path: 'package/runtime/client.mjs',
973 silly tar       mode: 420,
973 silly tar       uid: 0,
973 silly tar       gid: 0,
973 silly tar       size: 229231,
973 silly tar       mtime: 1985-10-26T08:15:00.000Z,
973 silly tar       cksum: 6359,
973 silly tar       linkpath: '',
973 silly tar       uname: '',
973 silly tar       gname: '',
973 silly tar       devmaj: 0,
973 silly tar       devmin: 0,
973 silly tar       atime: null,
973 silly tar       ctime: null,
973 silly tar       Symbol(type): '0'
973 silly tar     },
973 silly tar     startBlockSize: 229376,
973 silly tar     blockRemain: 203495,
973 silly tar     remain: 203350,
973 silly tar     type: 'File',
973 silly tar     meta: false,
973 silly tar     ignore: false,
973 silly tar     path: 'runtime/client.mjs',
973 silly tar     mode: 438,
973 silly tar     uid: 0,
973 silly tar     gid: 0,
973 silly tar     uname: '',
973 silly tar     gname: '',
973 silly tar     size: 229231,
973 silly tar     mtime: 1985-10-26T08:15:00.000Z,
973 silly tar     atime: null,
973 silly tar     ctime: null,
973 silly tar     linkpath: '',
973 silly tar     absolute: '/run/media/ttf/4D68CCA27FA538EE/immo_tul/backend/node_modules/@prisma/client/runtime/client.mjs',
973 silly tar     Symbol(shapeMode): false,
973 silly tar     Symbol(kCapture): false,
973 silly tar     Symbol(flowing): false,
973 silly tar     Symbol(paused): true,
973 silly tar     Symbol(pipes): [ [Pipe] ],
973 silly tar     Symbol(buffer): [
973 silly tar       <Buffer 22 75 73 65 20 73 74 72 69 63 74 22 3b 74 6e 2e 65 78 70 6f 72 74 73 3d 28 65 3d 7b 7d 29 3d 3e 7b 6c 65 74 20 74 3b 69 66 28 65 2e 72 65 70 6f 55 72 ... 14882 more bytes>
973 silly tar     ],
973 silly tar     Symbol(objectMode): false,
973 silly tar     Symbol(encoding): null,
973 silly tar     Symbol(async): false,
973 silly tar     Symbol(decoder): null,
973 silly tar     Symbol(EOF): false,
973 silly tar     Symbol(emittedEnd): false,
973 silly tar     Symbol(emittingEnd): false,
973 silly tar     Symbol(closed): false,
973 silly tar     Symbol(emittedError): null,
973 silly tar     Symbol(bufferLength): 14932,
973 silly tar     Symbol(destroyed): false,
973 silly tar     Symbol(signal): undefined,
973 silly tar     Symbol(aborted): false,
973 silly tar     Symbol(dataListeners): 0,
973 silly tar     Symbol(discarded): false
973 silly tar   },
973 silly tar   cwd: '/run/media/ttf/4D68CCA27FA538EE/immo_tul/backend/node_modules/@prisma/client',
973 silly tar   tarCode: 'TAR_ENTRY_ERROR'
973 silly tar }
974 warn tar TAR_ENTRY_ERROR ENOENT: no such file or directory, open '/run/media/ttf/4D68CCA27FA538EE/immo_tul/backend/node_modules/@prisma/client/runtime/index-browser.mjs'
975 silly tar TAR_ENTRY_ERROR ENOENT: no such file or directory, open '/run/media/ttf/4D68CCA27FA538EE/immo_tul/backend/node_modules/@prisma/client/runtime/index-browser.mjs' [Error: ENOENT: no such file or directory, open '/run/media/ttf/4D68CCA27FA538EE/immo_tul/backend/node_modules/@prisma/client/runtime/index-browser.mjs'] {
975 silly tar   errno: -2,
975 silly tar   code: 'ENOENT',
975 silly tar   syscall: 'open',
975 silly tar   path: '/run/media/ttf/4D68CCA27FA538EE/immo_tul/backend/node_modules/@prisma/client/runtime/index-browser.mjs',
975 silly tar   entry: ReadEntry {
975 silly tar     _events: [Object: null prototype] { end: [Function (anonymous)] },
975 silly tar     _eventsCount: 1,
975 silly tar     _maxListeners: undefined,
975 silly tar     writable: false,
975 silly tar     readable: true,
975 silly tar     extended: null,
975 silly tar     globalExtended: null,
975 silly tar     header: Header {
975 silly tar       cksumValid: true,
975 silly tar       needPax: false,
975 silly tar       nullBlock: false,
975 silly tar       block: null,
975 silly tar       path: 'package/runtime/index-browser.mjs',
975 silly tar       mode: 420,
975 silly tar       uid: 0,
975 silly tar       gid: 0,
975 silly tar       size: 34869,
975 silly tar       mtime: 1985-10-26T08:15:00.000Z,
975 silly tar       cksum: 7052,
975 silly tar       linkpath: '',
975 silly tar       uname: '',
975 silly tar       gname: '',
975 silly tar       devmaj: 0,
975 silly tar       devmin: 0,
975 silly tar       atime: null,
975 silly tar       ctime: null,
975 silly tar       Symbol(type): '0'
975 silly tar     },
975 silly tar     startBlockSize: 35328,
975 silly tar     blockRemain: 0,
975 silly tar     remain: 0,
975 silly tar     type: 'File',
975 silly tar     meta: false,
975 silly tar     ignore: false,
975 silly tar     path: 'runtime/index-browser.mjs',
975 silly tar     mode: 438,
975 silly tar     uid: 0,
975 silly tar     gid: 0,
975 silly tar     uname: '',
975 silly tar     gname: '',
975 silly tar     size: 34869,
975 silly tar     mtime: 1985-10-26T08:15:00.000Z,
975 silly tar     atime: null,
975 silly tar     ctime: null,
975 silly tar     linkpath: '',
975 silly tar     absolute: '/run/media/ttf/4D68CCA27FA538EE/immo_tul/backend/node_modules/@prisma/client/runtime/index-browser.mjs',
975 silly tar     Symbol(shapeMode): false,
975 silly tar     Symbol(kCapture): false,
975 silly tar     Symbol(flowing): false,
975 silly tar     Symbol(paused): true,
975 silly tar     Symbol(pipes): [ [Pipe] ],
975 silly tar     Symbol(buffer): [
975 silly tar       <Buffer 69 6e 67 3d 6e 2c 70 28 5a 3d 3d 32 7c 7c 5a 3d 3d 34 3f 69 2e 6e 65 67 28 29 3a 69 2c 65 2c 6e 2c 21 30 29 29 3a 6e 65 77 20 74 28 4e 61 4e 29 7d 3b ... 16334 more bytes>,
975 silly tar       <Buffer 61 73 69 6e 3d 67 6e 2c 73 2e 61 73 69 6e 68 3d 6d 6e 2c 73 2e 61 74 61 6e 3d 77 6e 2c 73 2e 61 74 61 6e 68 3d 4e 6e 2c 73 2e 61 74 61 6e 32 3d 76 6e ... 3103 more bytes>
975 silly tar     ],
975 silly tar     Symbol(objectMode): false,
975 silly tar     Symbol(encoding): null,
975 silly tar     Symbol(async): false,
975 silly tar     Symbol(decoder): null,
975 silly tar     Symbol(EOF): true,
975 silly tar     Symbol(emittedEnd): false,
975 silly tar     Symbol(emittingEnd): false,
975 silly tar     Symbol(closed): false,
975 silly tar     Symbol(emittedError): null,
975 silly tar     Symbol(bufferLength): 19537,
975 silly tar     Symbol(destroyed): false,
975 silly tar     Symbol(signal): undefined,
975 silly tar     Symbol(aborted): false,
975 silly tar     Symbol(dataListeners): 0,
975 silly tar     Symbol(discarded): false
975 silly tar   },
975 silly tar   cwd: '/run/media/ttf/4D68CCA27FA538EE/immo_tul/backend/node_modules/@prisma/client',
975 silly tar   tarCode: 'TAR_ENTRY_ERROR'
975 silly tar }
976 warn tar TAR_ENTRY_ERROR ENOENT: no such file or directory, open '/run/media/ttf/4D68CCA27FA538EE/immo_tul/backend/node_modules/@prisma/client/runtime/library.mjs'
977 silly tar TAR_ENTRY_ERROR ENOENT: no such file or directory, open '/run/media/ttf/4D68CCA27FA538EE/immo_tul/backend/node_modules/@prisma/client/runtime/library.mjs' [Error: ENOENT: no such file or directory, open '/run/media/ttf/4D68CCA27FA538EE/immo_tul/backend/node_modules/@prisma/client/runtime/library.mjs'] {
977 silly tar   errno: -2,
977 silly tar   code: 'ENOENT',
977 silly tar   syscall: 'open',
977 silly tar   path: '/run/media/ttf/4D68CCA27FA538EE/immo_tul/backend/node_modules/@prisma/client/runtime/library.mjs',
977 silly tar   entry: ReadEntry {
977 silly tar     _events: [Object: null prototype] {
977 silly tar       end: [Function (anonymous)],
977 silly tar       drain: [Function]
977 silly tar     },
977 silly tar     _eventsCount: 2,
977 silly tar     _maxListeners: undefined,
977 silly tar     writable: true,
977 silly tar     readable: true,
977 silly tar     extended: null,
977 silly tar     globalExtended: null,
977 silly tar     header: Header {
977 silly tar       cksumValid: true,
977 silly tar       needPax: false,
977 silly tar       nullBlock: false,
977 silly tar       block: null,
977 silly tar       path: 'package/runtime/library.mjs',
977 silly tar       mode: 420,
977 silly tar       uid: 0,
977 silly tar       gid: 0,
977 silly tar       size: 201974,
977 silly tar       mtime: 1985-10-26T08:15:00.000Z,
977 silly tar       cksum: 6464,
977 silly tar       linkpath: '',
977 silly tar       uname: '',
977 silly tar       gname: '',
977 silly tar       devmaj: 0,
977 silly tar       devmin: 0,
977 silly tar       atime: null,
977 silly tar       ctime: null,
977 silly tar       Symbol(type): '0'
977 silly tar     },
977 silly tar     startBlockSize: 202240,
977 silly tar     blockRemain: 152785,
977 silly tar     remain: 152519,
977 silly tar     type: 'File',
977 silly tar     meta: false,
977 silly tar     ignore: false,
977 silly tar     path: 'runtime/library.mjs',
977 silly tar     mode: 438,
977 silly tar     uid: 0,
977 silly tar     gid: 0,
977 silly tar     uname: '',
977 silly tar     gname: '',
977 silly tar     size: 201974,
977 silly tar     mtime: 1985-10-26T08:15:00.000Z,
977 silly tar     atime: null,
977 silly tar     ctime: null,
977 silly tar     linkpath: '',
977 silly tar     absolute: '/run/media/ttf/4D68CCA27FA538EE/immo_tul/backend/node_modules/@prisma/client/runtime/library.mjs',
977 silly tar     Symbol(shapeMode): false,
977 silly tar     Symbol(kCapture): false,
977 silly tar     Symbol(flowing): false,
977 silly tar     Symbol(paused): true,
977 silly tar     Symbol(pipes): [ [Pipe] ],
977 silly tar     Symbol(buffer): [
977 silly tar       <Buffer 3a 22 68 74 74 70 73 3a 2f 2f 67 69 74 68 75 62 2e 63 6f 6d 2f 70 72 69 73 6d 61 2f 70 72 69 73 6d 61 2f 69 73 73 75 65 73 22 2c 6c 69 63 65 6e 73 65 ... 16334 more bytes>,
977 silly tar       <Buffer 6e 20 63 65 28 65 29 7b 72 65 74 75 72 6e 20 4f 62 6a 65 63 74 2e 61 73 73 69 67 6e 28 65 2c 7b 6f 70 74 69 6f 6e 61 6c 3a 28 29 3d 3e 43 75 28 65 29 ... 16334 more bytes>,
977 silly tar       <Buffer 61 6d 65 2c 22 2e 2e 2f 22 29 7d 76 61 72 20 41 68 3d 22 6c 69 62 71 75 65 72 79 2d 65 6e 67 69 6e 65 22 3b 4d 2e 6a 6f 69 6e 28 5f 5f 64 69 72 6e 61 ... 12125 more bytes>
977 silly tar     ],
977 silly tar     Symbol(objectMode): false,
977 silly tar     Symbol(encoding): null,
977 silly tar     Symbol(async): false,
977 silly tar     Symbol(decoder): null,
977 silly tar     Symbol(EOF): false,
977 silly tar     Symbol(emittedEnd): false,
977 silly tar     Symbol(emittingEnd): false,
977 silly tar     Symbol(closed): false,
977 silly tar     Symbol(emittedError): null,
977 silly tar     Symbol(bufferLength): 44943,
977 silly tar     Symbol(destroyed): false,
977 silly tar     Symbol(signal): undefined,
977 silly tar     Symbol(aborted): false,
977 silly tar     Symbol(dataListeners): 0,
977 silly tar     Symbol(discarded): false
977 silly tar   },
977 silly tar   cwd: '/run/media/ttf/4D68CCA27FA538EE/immo_tul/backend/node_modules/@prisma/client',
977 silly tar   tarCode: 'TAR_ENTRY_ERROR'
977 silly tar }
978 warn tar TAR_ENTRY_ERROR ENOENT: no such file or directory, open '/run/media/ttf/4D68CCA27FA538EE/immo_tul/backend/node_modules/@prisma/client/runtime/query_compiler_bg.cockroachdb.mjs'
979 silly tar TAR_ENTRY_ERROR ENOENT: no such file or directory, open '/run/media/ttf/4D68CCA27FA538EE/immo_tul/backend/node_modules/@prisma/client/runtime/query_compiler_bg.cockroachdb.mjs' [Error: ENOENT: no such file or directory, open '/run/media/ttf/4D68CCA27FA538EE/immo_tul/backend/node_modules/@prisma/client/runtime/query_compiler_bg.cockroachdb.mjs'] {
979 silly tar   errno: -2,
979 silly tar   code: 'ENOENT',
979 silly tar   syscall: 'open',
979 silly tar   path: '/run/media/ttf/4D68CCA27FA538EE/immo_tul/backend/node_modules/@prisma/client/runtime/query_compiler_bg.cockroachdb.mjs',
979 silly tar   entry: ReadEntry {
979 silly tar     _events: [Object: null prototype] {},
979 silly tar     _eventsCount: 0,
979 silly tar     _maxListeners: undefined,
979 silly tar     writable: false,
979 silly tar     readable: false,
979 silly tar     extended: null,
979 silly tar     globalExtended: null,
979 silly tar     header: Header {
979 silly tar       cksumValid: true,
979 silly tar       needPax: false,
979 silly tar       nullBlock: false,
979 silly tar       block: null,
979 silly tar       path: 'package/runtime/query_compiler_bg.cockroachdb.mjs',
979 silly tar       mode: 420,
979 silly tar       uid: 0,
979 silly tar       gid: 0,
979 silly tar       size: 8507,
979 silly tar       mtime: 1985-10-26T08:15:00.000Z,
979 silly tar       cksum: 8700,
979 silly tar       linkpath: '',
979 silly tar       uname: '',
979 silly tar       gname: '',
979 silly tar       devmaj: 0,
979 silly tar       devmin: 0,
979 silly tar       atime: null,
979 silly tar       ctime: null,
979 silly tar       Symbol(type): '0'
979 silly tar     },
979 silly tar     startBlockSize: 8704,
979 silly tar     blockRemain: 0,
979 silly tar     remain: 0,
979 silly tar     type: 'File',
979 silly tar     meta: false,
979 silly tar     ignore: false,
979 silly tar     path: 'runtime/query_compiler_bg.cockroachdb.mjs',
979 silly tar     mode: 438,
979 silly tar     uid: 0,
979 silly tar     gid: 0,
979 silly tar     uname: '',
979 silly tar     gname: '',
979 silly tar     size: 8507,
979 silly tar     mtime: 1985-10-26T08:15:00.000Z,
979 silly tar     atime: null,
979 silly tar     ctime: null,
979 silly tar     linkpath: '',
979 silly tar     absolute: '/run/media/ttf/4D68CCA27FA538EE/immo_tul/backend/node_modules/@prisma/client/runtime/query_compiler_bg.cockroachdb.mjs',
979 silly tar     Symbol(shapeMode): false,
979 silly tar     Symbol(kCapture): false,
979 silly tar     Symbol(flowing): false,
979 silly tar     Symbol(paused): true,
979 silly tar     Symbol(pipes): [ [Pipe] ],
979 silly tar     Symbol(buffer): [],
979 silly tar     Symbol(objectMode): false,
979 silly tar     Symbol(encoding): null,
979 silly tar     Symbol(async): false,
979 silly tar     Symbol(decoder): null,
979 silly tar     Symbol(EOF): true,
979 silly tar     Symbol(emittedEnd): true,
979 silly tar     Symbol(emittingEnd): false,
979 silly tar     Symbol(closed): false,
979 silly tar     Symbol(emittedError): null,
979 silly tar     Symbol(bufferLength): 0,
979 silly tar     Symbol(destroyed): false,
979 silly tar     Symbol(signal): undefined,
979 silly tar     Symbol(aborted): false,
979 silly tar     Symbol(dataListeners): 0,
979 silly tar     Symbol(discarded): false
979 silly tar   },
979 silly tar   cwd: '/run/media/ttf/4D68CCA27FA538EE/immo_tul/backend/node_modules/@prisma/client',
979 silly tar   tarCode: 'TAR_ENTRY_ERROR'
979 silly tar }
980 warn tar TAR_ENTRY_ERROR ENOENT: no such file or directory, open '/run/media/ttf/4D68CCA27FA538EE/immo_tul/backend/node_modules/@prisma/client/runtime/query_compiler_bg.cockroachdb.wasm-base64.mjs'
981 silly tar TAR_ENTRY_ERROR ENOENT: no such file or directory, open '/run/media/ttf/4D68CCA27FA538EE/immo_tul/backend/node_modules/@prisma/client/runtime/query_compiler_bg.cockroachdb.wasm-base64.mjs' [Error: ENOENT: no such file or directory, open '/run/media/ttf/4D68CCA27FA538EE/immo_tul/backend/node_modules/@prisma/client/runtime/query_compiler_bg.cockroachdb.wasm-base64.mjs'] {
981 silly tar   errno: -2,
981 silly tar   code: 'ENOENT',
981 silly tar   syscall: 'open',
981 silly tar   path: '/run/media/ttf/4D68CCA27FA538EE/immo_tul/backend/node_modules/@prisma/client/runtime/query_compiler_bg.cockroachdb.wasm-base64.mjs',
981 silly tar   entry: ReadEntry {
981 silly tar     _events: [Object: null prototype] {
981 silly tar       end: [Function (anonymous)],
981 silly tar       drain: [Function]
981 silly tar     },
981 silly tar     _eventsCount: 2,
981 silly tar     _maxListeners: undefined,
981 silly tar     writable: true,
981 silly tar     readable: true,
981 silly tar     extended: null,
981 silly tar     globalExtended: null,
981 silly tar     header: Header {
981 silly tar       cksumValid: true,
981 silly tar       needPax: false,
981 silly tar       nullBlock: false,
981 silly tar       block: null,
981 silly tar       path: 'package/runtime/query_compiler_bg.cockroachdb.wasm-base64.mjs',
981 silly tar       mode: 420,
981 silly tar       uid: 0,
981 silly tar       gid: 0,
981 silly tar       size: 2635161,
981 silly tar       mtime: 1985-10-26T08:15:00.000Z,
981 silly tar       cksum: 9750,
981 silly tar       linkpath: '',
981 silly tar       uname: '',
981 silly tar       gname: '',
981 silly tar       devmaj: 0,
981 silly tar       devmin: 0,
981 silly tar       atime: null,
981 silly tar       ctime: null,
981 silly tar       Symbol(type): '0'
981 silly tar     },
981 silly tar     startBlockSize: 2635264,
981 silly tar     blockRemain: 2610273,
981 silly tar     remain: 2610170,
981 silly tar     type: 'File',
981 silly tar     meta: false,
981 silly tar     ignore: false,
981 silly tar     path: 'runtime/query_compiler_bg.cockroachdb.wasm-base64.mjs',
981 silly tar     mode: 438,
981 silly tar     uid: 0,
981 silly tar     gid: 0,
981 silly tar     uname: '',
981 silly tar     gname: '',
981 silly tar     size: 2635161,
981 silly tar     mtime: 1985-10-26T08:15:00.000Z,
981 silly tar     atime: null,
981 silly tar     ctime: null,
981 silly tar     linkpath: '',
981 silly tar     absolute: '/run/media/ttf/4D68CCA27FA538EE/immo_tul/backend/node_modules/@prisma/client/runtime/query_compiler_bg.cockroachdb.wasm-base64.mjs',
981 silly tar     Symbol(shapeMode): false,
981 silly tar     Symbol(kCapture): false,
981 silly tar     Symbol(flowing): false,
981 silly tar     Symbol(paused): true,
981 silly tar     Symbol(pipes): [ [Pipe] ],
981 silly tar     Symbol(buffer): [
981 silly tar       <Buffer 42 51 41 41 42 41 55 48 41 41 55 49 42 51 51 46 41 41 41 41 41 41 51 42 41 41 55 45 41 41 67 44 42 77 41 41 41 41 55 45 41 41 67 46 41 41 63 50 41 41 ... 16334 more bytes>,
981 silly tar       <Buffer 41 67 41 67 4f 69 41 48 4b 51 4b 77 47 54 63 43 41 43 41 54 49 45 52 42 43 47 6f 69 46 43 6b 41 41 44 63 44 41 43 41 48 51 62 38 64 61 69 49 65 49 45 ... 2667 more bytes>
981 silly tar     ],
981 silly tar     Symbol(objectMode): false,
981 silly tar     Symbol(encoding): null,
981 silly tar     Symbol(async): false,
981 silly tar     Symbol(decoder): null,
981 silly tar     Symbol(EOF): false,
981 silly tar     Symbol(emittedEnd): false,
981 silly tar     Symbol(emittingEnd): false,
981 silly tar     Symbol(closed): false,
981 silly tar     Symbol(emittedError): null,
981 silly tar     Symbol(bufferLength): 19101,
981 silly tar     Symbol(destroyed): false,
981 silly tar     Symbol(signal): undefined,
981 silly tar     Symbol(aborted): false,
981 silly tar     Symbol(dataListeners): 0,
981 silly tar     Symbol(discarded): false
981 silly tar   },
981 silly tar   cwd: '/run/media/ttf/4D68CCA27FA538EE/immo_tul/backend/node_modules/@prisma/client',
981 silly tar   tarCode: 'TAR_ENTRY_ERROR'
981 silly tar }
982 warn tar TAR_ENTRY_ERROR ENOENT: no such file or directory, open '/run/media/ttf/4D68CCA27FA538EE/immo_tul/backend/node_modules/@prisma/client/runtime/query_compiler_bg.mysql.mjs'
983 silly tar TAR_ENTRY_ERROR ENOENT: no such file or directory, open '/run/media/ttf/4D68CCA27FA538EE/immo_tul/backend/node_modules/@prisma/client/runtime/query_compiler_bg.mysql.mjs' [Error: ENOENT: no such file or directory, open '/run/media/ttf/4D68CCA27FA538EE/immo_tul/backend/node_modules/@prisma/client/runtime/query_compiler_bg.mysql.mjs'] {
983 silly tar   errno: -2,
983 silly tar   code: 'ENOENT',
983 silly tar   syscall: 'open',
983 silly tar   path: '/run/media/ttf/4D68CCA27FA538EE/immo_tul/backend/node_modules/@prisma/client/runtime/query_compiler_bg.mysql.mjs',
983 silly tar   entry: ReadEntry {
983 silly tar     _events: [Object: null prototype] {},
983 silly tar     _eventsCount: 0,
983 silly tar     _maxListeners: undefined,
983 silly tar     writable: false,
983 silly tar     readable: false,
983 silly tar     extended: null,
983 silly tar     globalExtended: null,
983 silly tar     header: Header {
983 silly tar       cksumValid: true,
983 silly tar       needPax: false,
983 silly tar       nullBlock: false,
983 silly tar       block: null,
983 silly tar       path: 'package/runtime/query_compiler_bg.mysql.mjs',
983 silly tar       mode: 420,
983 silly tar       uid: 0,
983 silly tar       gid: 0,
983 silly tar       size: 8507,
983 silly tar       mtime: 1985-10-26T08:15:00.000Z,
983 silly tar       cksum: 8127,
983 silly tar       linkpath: '',
983 silly tar       uname: '',
983 silly tar       gname: '',
983 silly tar       devmaj: 0,
983 silly tar       devmin: 0,
983 silly tar       atime: null,
983 silly tar       ctime: null,
983 silly tar       Symbol(type): '0'
983 silly tar     },
983 silly tar     startBlockSize: 8704,
983 silly tar     blockRemain: 0,
983 silly tar     remain: 0,
983 silly tar     type: 'File',
983 silly tar     meta: false,
983 silly tar     ignore: false,
983 silly tar     path: 'runtime/query_compiler_bg.mysql.mjs',
983 silly tar     mode: 438,
983 silly tar     uid: 0,
983 silly tar     gid: 0,
983 silly tar     uname: '',
983 silly tar     gname: '',
983 silly tar     size: 8507,
983 silly tar     mtime: 1985-10-26T08:15:00.000Z,
983 silly tar     atime: null,
983 silly tar     ctime: null,
983 silly tar     linkpath: '',
983 silly tar     absolute: '/run/media/ttf/4D68CCA27FA538EE/immo_tul/backend/node_modules/@prisma/client/runtime/query_compiler_bg.mysql.mjs',
983 silly tar     Symbol(shapeMode): false,
983 silly tar     Symbol(kCapture): false,
983 silly tar     Symbol(flowing): false,
983 silly tar     Symbol(paused): true,
983 silly tar     Symbol(pipes): [ [Pipe] ],
983 silly tar     Symbol(buffer): [],
983 silly tar     Symbol(objectMode): false,
983 silly tar     Symbol(encoding): null,
983 silly tar     Symbol(async): false,
983 silly tar     Symbol(decoder): null,
983 silly tar     Symbol(EOF): true,
983 silly tar     Symbol(emittedEnd): true,
983 silly tar     Symbol(emittingEnd): false,
983 silly tar     Symbol(closed): false,
983 silly tar     Symbol(emittedError): null,
983 silly tar     Symbol(bufferLength): 0,
983 silly tar     Symbol(destroyed): false,
983 silly tar     Symbol(signal): undefined,
983 silly tar     Symbol(aborted): false,
983 silly tar     Symbol(dataListeners): 0,
983 silly tar     Symbol(discarded): false
983 silly tar   },
983 silly tar   cwd: '/run/media/ttf/4D68CCA27FA538EE/immo_tul/backend/node_modules/@prisma/client',
983 silly tar   tarCode: 'TAR_ENTRY_ERROR'
983 silly tar }
984 warn tar TAR_ENTRY_ERROR ENOENT: no such file or directory, open '/run/media/ttf/4D68CCA27FA538EE/immo_tul/backend/node_modules/@prisma/client/runtime/query_compiler_bg.mysql.wasm-base64.mjs'
985 silly tar TAR_ENTRY_ERROR ENOENT: no such file or directory, open '/run/media/ttf/4D68CCA27FA538EE/immo_tul/backend/node_modules/@prisma/client/runtime/query_compiler_bg.mysql.wasm-base64.mjs' [Error: ENOENT: no such file or directory, open '/run/media/ttf/4D68CCA27FA538EE/immo_tul/backend/node_modules/@prisma/client/runtime/query_compiler_bg.mysql.wasm-base64.mjs'] {
985 silly tar   errno: -2,
985 silly tar   code: 'ENOENT',
985 silly tar   syscall: 'open',
985 silly tar   path: '/run/media/ttf/4D68CCA27FA538EE/immo_tul/backend/node_modules/@prisma/client/runtime/query_compiler_bg.mysql.wasm-base64.mjs',
985 silly tar   entry: ReadEntry {
985 silly tar     _events: [Object: null prototype] { end: [Function (anonymous)] },
985 silly tar     _eventsCount: 1,
985 silly tar     _maxListeners: undefined,
985 silly tar     writable: true,
985 silly tar     readable: true,
985 silly tar     extended: null,
985 silly tar     globalExtended: null,
985 silly tar     header: Header {
985 silly tar       cksumValid: true,
985 silly tar       needPax: false,
985 silly tar       nullBlock: false,
985 silly tar       block: null,
985 silly tar       path: 'package/runtime/query_compiler_bg.mysql.wasm-base64.mjs',
985 silly tar       mode: 420,
985 silly tar       uid: 0,
985 silly tar       gid: 0,
985 silly tar       size: 2554193,
985 silly tar       mtime: 1985-10-26T08:15:00.000Z,
985 silly tar       cksum: 9185,
985 silly tar       linkpath: '',
985 silly tar       uname: '',
985 silly tar       gname: '',
985 silly tar       devmaj: 0,
985 silly tar       devmin: 0,
985 silly tar       atime: null,
985 silly tar       ctime: null,
985 silly tar       Symbol(type): '0'
985 silly tar     },
985 silly tar     startBlockSize: 2554368,
985 silly tar     blockRemain: 2547127,
985 silly tar     remain: 2546952,
985 silly tar     type: 'File',
985 silly tar     meta: false,
985 silly tar     ignore: false,
985 silly tar     path: 'runtime/query_compiler_bg.mysql.wasm-base64.mjs',
985 silly tar     mode: 438,
985 silly tar     uid: 0,
985 silly tar     gid: 0,
985 silly tar     uname: '',
985 silly tar     gname: '',
985 silly tar     size: 2554193,
985 silly tar     mtime: 1985-10-26T08:15:00.000Z,
985 silly tar     atime: null,
985 silly tar     ctime: null,
985 silly tar     linkpath: '',
985 silly tar     absolute: '/run/media/ttf/4D68CCA27FA538EE/immo_tul/backend/node_modules/@prisma/client/runtime/query_compiler_bg.mysql.wasm-base64.mjs',
985 silly tar     Symbol(shapeMode): false,
985 silly tar     Symbol(kCapture): false,
985 silly tar     Symbol(flowing): false,
985 silly tar     Symbol(paused): true,
985 silly tar     Symbol(pipes): [ [Pipe] ],
985 silly tar     Symbol(buffer): [],
985 silly tar     Symbol(objectMode): false,
985 silly tar     Symbol(encoding): null,
985 silly tar     Symbol(async): false,
985 silly tar     Symbol(decoder): null,
985 silly tar     Symbol(EOF): false,
985 silly tar     Symbol(emittedEnd): false,
985 silly tar     Symbol(emittingEnd): false,
985 silly tar     Symbol(closed): false,
985 silly tar     Symbol(emittedError): null,
985 silly tar     Symbol(bufferLength): 0,
985 silly tar     Symbol(destroyed): false,
985 silly tar     Symbol(signal): undefined,
985 silly tar     Symbol(aborted): false,
985 silly tar     Symbol(dataListeners): 0,
985 silly tar     Symbol(discarded): false
985 silly tar   },
985 silly tar   cwd: '/run/media/ttf/4D68CCA27FA538EE/immo_tul/backend/node_modules/@prisma/client',
985 silly tar   tarCode: 'TAR_ENTRY_ERROR'
985 silly tar }
986 warn tar TAR_ENTRY_ERROR ENOENT: no such file or directory, open '/run/media/ttf/4D68CCA27FA538EE/immo_tul/backend/node_modules/@prisma/client/runtime/query_compiler_bg.postgresql.mjs'
987 silly tar TAR_ENTRY_ERROR ENOENT: no such file or directory, open '/run/media/ttf/4D68CCA27FA538EE/immo_tul/backend/node_modules/@prisma/client/runtime/query_compiler_bg.postgresql.mjs' [Error: ENOENT: no such file or directory, open '/run/media/ttf/4D68CCA27FA538EE/immo_tul/backend/node_modules/@prisma/client/runtime/query_compiler_bg.postgresql.mjs'] {
987 silly tar   errno: -2,
987 silly tar   code: 'ENOENT',
987 silly tar   syscall: 'open',
987 silly tar   path: '/run/media/ttf/4D68CCA27FA538EE/immo_tul/backend/node_modules/@prisma/client/runtime/query_compiler_bg.postgresql.mjs',
987 silly tar   entry: ReadEntry {
987 silly tar     _events: [Object: null prototype] { end: [Function (anonymous)] },
987 silly tar     _eventsCount: 1,
987 silly tar     _maxListeners: undefined,
987 silly tar     writable: false,
987 silly tar     readable: true,
987 silly tar     extended: null,
987 silly tar     globalExtended: null,
987 silly tar     header: Header {
987 silly tar       cksumValid: true,
987 silly tar       needPax: false,
987 silly tar       nullBlock: false,
987 silly tar       block: null,
987 silly tar       path: 'package/runtime/query_compiler_bg.postgresql.mjs',
987 silly tar       mode: 420,
987 silly tar       uid: 0,
987 silly tar       gid: 0,
987 silly tar       size: 8507,
987 silly tar       mtime: 1985-10-26T08:15:00.000Z,
987 silly tar       cksum: 8669,
987 silly tar       linkpath: '',
987 silly tar       uname: '',
987 silly tar       gname: '',
987 silly tar       devmaj: 0,
987 silly tar       devmin: 0,
987 silly tar       atime: null,
987 silly tar       ctime: null,
987 silly tar       Symbol(type): '0'
987 silly tar     },
987 silly tar     startBlockSize: 8704,
987 silly tar     blockRemain: 0,
987 silly tar     remain: 0,
987 silly tar     type: 'File',
987 silly tar     meta: false,
987 silly tar     ignore: false,
987 silly tar     path: 'runtime/query_compiler_bg.postgresql.mjs',
987 silly tar     mode: 438,
987 silly tar     uid: 0,
987 silly tar     gid: 0,
987 silly tar     uname: '',
987 silly tar     gname: '',
987 silly tar     size: 8507,
987 silly tar     mtime: 1985-10-26T08:15:00.000Z,
987 silly tar     atime: null,
987 silly tar     ctime: null,
987 silly tar     linkpath: '',
987 silly tar     absolute: '/run/media/ttf/4D68CCA27FA538EE/immo_tul/backend/node_modules/@prisma/client/runtime/query_compiler_bg.postgresql.mjs',
987 silly tar     Symbol(shapeMode): false,
987 silly tar     Symbol(kCapture): false,
987 silly tar     Symbol(flowing): false,
987 silly tar     Symbol(paused): true,
987 silly tar     Symbol(pipes): [ [Pipe] ],
987 silly tar     Symbol(buffer): [
987 silly tar       <Buffer 66 75 6e 63 74 69 6f 6e 20 49 28 65 29 7b 63 6f 6e 73 74 20 74 3d 74 79 70 65 6f 66 20 65 3b 69 66 28 74 3d 3d 22 6e 75 6d 62 65 72 22 7c 7c 74 3d 3d ... 7317 more bytes>
987 silly tar     ],
987 silly tar     Symbol(objectMode): false,
987 silly tar     Symbol(encoding): null,
987 silly tar     Symbol(async): false,
987 silly tar     Symbol(decoder): null,
987 silly tar     Symbol(EOF): true,
987 silly tar     Symbol(emittedEnd): false,
987 silly tar     Symbol(emittingEnd): false,
987 silly tar     Symbol(closed): false,
987 silly tar     Symbol(emittedError): null,
987 silly tar     Symbol(bufferLength): 7367,
987 silly tar     Symbol(destroyed): false,
987 silly tar     Symbol(signal): undefined,
987 silly tar     Symbol(aborted): false,
987 silly tar     Symbol(dataListeners): 0,
987 silly tar     Symbol(discarded): false
987 silly tar   },
987 silly tar   cwd: '/run/media/ttf/4D68CCA27FA538EE/immo_tul/backend/node_modules/@prisma/client',
987 silly tar   tarCode: 'TAR_ENTRY_ERROR'
987 silly tar }
988 warn tar TAR_ENTRY_ERROR ENOENT: no such file or directory, open '/run/media/ttf/4D68CCA27FA538EE/immo_tul/backend/node_modules/@prisma/client/runtime/query_compiler_bg.postgresql.wasm-base64.mjs'
989 silly tar TAR_ENTRY_ERROR ENOENT: no such file or directory, open '/run/media/ttf/4D68CCA27FA538EE/immo_tul/backend/node_modules/@prisma/client/runtime/query_compiler_bg.postgresql.wasm-base64.mjs' [Error: ENOENT: no such file or directory, open '/run/media/ttf/4D68CCA27FA538EE/immo_tul/backend/node_modules/@prisma/client/runtime/query_compiler_bg.postgresql.wasm-base64.mjs'] {
989 silly tar   errno: -2,
989 silly tar   code: 'ENOENT',
989 silly tar   syscall: 'open',
989 silly tar   path: '/run/media/ttf/4D68CCA27FA538EE/immo_tul/backend/node_modules/@prisma/client/runtime/query_compiler_bg.postgresql.wasm-base64.mjs',
989 silly tar   entry: ReadEntry {
989 silly tar     _events: [Object: null prototype] {
989 silly tar       end: [Function (anonymous)],
989 silly tar       drain: [Function]
989 silly tar     },
989 silly tar     _eventsCount: 2,
989 silly tar     _maxListeners: undefined,
989 silly tar     writable: true,
989 silly tar     readable: true,
989 silly tar     extended: null,
989 silly tar     globalExtended: null,
989 silly tar     header: Header {
989 silly tar       cksumValid: true,
989 silly tar       needPax: false,
989 silly tar       nullBlock: false,
989 silly tar       block: null,
989 silly tar       path: 'package/runtime/query_compiler_bg.postgresql.wasm-base64.mjs',
989 silly tar       mode: 420,
989 silly tar       uid: 0,
989 silly tar       gid: 0,
989 silly tar       size: 2600393,
989 silly tar       mtime: 1985-10-26T08:15:00.000Z,
989 silly tar       cksum: 9727,
989 silly tar       linkpath: '',
989 silly tar       uname: '',
989 silly tar       gname: '',
989 silly tar       devmaj: 0,
989 silly tar       devmin: 0,
989 silly tar       atime: null,
989 silly tar       ctime: null,
989 silly tar       Symbol(type): '0'
989 silly tar     },
989 silly tar     startBlockSize: 2600448,
989 silly tar     blockRemain: 2586246,
989 silly tar     remain: 2586191,
989 silly tar     type: 'File',
989 silly tar     meta: false,
989 silly tar     ignore: false,
989 silly tar     path: 'runtime/query_compiler_bg.postgresql.wasm-base64.mjs',
989 silly tar     mode: 438,
989 silly tar     uid: 0,
989 silly tar     gid: 0,
989 silly tar     uname: '',
989 silly tar     gname: '',
989 silly tar     size: 2600393,
989 silly tar     mtime: 1985-10-26T08:15:00.000Z,
989 silly tar     atime: null,
989 silly tar     ctime: null,
989 silly tar     linkpath: '',
989 silly tar     absolute: '/run/media/ttf/4D68CCA27FA538EE/immo_tul/backend/node_modules/@prisma/client/runtime/query_compiler_bg.postgresql.wasm-base64.mjs',
989 silly tar     Symbol(shapeMode): false,
989 silly tar     Symbol(kCapture): false,
989 silly tar     Symbol(flowing): false,
989 silly tar     Symbol(paused): true,
989 silly tar     Symbol(pipes): [ [Pipe] ],
989 silly tar     Symbol(buffer): [
989 silly tar       <Buffer 41 45 41 51 51 45 41 41 41 42 41 41 41 45 43 51 41 49 42 41 51 47 41 41 41 41 42 51 51 65 41 41 4d 41 41 41 41 42 41 41 59 47 43 41 41 49 42 41 51 4a ... 5844 more bytes>
989 silly tar     ],
989 silly tar     Symbol(objectMode): false,
989 silly tar     Symbol(encoding): null,
989 silly tar     Symbol(async): false,
989 silly tar     Symbol(decoder): null,
989 silly tar     Symbol(EOF): false,
989 silly tar     Symbol(emittedEnd): false,
989 silly tar     Symbol(emittingEnd): false,
989 silly tar     Symbol(closed): false,
989 silly tar     Symbol(emittedError): null,
989 silly tar     Symbol(bufferLength): 5894,
989 silly tar     Symbol(destroyed): false,
989 silly tar     Symbol(signal): undefined,
989 silly tar     Symbol(aborted): false,
989 silly tar     Symbol(dataListeners): 0,
989 silly tar     Symbol(discarded): false
989 silly tar   },
989 silly tar   cwd: '/run/media/ttf/4D68CCA27FA538EE/immo_tul/backend/node_modules/@prisma/client',
989 silly tar   tarCode: 'TAR_ENTRY_ERROR'
989 silly tar }
990 warn tar TAR_ENTRY_ERROR ENOENT: no such file or directory, open '/run/media/ttf/4D68CCA27FA538EE/immo_tul/backend/node_modules/@prisma/client/runtime/query_compiler_bg.sqlite.mjs'
991 silly tar TAR_ENTRY_ERROR ENOENT: no such file or directory, open '/run/media/ttf/4D68CCA27FA538EE/immo_tul/backend/node_modules/@prisma/client/runtime/query_compiler_bg.sqlite.mjs' [Error: ENOENT: no such file or directory, open '/run/media/ttf/4D68CCA27FA538EE/immo_tul/backend/node_modules/@prisma/client/runtime/query_compiler_bg.sqlite.mjs'] {
991 silly tar   errno: -2,
991 silly tar   code: 'ENOENT',
991 silly tar   syscall: 'open',
991 silly tar   path: '/run/media/ttf/4D68CCA27FA538EE/immo_tul/backend/node_modules/@prisma/client/runtime/query_compiler_bg.sqlite.mjs',
991 silly tar   entry: ReadEntry {
991 silly tar     _events: [Object: null prototype] {},
991 silly tar     _eventsCount: 0,
991 silly tar     _maxListeners: undefined,
991 silly tar     writable: false,
991 silly tar     readable: false,
991 silly tar     extended: null,
991 silly tar     globalExtended: null,
991 silly tar     header: Header {
991 silly tar       cksumValid: true,
991 silly tar       needPax: false,
991 silly tar       nullBlock: false,
991 silly tar       block: null,
991 silly tar       path: 'package/runtime/query_compiler_bg.sqlite.mjs',
991 silly tar       mode: 420,
991 silly tar       uid: 0,
991 silly tar       gid: 0,
991 silly tar       size: 8507,
991 silly tar       mtime: 1985-10-26T08:15:00.000Z,
991 silly tar       cksum: 8219,
991 silly tar       linkpath: '',
991 silly tar       uname: '',
991 silly tar       gname: '',
991 silly tar       devmaj: 0,
991 silly tar       devmin: 0,
991 silly tar       atime: null,
991 silly tar       ctime: null,
991 silly tar       Symbol(type): '0'
991 silly tar     },
991 silly tar     startBlockSize: 8704,
991 silly tar     blockRemain: 0,
991 silly tar     remain: 0,
991 silly tar     type: 'File',
991 silly tar     meta: false,
991 silly tar     ignore: false,
991 silly tar     path: 'runtime/query_compiler_bg.sqlite.mjs',
991 silly tar     mode: 438,
991 silly tar     uid: 0,
991 silly tar     gid: 0,
991 silly tar     uname: '',
991 silly tar     gname: '',
991 silly tar     size: 8507,
991 silly tar     mtime: 1985-10-26T08:15:00.000Z,
991 silly tar     atime: null,
991 silly tar     ctime: null,
991 silly tar     linkpath: '',
991 silly tar     absolute: '/run/media/ttf/4D68CCA27FA538EE/immo_tul/backend/node_modules/@prisma/client/runtime/query_compiler_bg.sqlite.mjs',
991 silly tar     Symbol(shapeMode): false,
991 silly tar     Symbol(kCapture): false,
991 silly tar     Symbol(flowing): false,
991 silly tar     Symbol(paused): true,
991 silly tar     Symbol(pipes): [ [Pipe] ],
991 silly tar     Symbol(buffer): [],
991 silly tar     Symbol(objectMode): false,
991 silly tar     Symbol(encoding): null,
991 silly tar     Symbol(async): false,
991 silly tar     Symbol(decoder): null,
991 silly tar     Symbol(EOF): true,
991 silly tar     Symbol(emittedEnd): true,
991 silly tar     Symbol(emittingEnd): false,
991 silly tar     Symbol(closed): false,
991 silly tar     Symbol(emittedError): null,
991 silly tar     Symbol(bufferLength): 0,
991 silly tar     Symbol(destroyed): false,
991 silly tar     Symbol(signal): undefined,
991 silly tar     Symbol(aborted): false,
991 silly tar     Symbol(dataListeners): 0,
991 silly tar     Symbol(discarded): false
991 silly tar   },
991 silly tar   cwd: '/run/media/ttf/4D68CCA27FA538EE/immo_tul/backend/node_modules/@prisma/client',
991 silly tar   tarCode: 'TAR_ENTRY_ERROR'
991 silly tar }
992 warn tar TAR_ENTRY_ERROR ENOENT: no such file or directory, open '/run/media/ttf/4D68CCA27FA538EE/immo_tul/backend/node_modules/@prisma/client/runtime/query_compiler_bg.sqlite.wasm-base64.mjs'
993 silly tar TAR_ENTRY_ERROR ENOENT: no such file or directory, open '/run/media/ttf/4D68CCA27FA538EE/immo_tul/backend/node_modules/@prisma/client/runtime/query_compiler_bg.sqlite.wasm-base64.mjs' [Error: ENOENT: no such file or directory, open '/run/media/ttf/4D68CCA27FA538EE/immo_tul/backend/node_modules/@prisma/client/runtime/query_compiler_bg.sqlite.wasm-base64.mjs'] {
993 silly tar   errno: -2,
993 silly tar   code: 'ENOENT',
993 silly tar   syscall: 'open',
993 silly tar   path: '/run/media/ttf/4D68CCA27FA538EE/immo_tul/backend/node_modules/@prisma/client/runtime/query_compiler_bg.sqlite.wasm-base64.mjs',
993 silly tar   entry: ReadEntry {
993 silly tar     _events: [Object: null prototype] {
993 silly tar       end: [Function (anonymous)],
993 silly tar       drain: [Function]
993 silly tar     },
993 silly tar     _eventsCount: 2,
993 silly tar     _maxListeners: undefined,
993 silly tar     writable: true,
993 silly tar     readable: true,
993 silly tar     extended: null,
993 silly tar     globalExtended: null,
993 silly tar     header: Header {
993 silly tar       cksumValid: true,
993 silly tar       needPax: false,
993 silly tar       nullBlock: false,
993 silly tar       block: null,
993 silly tar       path: 'package/runtime/query_compiler_bg.sqlite.wasm-base64.mjs',
993 silly tar       mode: 420,
993 silly tar       uid: 0,
993 silly tar       gid: 0,
993 silly tar       size: 2495985,
993 silly tar       mtime: 1985-10-26T08:15:00.000Z,
993 silly tar       cksum: 9274,
993 silly tar       linkpath: '',
993 silly tar       uname: '',
993 silly tar       gname: '',
993 silly tar       devmaj: 0,
993 silly tar       devmin: 0,
993 silly tar       atime: null,
993 silly tar       ctime: null,
993 silly tar       Symbol(type): '0'
993 silly tar     },
993 silly tar     startBlockSize: 2496000,
993 silly tar     blockRemain: 2475391,
993 silly tar     remain: 2475376,
993 silly tar     type: 'File',
993 silly tar     meta: false,
993 silly tar     ignore: false,
993 silly tar     path: 'runtime/query_compiler_bg.sqlite.wasm-base64.mjs',
993 silly tar     mode: 438,
993 silly tar     uid: 0,
993 silly tar     gid: 0,
993 silly tar     uname: '',
993 silly tar     gname: '',
993 silly tar     size: 2495985,
993 silly tar     mtime: 1985-10-26T08:15:00.000Z,
993 silly tar     atime: null,
993 silly tar     ctime: null,
993 silly tar     linkpath: '',
993 silly tar     absolute: '/run/media/ttf/4D68CCA27FA538EE/immo_tul/backend/node_modules/@prisma/client/runtime/query_compiler_bg.sqlite.wasm-base64.mjs',
993 silly tar     Symbol(shapeMode): false,
993 silly tar     Symbol(kCapture): false,
993 silly tar     Symbol(flowing): false,
993 silly tar     Symbol(paused): true,
993 silly tar     Symbol(pipes): [ [Pipe] ],
993 silly tar     Symbol(buffer): [
993 silly tar       <Buffer 79 4d 54 56 6c 4d 54 42 6b 4f 57 52 6b 4e 54 41 33 41 42 49 57 4c 69 39 78 64 57 56 79 65 56 39 6a 62 32 31 77 61 57 78 6c 63 6c 39 69 5a 79 35 71 63 ... 16334 more bytes>,
993 silly tar       <Buffer 42 34 41 42 42 32 4e 33 49 41 42 44 38 45 79 41 48 4b 41 4a 67 49 51 6b 67 42 79 67 43 5a 43 49 4b 49 41 68 42 34 41 44 38 43 67 41 41 51 51 45 68 43 ... 2394 more bytes>
993 silly tar     ],
993 silly tar     Symbol(objectMode): false,
993 silly tar     Symbol(encoding): null,
993 silly tar     Symbol(async): false,
993 silly tar     Symbol(decoder): null,
993 silly tar     Symbol(EOF): false,
993 silly tar     Symbol(emittedEnd): false,
993 silly tar     Symbol(emittingEnd): false,
993 silly tar     Symbol(closed): false,
993 silly tar     Symbol(emittedError): null,
993 silly tar     Symbol(bufferLength): 18828,
993 silly tar     Symbol(destroyed): false,
993 silly tar     Symbol(signal): undefined,
993 silly tar     Symbol(aborted): false,
993 silly tar     Symbol(dataListeners): 0,
993 silly tar     Symbol(discarded): false
993 silly tar   },
993 silly tar   cwd: '/run/media/ttf/4D68CCA27FA538EE/immo_tul/backend/node_modules/@prisma/client',
993 silly tar   tarCode: 'TAR_ENTRY_ERROR'
993 silly tar }
994 warn tar TAR_ENTRY_ERROR ENOENT: no such file or directory, open '/run/media/ttf/4D68CCA27FA538EE/immo_tul/backend/node_modules/@prisma/client/runtime/query_compiler_bg.sqlserver.mjs'
995 silly tar TAR_ENTRY_ERROR ENOENT: no such file or directory, open '/run/media/ttf/4D68CCA27FA538EE/immo_tul/backend/node_modules/@prisma/client/runtime/query_compiler_bg.sqlserver.mjs' [Error: ENOENT: no such file or directory, open '/run/media/ttf/4D68CCA27FA538EE/immo_tul/backend/node_modules/@prisma/client/runtime/query_compiler_bg.sqlserver.mjs'] {
995 silly tar   errno: -2,
995 silly tar   code: 'ENOENT',
995 silly tar   syscall: 'open',
995 silly tar   path: '/run/media/ttf/4D68CCA27FA538EE/immo_tul/backend/node_modules/@prisma/client/runtime/query_compiler_bg.sqlserver.mjs',
995 silly tar   entry: ReadEntry {
995 silly tar     _events: [Object: null prototype] {},
995 silly tar     _eventsCount: 0,
995 silly tar     _maxListeners: undefined,
995 silly tar     writable: false,
995 silly tar     readable: false,
995 silly tar     extended: null,
995 silly tar     globalExtended: null,
995 silly tar     header: Header {
995 silly tar       cksumValid: true,
995 silly tar       needPax: false,
995 silly tar       nullBlock: false,
995 silly tar       block: null,
995 silly tar       path: 'package/runtime/query_compiler_bg.sqlserver.mjs',
995 silly tar       mode: 420,
995 silly tar       uid: 0,
995 silly tar       gid: 0,
995 silly tar       size: 8507,
995 silly tar       mtime: 1985-10-26T08:15:00.000Z,
995 silly tar       cksum: 8560,
995 silly tar       linkpath: '',
995 silly tar       uname: '',
995 silly tar       gname: '',
995 silly tar       devmaj: 0,
995 silly tar       devmin: 0,
995 silly tar       atime: null,
995 silly tar       ctime: null,
995 silly tar       Symbol(type): '0'
995 silly tar     },
995 silly tar     startBlockSize: 8704,
995 silly tar     blockRemain: 0,
995 silly tar     remain: 0,
995 silly tar     type: 'File',
995 silly tar     meta: false,
995 silly tar     ignore: false,
995 silly tar     path: 'runtime/query_compiler_bg.sqlserver.mjs',
995 silly tar     mode: 438,
995 silly tar     uid: 0,
995 silly tar     gid: 0,
995 silly tar     uname: '',
995 silly tar     gname: '',
995 silly tar     size: 8507,
995 silly tar     mtime: 1985-10-26T08:15:00.000Z,
995 silly tar     atime: null,
995 silly tar     ctime: null,
995 silly tar     linkpath: '',
995 silly tar     absolute: '/run/media/ttf/4D68CCA27FA538EE/immo_tul/backend/node_modules/@prisma/client/runtime/query_compiler_bg.sqlserver.mjs',
995 silly tar     Symbol(shapeMode): false,
995 silly tar     Symbol(kCapture): false,
995 silly tar     Symbol(flowing): false,
995 silly tar     Symbol(paused): true,
995 silly tar     Symbol(pipes): [ [Pipe] ],
995 silly tar     Symbol(buffer): [],
995 silly tar     Symbol(objectMode): false,
995 silly tar     Symbol(encoding): null,
995 silly tar     Symbol(async): false,
995 silly tar     Symbol(decoder): null,
995 silly tar     Symbol(EOF): true,
995 silly tar     Symbol(emittedEnd): true,
995 silly tar     Symbol(emittingEnd): false,
995 silly tar     Symbol(closed): false,
995 silly tar     Symbol(emittedError): null,
995 silly tar     Symbol(bufferLength): 0,
995 silly tar     Symbol(destroyed): false,
995 silly tar     Symbol(signal): undefined,
995 silly tar     Symbol(aborted): false,
995 silly tar     Symbol(dataListeners): 0,
995 silly tar     Symbol(discarded): false
995 silly tar   },
995 silly tar   cwd: '/run/media/ttf/4D68CCA27FA538EE/immo_tul/backend/node_modules/@prisma/client',
995 silly tar   tarCode: 'TAR_ENTRY_ERROR'
995 silly tar }
996 warn tar TAR_ENTRY_ERROR ENOENT: no such file or directory, open '/run/media/ttf/4D68CCA27FA538EE/immo_tul/backend/node_modules/@prisma/client/runtime/query_compiler_bg.sqlserver.wasm-base64.mjs'
997 silly tar TAR_ENTRY_ERROR ENOENT: no such file or directory, open '/run/media/ttf/4D68CCA27FA538EE/immo_tul/backend/node_modules/@prisma/client/runtime/query_compiler_bg.sqlserver.wasm-base64.mjs' [Error: ENOENT: no such file or directory, open '/run/media/ttf/4D68CCA27FA538EE/immo_tul/backend/node_modules/@prisma/client/runtime/query_compiler_bg.sqlserver.wasm-base64.mjs'] {
997 silly tar   errno: -2,
997 silly tar   code: 'ENOENT',
997 silly tar   syscall: 'open',
997 silly tar   path: '/run/media/ttf/4D68CCA27FA538EE/immo_tul/backend/node_modules/@prisma/client/runtime/query_compiler_bg.sqlserver.wasm-base64.mjs',
997 silly tar   entry: ReadEntry {
997 silly tar     _events: [Object: null prototype] {
997 silly tar       end: [Function (anonymous)],
997 silly tar       drain: [Function]
997 silly tar     },
997 silly tar     _eventsCount: 2,
997 silly tar     _maxListeners: undefined,
997 silly tar     writable: true,
997 silly tar     readable: true,
997 silly tar     extended: null,
997 silly tar     globalExtended: null,
997 silly tar     header: Header {
997 silly tar       cksumValid: true,
997 silly tar       needPax: false,
997 silly tar       nullBlock: false,
997 silly tar       block: null,
997 silly tar       path: 'package/runtime/query_compiler_bg.sqlserver.wasm-base64.mjs',
997 silly tar       mode: 420,
997 silly tar       uid: 0,
997 silly tar       gid: 0,
997 silly tar       size: 2597697,
997 silly tar       mtime: 1985-10-26T08:15:00.000Z,
997 silly tar       cksum: 9610,
997 silly tar       linkpath: '',
997 silly tar       uname: '',
997 silly tar       gname: '',
997 silly tar       devmaj: 0,
997 silly tar       devmin: 0,
997 silly tar       atime: null,
997 silly tar       ctime: null,
997 silly tar       Symbol(type): '0'
997 silly tar     },
997 silly tar     startBlockSize: 2597888,
997 silly tar     blockRemain: 2586942,
997 silly tar     remain: 2586751,
997 silly tar     type: 'File',
997 silly tar     meta: false,
997 silly tar     ignore: false,
997 silly tar     path: 'runtime/query_compiler_bg.sqlserver.wasm-base64.mjs',
997 silly tar     mode: 438,
997 silly tar     uid: 0,
997 silly tar     gid: 0,
997 silly tar     uname: '',
997 silly tar     gname: '',
997 silly tar     size: 2597697,
997 silly tar     mtime: 1985-10-26T08:15:00.000Z,
997 silly tar     atime: null,
997 silly tar     ctime: null,
997 silly tar     linkpath: '',
997 silly tar     absolute: '/run/media/ttf/4D68CCA27FA538EE/immo_tul/backend/node_modules/@prisma/client/runtime/query_compiler_bg.sqlserver.wasm-base64.mjs',
997 silly tar     Symbol(shapeMode): false,
997 silly tar     Symbol(kCapture): false,
997 silly tar     Symbol(flowing): false,
997 silly tar     Symbol(paused): true,
997 silly tar     Symbol(pipes): [ [Pipe] ],
997 silly tar     Symbol(buffer): [
997 silly tar       <Buffer 59 6a 59 32 4e 47 49 7a 4f 47 45 79 5a 6a 55 34 4d 6a 45 30 4e 77 41 75 46 69 34 76 63 58 56 6c 63 6e 6c 66 59 32 39 74 63 47 6c 73 5a 58 4a 66 59 6d ... 6874 more bytes>
997 silly tar     ],
997 silly tar     Symbol(objectMode): false,
997 silly tar     Symbol(encoding): null,
997 silly tar     Symbol(async): false,
997 silly tar     Symbol(decoder): null,
997 silly tar     Symbol(EOF): false,
997 silly tar     Symbol(emittedEnd): false,
997 silly tar     Symbol(emittingEnd): false,
997 silly tar     Symbol(closed): false,
997 silly tar     Symbol(emittedError): null,
997 silly tar     Symbol(bufferLength): 6924,
997 silly tar     Symbol(destroyed): false,
997 silly tar     Symbol(signal): undefined,
997 silly tar     Symbol(aborted): false,
997 silly tar     Symbol(dataListeners): 0,
997 silly tar     Symbol(discarded): false
997 silly tar   },
997 silly tar   cwd: '/run/media/ttf/4D68CCA27FA538EE/immo_tul/backend/node_modules/@prisma/client',
997 silly tar   tarCode: 'TAR_ENTRY_ERROR'
997 silly tar }
998 warn tar TAR_ENTRY_ERROR ENOENT: no such file or directory, open '/run/media/ttf/4D68CCA27FA538EE/immo_tul/backend/node_modules/@prisma/client/runtime/query_engine_bg.cockroachdb.mjs'
999 silly tar TAR_ENTRY_ERROR ENOENT: no such file or directory, open '/run/media/ttf/4D68CCA27FA538EE/immo_tul/backend/node_modules/@prisma/client/runtime/query_engine_bg.cockroachdb.mjs' [Error: ENOENT: no such file or directory, open '/run/media/ttf/4D68CCA27FA538EE/immo_tul/backend/node_modules/@prisma/client/runtime/query_engine_bg.cockroachdb.mjs'] {
999 silly tar   errno: -2,
999 silly tar   code: 'ENOENT',
999 silly tar   syscall: 'open',
999 silly tar   path: '/run/media/ttf/4D68CCA27FA538EE/immo_tul/backend/node_modules/@prisma/client/runtime/query_engine_bg.cockroachdb.mjs',
999 silly tar   entry: ReadEntry {
999 silly tar     _events: [Object: null prototype] {},
999 silly tar     _eventsCount: 0,
999 silly tar     _maxListeners: undefined,
999 silly tar     writable: false,
999 silly tar     readable: false,
999 silly tar     extended: null,
999 silly tar     globalExtended: null,
999 silly tar     header: Header {
999 silly tar       cksumValid: true,
999 silly tar       needPax: false,
999 silly tar       nullBlock: false,
999 silly tar       block: null,
999 silly tar       path: 'package/runtime/query_engine_bg.cockroachdb.mjs',
999 silly tar       mode: 420,
999 silly tar       uid: 0,
999 silly tar       gid: 0,
999 silly tar       size: 13272,
999 silly tar       mtime: 1985-10-26T08:15:00.000Z,
999 silly tar       cksum: 8469,
999 silly tar       linkpath: '',
999 silly tar       uname: '',
999 silly tar       gname: '',
999 silly tar       devmaj: 0,
999 silly tar       devmin: 0,
999 silly tar       atime: null,
999 silly tar       ctime: null,
999 silly tar       Symbol(type): '0'
999 silly tar     },
999 silly tar     startBlockSize: 13312,
999 silly tar     blockRemain: 0,
999 silly tar     remain: 0,
999 silly tar     type: 'File',
999 silly tar     meta: false,
999 silly tar     ignore: false,
999 silly tar     path: 'runtime/query_engine_bg.cockroachdb.mjs',
999 silly tar     mode: 438,
999 silly tar     uid: 0,
999 silly tar     gid: 0,
999 silly tar     uname: '',
999 silly tar     gname: '',
999 silly tar     size: 13272,
999 silly tar     mtime: 1985-10-26T08:15:00.000Z,
999 silly tar     atime: null,
999 silly tar     ctime: null,
999 silly tar     linkpath: '',
999 silly tar     absolute: '/run/media/ttf/4D68CCA27FA538EE/immo_tul/backend/node_modules/@prisma/client/runtime/query_engine_bg.cockroachdb.mjs',
999 silly tar     Symbol(shapeMode): false,
999 silly tar     Symbol(kCapture): false,
999 silly tar     Symbol(flowing): false,
999 silly tar     Symbol(paused): true,
999 silly tar     Symbol(pipes): [ [Pipe] ],
999 silly tar     Symbol(buffer): [],
999 silly tar     Symbol(objectMode): false,
999 silly tar     Symbol(encoding): null,
999 silly tar     Symbol(async): false,
999 silly tar     Symbol(decoder): null,
999 silly tar     Symbol(EOF): true,
999 silly tar     Symbol(emittedEnd): true,
999 silly tar     Symbol(emittingEnd): false,
999 silly tar     Symbol(closed): false,
999 silly tar     Symbol(emittedError): null,
999 silly tar     Symbol(bufferLength): 0,
999 silly tar     Symbol(destroyed): false,
999 silly tar     Symbol(signal): undefined,
999 silly tar     Symbol(aborted): false,
999 silly tar     Symbol(dataListeners): 0,
999 silly tar     Symbol(discarded): false
999 silly tar   },
999 silly tar   cwd: '/run/media/ttf/4D68CCA27FA538EE/immo_tul/backend/node_modules/@prisma/client',
999 silly tar   tarCode: 'TAR_ENTRY_ERROR'
999 silly tar }
1000 warn tar TAR_ENTRY_ERROR ENOENT: no such file or directory, open '/run/media/ttf/4D68CCA27FA538EE/immo_tul/backend/node_modules/@prisma/client/runtime/query_engine_bg.cockroachdb.wasm-base64.mjs'
1001 silly tar TAR_ENTRY_ERROR ENOENT: no such file or directory, open '/run/media/ttf/4D68CCA27FA538EE/immo_tul/backend/node_modules/@prisma/client/runtime/query_engine_bg.cockroachdb.wasm-base64.mjs' [Error: ENOENT: no such file or directory, open '/run/media/ttf/4D68CCA27FA538EE/immo_tul/backend/node_modules/@prisma/client/runtime/query_engine_bg.cockroachdb.wasm-base64.mjs'] {
1001 silly tar   errno: -2,
1001 silly tar   code: 'ENOENT',
1001 silly tar   syscall: 'open',
1001 silly tar   path: '/run/media/ttf/4D68CCA27FA538EE/immo_tul/backend/node_modules/@prisma/client/runtime/query_engine_bg.cockroachdb.wasm-base64.mjs',
1001 silly tar   entry: ReadEntry {
1001 silly tar     _events: [Object: null prototype] {
1001 silly tar       end: [Function (anonymous)],
1001 silly tar       drain: [Function]
1001 silly tar     },
1001 silly tar     _eventsCount: 2,
1001 silly tar     _maxListeners: undefined,
1001 silly tar     writable: true,
1001 silly tar     readable: true,
1001 silly tar     extended: null,
1001 silly tar     globalExtended: null,
1001 silly tar     header: Header {
1001 silly tar       cksumValid: true,
1001 silly tar       needPax: false,
1001 silly tar       nullBlock: false,
1001 silly tar       block: null,
1001 silly tar       path: 'package/runtime/query_engine_bg.cockroachdb.wasm-base64.mjs',
1001 silly tar       mode: 420,
1001 silly tar       uid: 0,
1001 silly tar       gid: 0,
1001 silly tar       size: 3094209,
1001 silly tar       mtime: 1985-10-26T08:15:00.000Z,
1001 silly tar       cksum: 9523,
1001 silly tar       linkpath: '',
1001 silly tar       uname: '',
1001 silly tar       gname: '',
1001 silly tar       devmaj: 0,
1001 silly tar       devmin: 0,
1001 silly tar       atime: null,
1001 silly tar       ctime: null,
1001 silly tar       Symbol(type): '0'
1001 silly tar     },
1001 silly tar     startBlockSize: 3094528,
1001 silly tar     blockRemain: 3083907,
1001 silly tar     remain: 3083588,
1001 silly tar     type: 'File',
1001 silly tar     meta: false,
1001 silly tar     ignore: false,
1001 silly tar     path: 'runtime/query_engine_bg.cockroachdb.wasm-base64.mjs',
1001 silly tar     mode: 438,
1001 silly tar     uid: 0,
1001 silly tar     gid: 0,
1001 silly tar     uname: '',
1001 silly tar     gname: '',
1001 silly tar     size: 3094209,
1001 silly tar     mtime: 1985-10-26T08:15:00.000Z,
1001 silly tar     atime: null,
1001 silly tar     ctime: null,
1001 silly tar     linkpath: '',
1001 silly tar     absolute: '/run/media/ttf/4D68CCA27FA538EE/immo_tul/backend/node_modules/@prisma/client/runtime/query_engine_bg.cockroachdb.wasm-base64.mjs',
1001 silly tar     Symbol(shapeMode): false,
1001 silly tar     Symbol(kCapture): false,
1001 silly tar     Symbol(flowing): false,
1001 silly tar     Symbol(paused): true,
1001 silly tar     Symbol(pipes): [ [Pipe] ],
1001 silly tar     Symbol(buffer): [
1001 silly tar       <Buffer 78 64 57 56 79 65 56 39 6c 62 6d 64 70 62 6d 56 66 59 6d 63 75 61 6e 4d 70 58 31 39 33 59 6d 64 66 61 57 35 7a 64 47 46 75 59 32 56 76 5a 6c 39 51 63 ... 8506 more bytes>
1001 silly tar     ],
1001 silly tar     Symbol(objectMode): false,
1001 silly tar     Symbol(encoding): null,
1001 silly tar     Symbol(async): false,
1001 silly tar     Symbol(decoder): null,
1001 silly tar     Symbol(EOF): false,
1001 silly tar     Symbol(emittedEnd): false,
1001 silly tar     Symbol(emittingEnd): false,
1001 silly tar     Symbol(closed): false,
1001 silly tar     Symbol(emittedError): null,
1001 silly tar     Symbol(bufferLength): 8556,
1001 silly tar     Symbol(destroyed): false,
1001 silly tar     Symbol(signal): undefined,
1001 silly tar     Symbol(aborted): false,
1001 silly tar     Symbol(dataListeners): 0,
1001 silly tar     Symbol(discarded): false
1001 silly tar   },
1001 silly tar   cwd: '/run/media/ttf/4D68CCA27FA538EE/immo_tul/backend/node_modules/@prisma/client',
1001 silly tar   tarCode: 'TAR_ENTRY_ERROR'
1001 silly tar }
1002 warn tar TAR_ENTRY_ERROR ENOENT: no such file or directory, open '/run/media/ttf/4D68CCA27FA538EE/immo_tul/backend/node_modules/@prisma/client/runtime/query_engine_bg.mysql.mjs'
1003 silly tar TAR_ENTRY_ERROR ENOENT: no such file or directory, open '/run/media/ttf/4D68CCA27FA538EE/immo_tul/backend/node_modules/@prisma/client/runtime/query_engine_bg.mysql.mjs' [Error: ENOENT: no such file or directory, open '/run/media/ttf/4D68CCA27FA538EE/immo_tul/backend/node_modules/@prisma/client/runtime/query_engine_bg.mysql.mjs'] {
1003 silly tar   errno: -2,
1003 silly tar   code: 'ENOENT',
1003 silly tar   syscall: 'open',
1003 silly tar   path: '/run/media/ttf/4D68CCA27FA538EE/immo_tul/backend/node_modules/@prisma/client/runtime/query_engine_bg.mysql.mjs',
1003 silly tar   entry: ReadEntry {
1003 silly tar     _events: [Object: null prototype] { end: [Function (anonymous)] },
1003 silly tar     _eventsCount: 1,
1003 silly tar     _maxListeners: undefined,
1003 silly tar     writable: false,
1003 silly tar     readable: true,
1003 silly tar     extended: null,
1003 silly tar     globalExtended: null,
1003 silly tar     header: Header {
1003 silly tar       cksumValid: true,
1003 silly tar       needPax: false,
1003 silly tar       nullBlock: false,
1003 silly tar       block: null,
1003 silly tar       path: 'package/runtime/query_engine_bg.mysql.mjs',
1003 silly tar       mode: 420,
1003 silly tar       uid: 0,
1003 silly tar       gid: 0,
1003 silly tar       size: 13090,
1003 silly tar       mtime: 1985-10-26T08:15:00.000Z,
1003 silly tar       cksum: 7896,
1003 silly tar       linkpath: '',
1003 silly tar       uname: '',
1003 silly tar       gname: '',
1003 silly tar       devmaj: 0,
1003 silly tar       devmin: 0,
1003 silly tar       atime: null,
1003 silly tar       ctime: null,
1003 silly tar       Symbol(type): '0'
1003 silly tar     },
1003 silly tar     startBlockSize: 13312,
1003 silly tar     blockRemain: 0,
1003 silly tar     remain: 0,
1003 silly tar     type: 'File',
1003 silly tar     meta: false,
1003 silly tar     ignore: false,
1003 silly tar     path: 'runtime/query_engine_bg.mysql.mjs',
1003 silly tar     mode: 438,
1003 silly tar     uid: 0,
1003 silly tar     gid: 0,
1003 silly tar     uname: '',
1003 silly tar     gname: '',
1003 silly tar     size: 13090,
1003 silly tar     mtime: 1985-10-26T08:15:00.000Z,
1003 silly tar     atime: null,
1003 silly tar     ctime: null,
1003 silly tar     linkpath: '',
1003 silly tar     absolute: '/run/media/ttf/4D68CCA27FA538EE/immo_tul/backend/node_modules/@prisma/client/runtime/query_engine_bg.mysql.mjs',
1003 silly tar     Symbol(shapeMode): false,
1003 silly tar     Symbol(kCapture): false,
1003 silly tar     Symbol(flowing): false,
1003 silly tar     Symbol(paused): true,
1003 silly tar     Symbol(pipes): [ [Pipe] ],
1003 silly tar     Symbol(buffer): [
1003 silly tar       <Buffer 63 2c 76 65 20 61 73 20 5f 5f 77 62 67 5f 6e 65 77 5f 31 61 63 63 30 62 36 65 65 61 38 39 64 30 34 30 2c 44 65 20 61 73 20 5f 5f 77 62 67 5f 6e 65 77 ... 1703 more bytes>
1003 silly tar     ],
1003 silly tar     Symbol(objectMode): false,
1003 silly tar     Symbol(encoding): null,
1003 silly tar     Symbol(async): false,
1003 silly tar     Symbol(decoder): null,
1003 silly tar     Symbol(EOF): true,
1003 silly tar     Symbol(emittedEnd): false,
1003 silly tar     Symbol(emittingEnd): false,
1003 silly tar     Symbol(closed): false,
1003 silly tar     Symbol(emittedError): null,
1003 silly tar     Symbol(bufferLength): 1753,
1003 silly tar     Symbol(destroyed): false,
1003 silly tar     Symbol(signal): undefined,
1003 silly tar     Symbol(aborted): false,
1003 silly tar     Symbol(dataListeners): 0,
1003 silly tar     Symbol(discarded): false
1003 silly tar   },
1003 silly tar   cwd: '/run/media/ttf/4D68CCA27FA538EE/immo_tul/backend/node_modules/@prisma/client',
1003 silly tar   tarCode: 'TAR_ENTRY_ERROR'
1003 silly tar }
1004 warn tar TAR_ENTRY_ERROR ENOENT: no such file or directory, open '/run/media/ttf/4D68CCA27FA538EE/immo_tul/backend/node_modules/@prisma/client/runtime/query_engine_bg.mysql.wasm-base64.mjs'
1005 silly tar TAR_ENTRY_ERROR ENOENT: no such file or directory, open '/run/media/ttf/4D68CCA27FA538EE/immo_tul/backend/node_modules/@prisma/client/runtime/query_engine_bg.mysql.wasm-base64.mjs' [Error: ENOENT: no such file or directory, open '/run/media/ttf/4D68CCA27FA538EE/immo_tul/backend/node_modules/@prisma/client/runtime/query_engine_bg.mysql.wasm-base64.mjs'] {
1005 silly tar   errno: -2,
1005 silly tar   code: 'ENOENT',
1005 silly tar   syscall: 'open',
1005 silly tar   path: '/run/media/ttf/4D68CCA27FA538EE/immo_tul/backend/node_modules/@prisma/client/runtime/query_engine_bg.mysql.wasm-base64.mjs',
1005 silly tar   entry: ReadEntry {
1005 silly tar     _events: [Object: null prototype] {
1005 silly tar       end: [Function (anonymous)],
1005 silly tar       drain: [Function]
1005 silly tar     },
1005 silly tar     _eventsCount: 2,
1005 silly tar     _maxListeners: undefined,
1005 silly tar     writable: true,
1005 silly tar     readable: true,
1005 silly tar     extended: null,
1005 silly tar     globalExtended: null,
1005 silly tar     header: Header {
1005 silly tar       cksumValid: true,
1005 silly tar       needPax: false,
1005 silly tar       nullBlock: false,
1005 silly tar       block: null,
1005 silly tar       path: 'package/runtime/query_engine_bg.mysql.wasm-base64.mjs',
1005 silly tar       mode: 420,
1005 silly tar       uid: 0,
1005 silly tar       gid: 0,
1005 silly tar       size: 3017937,
1005 silly tar       mtime: 1985-10-26T08:15:00.000Z,
1005 silly tar       cksum: 8950,
1005 silly tar       linkpath: '',
1005 silly tar       uname: '',
1005 silly tar       gname: '',
1005 silly tar       devmaj: 0,
1005 silly tar       devmin: 0,
1005 silly tar       atime: null,
1005 silly tar       ctime: null,
1005 silly tar       Symbol(type): '0'
1005 silly tar     },
1005 silly tar     startBlockSize: 3018240,
1005 silly tar     blockRemain: 2998059,
1005 silly tar     remain: 2997756,
1005 silly tar     type: 'File',
1005 silly tar     meta: false,
1005 silly tar     ignore: false,
1005 silly tar     path: 'runtime/query_engine_bg.mysql.wasm-base64.mjs',
1005 silly tar     mode: 438,
1005 silly tar     uid: 0,
1005 silly tar     gid: 0,
1005 silly tar     uname: '',
1005 silly tar     gname: '',
1005 silly tar     size: 3017937,
1005 silly tar     mtime: 1985-10-26T08:15:00.000Z,
1005 silly tar     atime: null,
1005 silly tar     ctime: null,
1005 silly tar     linkpath: '',
1005 silly tar     absolute: '/run/media/ttf/4D68CCA27FA538EE/immo_tul/backend/node_modules/@prisma/client/runtime/query_engine_bg.mysql.wasm-base64.mjs',
1005 silly tar     Symbol(shapeMode): false,
1005 silly tar     Symbol(kCapture): false,
1005 silly tar     Symbol(flowing): false,
1005 silly tar     Symbol(paused): true,
1005 silly tar     Symbol(pipes): [ [Pipe] ],
1005 silly tar     Symbol(buffer): [
1005 silly tar       <Buffer 43 41 51 41 42 41 41 41 45 41 51 45 41 41 51 45 45 41 51 41 46 42 67 49 41 41 41 41 41 41 41 41 41 41 41 4d 41 41 51 41 41 41 41 41 41 41 51 41 41 41 ... 6234 more bytes>
1005 silly tar     ],
1005 silly tar     Symbol(objectMode): false,
1005 silly tar     Symbol(encoding): null,
1005 silly tar     Symbol(async): false,
1005 silly tar     Symbol(decoder): null,
1005 silly tar     Symbol(EOF): false,
1005 silly tar     Symbol(emittedEnd): false,
1005 silly tar     Symbol(emittingEnd): false,
1005 silly tar     Symbol(closed): false,
1005 silly tar     Symbol(emittedError): null,
1005 silly tar     Symbol(bufferLength): 6284,
1005 silly tar     Symbol(destroyed): false,
1005 silly tar     Symbol(signal): undefined,
1005 silly tar     Symbol(aborted): false,
1005 silly tar     Symbol(dataListeners): 0,
1005 silly tar     Symbol(discarded): false
1005 silly tar   },
1005 silly tar   cwd: '/run/media/ttf/4D68CCA27FA538EE/immo_tul/backend/node_modules/@prisma/client',
1005 silly tar   tarCode: 'TAR_ENTRY_ERROR'
1005 silly tar }
1006 warn tar TAR_ENTRY_ERROR ENOENT: no such file or directory, open '/run/media/ttf/4D68CCA27FA538EE/immo_tul/backend/node_modules/@prisma/client/runtime/query_engine_bg.postgresql.mjs'
1007 silly tar TAR_ENTRY_ERROR ENOENT: no such file or directory, open '/run/media/ttf/4D68CCA27FA538EE/immo_tul/backend/node_modules/@prisma/client/runtime/query_engine_bg.postgresql.mjs' [Error: ENOENT: no such file or directory, open '/run/media/ttf/4D68CCA27FA538EE/immo_tul/backend/node_modules/@prisma/client/runtime/query_engine_bg.postgresql.mjs'] {
1007 silly tar   errno: -2,
1007 silly tar   code: 'ENOENT',
1007 silly tar   syscall: 'open',
1007 silly tar   path: '/run/media/ttf/4D68CCA27FA538EE/immo_tul/backend/node_modules/@prisma/client/runtime/query_engine_bg.postgresql.mjs',
1007 silly tar   entry: ReadEntry {
1007 silly tar     _events: [Object: null prototype] {
1007 silly tar       end: [Function (anonymous)],
1007 silly tar       drain: [Function]
1007 silly tar     },
1007 silly tar     _eventsCount: 2,
1007 silly tar     _maxListeners: undefined,
1007 silly tar     writable: true,
1007 silly tar     readable: true,
1007 silly tar     extended: null,
1007 silly tar     globalExtended: null,
1007 silly tar     header: Header {
1007 silly tar       cksumValid: true,
1007 silly tar       needPax: false,
1007 silly tar       nullBlock: false,
1007 silly tar       block: null,
1007 silly tar       path: 'package/runtime/query_engine_bg.postgresql.mjs',
1007 silly tar       mode: 420,
1007 silly tar       uid: 0,
1007 silly tar       gid: 0,
1007 silly tar       size: 13272,
1007 silly tar       mtime: 1985-10-26T08:15:00.000Z,
1007 silly tar       cksum: 8438,
1007 silly tar       linkpath: '',
1007 silly tar       uname: '',
1007 silly tar       gname: '',
1007 silly tar       devmaj: 0,
1007 silly tar       devmin: 0,
1007 silly tar       atime: null,
1007 silly tar       ctime: null,
1007 silly tar       Symbol(type): '0'
1007 silly tar     },
1007 silly tar     startBlockSize: 13312,
1007 silly tar     blockRemain: 2750,
1007 silly tar     remain: 2710,
1007 silly tar     type: 'File',
1007 silly tar     meta: false,
1007 silly tar     ignore: false,
1007 silly tar     path: 'runtime/query_engine_bg.postgresql.mjs',
1007 silly tar     mode: 438,
1007 silly tar     uid: 0,
1007 silly tar     gid: 0,
1007 silly tar     uname: '',
1007 silly tar     gname: '',
1007 silly tar     size: 13272,
1007 silly tar     mtime: 1985-10-26T08:15:00.000Z,
1007 silly tar     atime: null,
1007 silly tar     ctime: null,
1007 silly tar     linkpath: '',
1007 silly tar     absolute: '/run/media/ttf/4D68CCA27FA538EE/immo_tul/backend/node_modules/@prisma/client/runtime/query_engine_bg.postgresql.mjs',
1007 silly tar     Symbol(shapeMode): false,
1007 silly tar     Symbol(kCapture): false,
1007 silly tar     Symbol(flowing): false,
1007 silly tar     Symbol(paused): true,
1007 silly tar     Symbol(pipes): [ [Pipe] ],
1007 silly tar     Symbol(buffer): [
1007 silly tar       <Buffer 6f 63 2c 72 2e 5f 5f 77 62 69 6e 64 67 65 6e 5f 72 65 61 6c 6c 6f 63 29 2c 6e 3d 73 3b 63 6f 6e 73 74 20 5f 3d 72 2e 64 65 62 75 67 5f 70 61 6e 69 63 ... 7920 more bytes>
1007 silly tar     ],
1007 silly tar     Symbol(objectMode): false,
1007 silly tar     Symbol(encoding): null,
1007 silly tar     Symbol(async): false,
1007 silly tar     Symbol(decoder): null,
1007 silly tar     Symbol(EOF): false,
1007 silly tar     Symbol(emittedEnd): false,
1007 silly tar     Symbol(emittingEnd): false,
1007 silly tar     Symbol(closed): false,
1007 silly tar     Symbol(emittedError): null,
1007 silly tar     Symbol(bufferLength): 7970,
1007 silly tar     Symbol(destroyed): false,
1007 silly tar     Symbol(signal): undefined,
1007 silly tar     Symbol(aborted): false,
1007 silly tar     Symbol(dataListeners): 0,
1007 silly tar     Symbol(discarded): false
1007 silly tar   },
1007 silly tar   cwd: '/run/media/ttf/4D68CCA27FA538EE/immo_tul/backend/node_modules/@prisma/client',
1007 silly tar   tarCode: 'TAR_ENTRY_ERROR'
1007 silly tar }
1008 warn tar TAR_ENTRY_ERROR ENOENT: no such file or directory, open '/run/media/ttf/4D68CCA27FA538EE/immo_tul/backend/node_modules/@prisma/client/runtime/query_engine_bg.postgresql.wasm-base64.mjs'
1009 silly tar TAR_ENTRY_ERROR ENOENT: no such file or directory, open '/run/media/ttf/4D68CCA27FA538EE/immo_tul/backend/node_modules/@prisma/client/runtime/query_engine_bg.postgresql.wasm-base64.mjs' [Error: ENOENT: no such file or directory, open '/run/media/ttf/4D68CCA27FA538EE/immo_tul/backend/node_modules/@prisma/client/runtime/query_engine_bg.postgresql.wasm-base64.mjs'] {
1009 silly tar   errno: -2,
1009 silly tar   code: 'ENOENT',
1009 silly tar   syscall: 'open',
1009 silly tar   path: '/run/media/ttf/4D68CCA27FA538EE/immo_tul/backend/node_modules/@prisma/client/runtime/query_engine_bg.postgresql.wasm-base64.mjs',
1009 silly tar   entry: ReadEntry {
1009 silly tar     _events: [Object: null prototype] {
1009 silly tar       end: [Function (anonymous)],
1009 silly tar       drain: [Function]
1009 silly tar     },
1009 silly tar     _eventsCount: 2,
1009 silly tar     _maxListeners: undefined,
1009 silly tar     writable: true,
1009 silly tar     readable: true,
1009 silly tar     extended: null,
1009 silly tar     globalExtended: null,
1009 silly tar     header: Header {
1009 silly tar       cksumValid: true,
1009 silly tar       needPax: false,
1009 silly tar       nullBlock: false,
1009 silly tar       block: null,
1009 silly tar       path: 'package/runtime/query_engine_bg.postgresql.wasm-base64.mjs',
1009 silly tar       mode: 420,
1009 silly tar       uid: 0,
1009 silly tar       gid: 0,
1009 silly tar       size: 3063501,
1009 silly tar       mtime: 1985-10-26T08:15:00.000Z,
1009 silly tar       cksum: 9500,
1009 silly tar       linkpath: '',
1009 silly tar       uname: '',
1009 silly tar       gname: '',
1009 silly tar       devmaj: 0,
1009 silly tar       devmin: 0,
1009 silly tar       atime: null,
1009 silly tar       ctime: null,
1009 silly tar       Symbol(type): '0'
1009 silly tar     },
1009 silly tar     startBlockSize: 3063808,
1009 silly tar     blockRemain: 3033447,
1009 silly tar     remain: 3033140,
1009 silly tar     type: 'File',
1009 silly tar     meta: false,
1009 silly tar     ignore: false,
1009 silly tar     path: 'runtime/query_engine_bg.postgresql.wasm-base64.mjs',
1009 silly tar     mode: 438,
1009 silly tar     uid: 0,
1009 silly tar     gid: 0,
1009 silly tar     uname: '',
1009 silly tar     gname: '',
1009 silly tar     size: 3063501,
1009 silly tar     mtime: 1985-10-26T08:15:00.000Z,
1009 silly tar     atime: null,
1009 silly tar     ctime: null,
1009 silly tar     linkpath: '',
1009 silly tar     absolute: '/run/media/ttf/4D68CCA27FA538EE/immo_tul/backend/node_modules/@prisma/client/runtime/query_engine_bg.postgresql.wasm-base64.mjs',
1009 silly tar     Symbol(shapeMode): false,
1009 silly tar     Symbol(kCapture): false,
1009 silly tar     Symbol(flowing): false,
1009 silly tar     Symbol(paused): true,
1009 silly tar     Symbol(pipes): [ [Pipe] ],
1009 silly tar     Symbol(buffer): [
1009 silly tar       <Buffer 41 51 45 44 41 51 45 42 41 51 59 42 41 67 4d 45 42 67 45 41 43 77 59 4c 43 77 73 4c 41 51 73 43 43 77 45 44 41 51 55 4c 41 77 4d 42 41 51 73 4c 43 77 ... 16334 more bytes>,
1009 silly tar       <Buffer 78 67 41 32 41 72 51 61 49 41 64 42 41 54 59 43 73 42 6f 67 41 53 41 44 49 41 73 67 44 52 44 41 43 53 41 4b 45 50 30 6a 49 41 77 51 2f 53 4d 67 43 42 ... 805 more bytes>
1009 silly tar     ],
1009 silly tar     Symbol(objectMode): false,
1009 silly tar     Symbol(encoding): null,
1009 silly tar     Symbol(async): false,
1009 silly tar     Symbol(decoder): null,
1009 silly tar     Symbol(EOF): false,
1009 silly tar     Symbol(emittedEnd): false,
1009 silly tar     Symbol(emittingEnd): false,
1009 silly tar     Symbol(closed): false,
1009 silly tar     Symbol(emittedError): null,
1009 silly tar     Symbol(bufferLength): 17239,
1009 silly tar     Symbol(destroyed): false,
1009 silly tar     Symbol(signal): undefined,
1009 silly tar     Symbol(aborted): false,
1009 silly tar     Symbol(dataListeners): 0,
1009 silly tar     Symbol(discarded): false
1009 silly tar   },
1009 silly tar   cwd: '/run/media/ttf/4D68CCA27FA538EE/immo_tul/backend/node_modules/@prisma/client',
1009 silly tar   tarCode: 'TAR_ENTRY_ERROR'
1009 silly tar }
1010 warn tar TAR_ENTRY_ERROR ENOENT: no such file or directory, open '/run/media/ttf/4D68CCA27FA538EE/immo_tul/backend/node_modules/@prisma/client/runtime/query_engine_bg.sqlite.mjs'
1011 silly tar TAR_ENTRY_ERROR ENOENT: no such file or directory, open '/run/media/ttf/4D68CCA27FA538EE/immo_tul/backend/node_modules/@prisma/client/runtime/query_engine_bg.sqlite.mjs' [Error: ENOENT: no such file or directory, open '/run/media/ttf/4D68CCA27FA538EE/immo_tul/backend/node_modules/@prisma/client/runtime/query_engine_bg.sqlite.mjs'] {
1011 silly tar   errno: -2,
1011 silly tar   code: 'ENOENT',
1011 silly tar   syscall: 'open',
1011 silly tar   path: '/run/media/ttf/4D68CCA27FA538EE/immo_tul/backend/node_modules/@prisma/client/runtime/query_engine_bg.sqlite.mjs',
1011 silly tar   entry: ReadEntry {
1011 silly tar     _events: [Object: null prototype] { end: [Function (anonymous)] },
1011 silly tar     _eventsCount: 1,
1011 silly tar     _maxListeners: undefined,
1011 silly tar     writable: false,
1011 silly tar     readable: true,
1011 silly tar     extended: null,
1011 silly tar     globalExtended: null,
1011 silly tar     header: Header {
1011 silly tar       cksumValid: true,
1011 silly tar       needPax: false,
1011 silly tar       nullBlock: false,
1011 silly tar       block: null,
1011 silly tar       path: 'package/runtime/query_engine_bg.sqlite.mjs',
1011 silly tar       mode: 420,
1011 silly tar       uid: 0,
1011 silly tar       gid: 0,
1011 silly tar       size: 13090,
1011 silly tar       mtime: 1985-10-26T08:15:00.000Z,
1011 silly tar       cksum: 7988,
1011 silly tar       linkpath: '',
1011 silly tar       uname: '',
1011 silly tar       gname: '',
1011 silly tar       devmaj: 0,
1011 silly tar       devmin: 0,
1011 silly tar       atime: null,
1011 silly tar       ctime: null,
1011 silly tar       Symbol(type): '0'
1011 silly tar     },
1011 silly tar     startBlockSize: 13312,
1011 silly tar     blockRemain: 0,
1011 silly tar     remain: 0,
1011 silly tar     type: 'File',
1011 silly tar     meta: false,
1011 silly tar     ignore: false,
1011 silly tar     path: 'runtime/query_engine_bg.sqlite.mjs',
1011 silly tar     mode: 438,
1011 silly tar     uid: 0,
1011 silly tar     gid: 0,
1011 silly tar     uname: '',
1011 silly tar     gname: '',
1011 silly tar     size: 13090,
1011 silly tar     mtime: 1985-10-26T08:15:00.000Z,
1011 silly tar     atime: null,
1011 silly tar     ctime: null,
1011 silly tar     linkpath: '',
1011 silly tar     absolute: '/run/media/ttf/4D68CCA27FA538EE/immo_tul/backend/node_modules/@prisma/client/runtime/query_engine_bg.sqlite.mjs',
1011 silly tar     Symbol(shapeMode): false,
1011 silly tar     Symbol(kCapture): false,
1011 silly tar     Symbol(flowing): false,
1011 silly tar     Symbol(paused): true,
1011 silly tar     Symbol(pipes): [ [Pipe] ],
1011 silly tar     Symbol(buffer): [
1011 silly tar       <Buffer 20 61 73 20 5f 5f 77 62 67 5f 53 74 72 69 6e 67 5f 38 66 30 65 62 33 39 61 34 61 34 63 32 66 36 36 2c 51 20 61 73 20 5f 5f 77 62 67 5f 5f 5f 77 62 69 ... 3411 more bytes>
1011 silly tar     ],
1011 silly tar     Symbol(objectMode): false,
1011 silly tar     Symbol(encoding): null,
1011 silly tar     Symbol(async): false,
1011 silly tar     Symbol(decoder): null,
1011 silly tar     Symbol(EOF): true,
1011 silly tar     Symbol(emittedEnd): false,
1011 silly tar     Symbol(emittingEnd): false,
1011 silly tar     Symbol(closed): false,
1011 silly tar     Symbol(emittedError): null,
1011 silly tar     Symbol(bufferLength): 3461,
1011 silly tar     Symbol(destroyed): false,
1011 silly tar     Symbol(signal): undefined,
1011 silly tar     Symbol(aborted): false,
1011 silly tar     Symbol(dataListeners): 0,
1011 silly tar     Symbol(discarded): false
1011 silly tar   },
1011 silly tar   cwd: '/run/media/ttf/4D68CCA27FA538EE/immo_tul/backend/node_modules/@prisma/client',
1011 silly tar   tarCode: 'TAR_ENTRY_ERROR'
1011 silly tar }
1012 warn tar TAR_ENTRY_ERROR ENOENT: no such file or directory, open '/run/media/ttf/4D68CCA27FA538EE/immo_tul/backend/node_modules/@prisma/client/runtime/query_engine_bg.sqlite.wasm-base64.mjs'
1013 silly tar TAR_ENTRY_ERROR ENOENT: no such file or directory, open '/run/media/ttf/4D68CCA27FA538EE/immo_tul/backend/node_modules/@prisma/client/runtime/query_engine_bg.sqlite.wasm-base64.mjs' [Error: ENOENT: no such file or directory, open '/run/media/ttf/4D68CCA27FA538EE/immo_tul/backend/node_modules/@prisma/client/runtime/query_engine_bg.sqlite.wasm-base64.mjs'] {
1013 silly tar   errno: -2,
1013 silly tar   code: 'ENOENT',
1013 silly tar   syscall: 'open',
1013 silly tar   path: '/run/media/ttf/4D68CCA27FA538EE/immo_tul/backend/node_modules/@prisma/client/runtime/query_engine_bg.sqlite.wasm-base64.mjs',
1013 silly tar   entry: ReadEntry {
1013 silly tar     _events: [Object: null prototype] {
1013 silly tar       end: [Function (anonymous)],
1013 silly tar       drain: [Function]
1013 silly tar     },
1013 silly tar     _eventsCount: 2,
1013 silly tar     _maxListeners: undefined,
1013 silly tar     writable: true,
1013 silly tar     readable: true,
1013 silly tar     extended: null,
1013 silly tar     globalExtended: null,
1013 silly tar     header: Header {
1013 silly tar       cksumValid: true,
1013 silly tar       needPax: false,
1013 silly tar       nullBlock: false,
1013 silly tar       block: null,
1013 silly tar       path: 'package/runtime/query_engine_bg.sqlite.wasm-base64.mjs',
1013 silly tar       mode: 420,
1013 silly tar       uid: 0,
1013 silly tar       gid: 0,
1013 silly tar       size: 2895101,
1013 silly tar       mtime: 1985-10-26T08:15:00.000Z,
1013 silly tar       cksum: 9049,
1013 silly tar       linkpath: '',
1013 silly tar       uname: '',
1013 silly tar       gname: '',
1013 silly tar       devmaj: 0,
1013 silly tar       devmin: 0,
1013 silly tar       atime: null,
1013 silly tar       ctime: null,
1013 silly tar       Symbol(type): '0'
1013 silly tar     },
1013 silly tar     startBlockSize: 2895360,
1013 silly tar     blockRemain: 2854957,
1013 silly tar     remain: 2854698,
1013 silly tar     type: 'File',
1013 silly tar     meta: false,
1013 silly tar     ignore: false,
1013 silly tar     path: 'runtime/query_engine_bg.sqlite.wasm-base64.mjs',
1013 silly tar     mode: 438,
1013 silly tar     uid: 0,
1013 silly tar     gid: 0,
1013 silly tar     uname: '',
1013 silly tar     gname: '',
1013 silly tar     size: 2895101,
1013 silly tar     mtime: 1985-10-26T08:15:00.000Z,
1013 silly tar     atime: null,
1013 silly tar     ctime: null,
1013 silly tar     linkpath: '',
1013 silly tar     absolute: '/run/media/ttf/4D68CCA27FA538EE/immo_tul/backend/node_modules/@prisma/client/runtime/query_engine_bg.sqlite.wasm-base64.mjs',
1013 silly tar     Symbol(shapeMode): false,
1013 silly tar     Symbol(kCapture): false,
1013 silly tar     Symbol(flowing): false,
1013 silly tar     Symbol(paused): true,
1013 silly tar     Symbol(pipes): [ [Pipe] ],
1013 silly tar     Symbol(buffer): [
1013 silly tar       <Buffer 52 66 4e 57 51 32 59 54 46 6b 4e 47 5a 6a 4e 54 46 6c 59 54 51 31 4d 41 42 52 46 43 34 76 63 58 56 6c 63 6e 6c 66 5a 57 35 6e 61 57 35 6c 58 32 4a 6e ... 16334 more bytes>,
1013 silly tar       <Buffer 64 42 32 42 52 71 49 53 4d 67 42 30 48 38 46 47 6f 68 52 43 41 48 51 65 41 55 61 69 45 39 49 41 64 42 30 42 52 71 49 52 4d 67 42 30 47 34 44 47 6f 68 ... 16334 more bytes>,
1013 silly tar       <Buffer 6b 43 41 44 63 44 79 42 51 67 42 79 41 58 4b 51 49 41 4e 77 4f 6f 44 69 41 48 49 42 6b 70 41 67 41 33 41 34 67 55 49 41 63 6f 41 6f 77 61 49 51 67 67 ... 2517 more bytes>
1013 silly tar     ],
1013 silly tar     Symbol(objectMode): false,
1013 silly tar     Symbol(encoding): null,
1013 silly tar     Symbol(async): false,
1013 silly tar     Symbol(decoder): null,
1013 silly tar     Symbol(EOF): false,
1013 silly tar     Symbol(emittedEnd): false,
1013 silly tar     Symbol(emittingEnd): false,
1013 silly tar     Symbol(closed): false,
1013 silly tar     Symbol(emittedError): null,
1013 silly tar     Symbol(bufferLength): 35335,
1013 silly tar     Symbol(destroyed): false,
1013 silly tar     Symbol(signal): undefined,
1013 silly tar     Symbol(aborted): false,
1013 silly tar     Symbol(dataListeners): 0,
1013 silly tar     Symbol(discarded): false
1013 silly tar   },
1013 silly tar   cwd: '/run/media/ttf/4D68CCA27FA538EE/immo_tul/backend/node_modules/@prisma/client',
1013 silly tar   tarCode: 'TAR_ENTRY_ERROR'
1013 silly tar }
1014 warn tar TAR_ENTRY_ERROR ENOENT: no such file or directory, open '/run/media/ttf/4D68CCA27FA538EE/immo_tul/backend/node_modules/@prisma/client/runtime/query_engine_bg.sqlserver.mjs'
1015 silly tar TAR_ENTRY_ERROR ENOENT: no such file or directory, open '/run/media/ttf/4D68CCA27FA538EE/immo_tul/backend/node_modules/@prisma/client/runtime/query_engine_bg.sqlserver.mjs' [Error: ENOENT: no such file or directory, open '/run/media/ttf/4D68CCA27FA538EE/immo_tul/backend/node_modules/@prisma/client/runtime/query_engine_bg.sqlserver.mjs'] {
1015 silly tar   errno: -2,
1015 silly tar   code: 'ENOENT',
1015 silly tar   syscall: 'open',
1015 silly tar   path: '/run/media/ttf/4D68CCA27FA538EE/immo_tul/backend/node_modules/@prisma/client/runtime/query_engine_bg.sqlserver.mjs',
1015 silly tar   entry: ReadEntry {
1015 silly tar     _events: [Object: null prototype] { end: [Function (anonymous)] },
1015 silly tar     _eventsCount: 1,
1015 silly tar     _maxListeners: undefined,
1015 silly tar     writable: false,
1015 silly tar     readable: true,
1015 silly tar     extended: null,
1015 silly tar     globalExtended: null,
1015 silly tar     header: Header {
1015 silly tar       cksumValid: true,
1015 silly tar       needPax: false,
1015 silly tar       nullBlock: false,
1015 silly tar       block: null,
1015 silly tar       path: 'package/runtime/query_engine_bg.sqlserver.mjs',
1015 silly tar       mode: 420,
1015 silly tar       uid: 0,
1015 silly tar       gid: 0,
1015 silly tar       size: 13090,
1015 silly tar       mtime: 1985-10-26T08:15:00.000Z,
1015 silly tar       cksum: 8329,
1015 silly tar       linkpath: '',
1015 silly tar       uname: '',
1015 silly tar       gname: '',
1015 silly tar       devmaj: 0,
1015 silly tar       devmin: 0,
1015 silly tar       atime: null,
1015 silly tar       ctime: null,
1015 silly tar       Symbol(type): '0'
1015 silly tar     },
1015 silly tar     startBlockSize: 13312,
1015 silly tar     blockRemain: 0,
1015 silly tar     remain: 0,
1015 silly tar     type: 'File',
1015 silly tar     meta: false,
1015 silly tar     ignore: false,
1015 silly tar     path: 'runtime/query_engine_bg.sqlserver.mjs',
1015 silly tar     mode: 438,
1015 silly tar     uid: 0,
1015 silly tar     gid: 0,
1015 silly tar     uname: '',
1015 silly tar     gname: '',
1015 silly tar     size: 13090,
1015 silly tar     mtime: 1985-10-26T08:15:00.000Z,
1015 silly tar     atime: null,
1015 silly tar     ctime: null,
1015 silly tar     linkpath: '',
1015 silly tar     absolute: '/run/media/ttf/4D68CCA27FA538EE/immo_tul/backend/node_modules/@prisma/client/runtime/query_engine_bg.sqlserver.mjs',
1015 silly tar     Symbol(shapeMode): false,
1015 silly tar     Symbol(kCapture): false,
1015 silly tar     Symbol(flowing): false,
1015 silly tar     Symbol(paused): true,
1015 silly tar     Symbol(pipes): [ [Pipe] ],
1015 silly tar     Symbol(buffer): [
1015 silly tar       <Buffer 5f 77 62 69 6e 64 67 65 6e 5f 63 61 73 74 5f 39 61 65 30 36 30 37 35 30 37 61 62 62 30 35 37 2c 78 74 20 61 73 20 5f 5f 77 62 69 6e 64 67 65 6e 5f 63 ... 178 more bytes>
1015 silly tar     ],
1015 silly tar     Symbol(objectMode): false,
1015 silly tar     Symbol(encoding): null,
1015 silly tar     Symbol(async): false,
1015 silly tar     Symbol(decoder): null,
1015 silly tar     Symbol(EOF): true,
1015 silly tar     Symbol(emittedEnd): false,
1015 silly tar     Symbol(emittingEnd): false,
1015 silly tar     Symbol(closed): false,
1015 silly tar     Symbol(emittedError): null,
1015 silly tar     Symbol(bufferLength): 228,
1015 silly tar     Symbol(destroyed): false,
1015 silly tar     Symbol(signal): undefined,
1015 silly tar     Symbol(aborted): false,
1015 silly tar     Symbol(dataListeners): 0,
1015 silly tar     Symbol(discarded): false
1015 silly tar   },
1015 silly tar   cwd: '/run/media/ttf/4D68CCA27FA538EE/immo_tul/backend/node_modules/@prisma/client',
1015 silly tar   tarCode: 'TAR_ENTRY_ERROR'
1015 silly tar }
1016 warn tar TAR_ENTRY_ERROR ENOENT: no such file or directory, open '/run/media/ttf/4D68CCA27FA538EE/immo_tul/backend/node_modules/@prisma/client/runtime/query_engine_bg.sqlserver.wasm-base64.mjs'
1017 silly tar TAR_ENTRY_ERROR ENOENT: no such file or directory, open '/run/media/ttf/4D68CCA27FA538EE/immo_tul/backend/node_modules/@prisma/client/runtime/query_engine_bg.sqlserver.wasm-base64.mjs' [Error: ENOENT: no such file or directory, open '/run/media/ttf/4D68CCA27FA538EE/immo_tul/backend/node_modules/@prisma/client/runtime/query_engine_bg.sqlserver.wasm-base64.mjs'] {
1017 silly tar   errno: -2,
1017 silly tar   code: 'ENOENT',
1017 silly tar   syscall: 'open',
1017 silly tar   path: '/run/media/ttf/4D68CCA27FA538EE/immo_tul/backend/node_modules/@prisma/client/runtime/query_engine_bg.sqlserver.wasm-base64.mjs',
1017 silly tar   entry: ReadEntry {
1017 silly tar     _events: [Object: null prototype] {
1017 silly tar       end: [Function (anonymous)],
1017 silly tar       drain: [Function]
1017 silly tar     },
1017 silly tar     _eventsCount: 2,
1017 silly tar     _maxListeners: undefined,
1017 silly tar     writable: true,
1017 silly tar     readable: true,
1017 silly tar     extended: null,
1017 silly tar     globalExtended: null,
1017 silly tar     header: Header {
1017 silly tar       cksumValid: true,
1017 silly tar       needPax: false,
1017 silly tar       nullBlock: false,
1017 silly tar       block: null,
1017 silly tar       path: 'package/runtime/query_engine_bg.sqlserver.wasm-base64.mjs',
1017 silly tar       mode: 420,
1017 silly tar       uid: 0,
1017 silly tar       gid: 0,
1017 silly tar       size: 2977149,
1017 silly tar       mtime: 1985-10-26T08:15:00.000Z,
1017 silly tar       cksum: 9398,
1017 silly tar       linkpath: '',
1017 silly tar       uname: '',
1017 silly tar       gname: '',
1017 silly tar       devmaj: 0,
1017 silly tar       devmin: 0,
1017 silly tar       atime: null,
1017 silly tar       ctime: null,
1017 silly tar       Symbol(type): '0'
1017 silly tar     },
1017 silly tar     startBlockSize: 2977280,
1017 silly tar     blockRemain: 2931279,
1017 silly tar     remain: 2931148,
1017 silly tar     type: 'File',
1017 silly tar     meta: false,
1017 silly tar     ignore: false,
1017 silly tar     path: 'runtime/query_engine_bg.sqlserver.wasm-base64.mjs',
1017 silly tar     mode: 438,
1017 silly tar     uid: 0,
1017 silly tar     gid: 0,
1017 silly tar     uname: '',
1017 silly tar     gname: '',
1017 silly tar     size: 2977149,
1017 silly tar     mtime: 1985-10-26T08:15:00.000Z,
1017 silly tar     atime: null,
1017 silly tar     ctime: null,
1017 silly tar     linkpath: '',
1017 silly tar     absolute: '/run/media/ttf/4D68CCA27FA538EE/immo_tul/backend/node_modules/@prisma/client/runtime/query_engine_bg.sqlserver.wasm-base64.mjs',
1017 silly tar     Symbol(shapeMode): false,
1017 silly tar     Symbol(kCapture): false,
1017 silly tar     Symbol(flowing): false,
1017 silly tar     Symbol(paused): true,
1017 silly tar     Symbol(pipes): [ [Pipe] ],
1017 silly tar     Symbol(buffer): [
1017 silly tar       <Buffer 44 41 41 41 48 41 51 4d 4d 41 41 51 41 41 42 49 53 41 67 41 43 41 41 49 43 41 67 49 49 41 67 77 41 41 51 59 43 41 41 41 43 42 67 41 41 41 41 41 44 41 ... 16334 more bytes>,
1017 silly tar       <Buffer 43 75 41 77 67 42 30 48 49 41 47 6f 67 42 30 47 67 44 47 6f 51 78 41 67 43 66 79 41 48 4b 41 4a 49 51 51 46 78 42 45 41 67 42 79 67 43 54 43 45 47 49 ... 16334 more bytes>,
1017 silly tar       <Buffer 4a 4e 67 4c 41 47 43 41 48 51 59 41 61 61 69 49 47 49 44 78 42 30 2b 48 48 41 45 45 46 45 50 63 44 49 41 63 6f 41 6f 41 61 51 51 78 47 44 52 73 67 42 ... 4586 more bytes>
1017 silly tar     ],
1017 silly tar     Symbol(objectMode): false,
1017 silly tar     Symbol(encoding): null,
1017 silly tar     Symbol(async): false,
1017 silly tar     Symbol(decoder): null,
1017 silly tar     Symbol(EOF): false,
1017 silly tar     Symbol(emittedEnd): false,
1017 silly tar     Symbol(emittingEnd): false,
1017 silly tar     Symbol(closed): false,
1017 silly tar     Symbol(emittedError): null,
1017 silly tar     Symbol(bufferLength): 37404,
1017 silly tar     Symbol(destroyed): false,
1017 silly tar     Symbol(signal): undefined,
1017 silly tar     Symbol(aborted): false,
1017 silly tar     Symbol(dataListeners): 0,
1017 silly tar     Symbol(discarded): false
1017 silly tar   },
1017 silly tar   cwd: '/run/media/ttf/4D68CCA27FA538EE/immo_tul/backend/node_modules/@prisma/client',
1017 silly tar   tarCode: 'TAR_ENTRY_ERROR'
1017 silly tar }
1018 warn tar TAR_ENTRY_ERROR ENOENT: no such file or directory, open '/run/media/ttf/4D68CCA27FA538EE/immo_tul/backend/node_modules/@prisma/client/sql.mjs'
1019 silly tar TAR_ENTRY_ERROR ENOENT: no such file or directory, open '/run/media/ttf/4D68CCA27FA538EE/immo_tul/backend/node_modules/@prisma/client/sql.mjs' [Error: ENOENT: no such file or directory, open '/run/media/ttf/4D68CCA27FA538EE/immo_tul/backend/node_modules/@prisma/client/sql.mjs'] {
1019 silly tar   errno: -2,
1019 silly tar   code: 'ENOENT',
1019 silly tar   syscall: 'open',
1019 silly tar   path: '/run/media/ttf/4D68CCA27FA538EE/immo_tul/backend/node_modules/@prisma/client/sql.mjs',
1019 silly tar   entry: ReadEntry {
1019 silly tar     _events: [Object: null prototype] {},
1019 silly tar     _eventsCount: 0,
1019 silly tar     _maxListeners: undefined,
1019 silly tar     writable: false,
1019 silly tar     readable: false,
1019 silly tar     extended: null,
1019 silly tar     globalExtended: null,
1019 silly tar     header: Header {
1019 silly tar       cksumValid: true,
1019 silly tar       needPax: false,
1019 silly tar       nullBlock: false,
1019 silly tar       block: null,
1019 silly tar       path: 'package/sql.mjs',
1019 silly tar       mode: 420,
1019 silly tar       uid: 0,
1019 silly tar       gid: 0,
1019 silly tar       size: 51,
1019 silly tar       mtime: 1985-10-26T08:15:00.000Z,
1019 silly tar       cksum: 5209,
1019 silly tar       linkpath: '',
1019 silly tar       uname: '',
1019 silly tar       gname: '',
1019 silly tar       devmaj: 0,
1019 silly tar       devmin: 0,
1019 silly tar       atime: null,
1019 silly tar       ctime: null,
1019 silly tar       Symbol(type): '0'
1019 silly tar     },
1019 silly tar     startBlockSize: 512,
1019 silly tar     blockRemain: 0,
1019 silly tar     remain: 0,
1019 silly tar     type: 'File',
1019 silly tar     meta: false,
1019 silly tar     ignore: false,
1019 silly tar     path: 'sql.mjs',
1019 silly tar     mode: 438,
1019 silly tar     uid: 0,
1019 silly tar     gid: 0,
1019 silly tar     uname: '',
1019 silly tar     gname: '',
1019 silly tar     size: 51,
1019 silly tar     mtime: 1985-10-26T08:15:00.000Z,
1019 silly tar     atime: null,
1019 silly tar     ctime: null,
1019 silly tar     linkpath: '',
1019 silly tar     absolute: '/run/media/ttf/4D68CCA27FA538EE/immo_tul/backend/node_modules/@prisma/client/sql.mjs',
1019 silly tar     Symbol(shapeMode): false,
1019 silly tar     Symbol(kCapture): false,
1019 silly tar     Symbol(flowing): false,
1019 silly tar     Symbol(paused): true,
1019 silly tar     Symbol(pipes): [ [Pipe] ],
1019 silly tar     Symbol(buffer): [],
1019 silly tar     Symbol(objectMode): false,
1019 silly tar     Symbol(encoding): null,
1019 silly tar     Symbol(async): false,
1019 silly tar     Symbol(decoder): null,
1019 silly tar     Symbol(EOF): true,
1019 silly tar     Symbol(emittedEnd): true,
1019 silly tar     Symbol(emittingEnd): false,
1019 silly tar     Symbol(closed): false,
1019 silly tar     Symbol(emittedError): null,
1019 silly tar     Symbol(bufferLength): 0,
1019 silly tar     Symbol(destroyed): false,
1019 silly tar     Symbol(signal): undefined,
1019 silly tar     Symbol(aborted): false,
1019 silly tar     Symbol(dataListeners): 0,
1019 silly tar     Symbol(discarded): false
1019 silly tar   },
1019 silly tar   cwd: '/run/media/ttf/4D68CCA27FA538EE/immo_tul/backend/node_modules/@prisma/client',
1019 silly tar   tarCode: 'TAR_ENTRY_ERROR'
1019 silly tar }
1020 warn tar TAR_ENTRY_ERROR ENOENT: no such file or directory, open '/run/media/ttf/4D68CCA27FA538EE/immo_tul/backend/node_modules/@prisma/client/runtime/wasm-compiler-edge.mjs'
1021 silly tar TAR_ENTRY_ERROR ENOENT: no such file or directory, open '/run/media/ttf/4D68CCA27FA538EE/immo_tul/backend/node_modules/@prisma/client/runtime/wasm-compiler-edge.mjs' [Error: ENOENT: no such file or directory, open '/run/media/ttf/4D68CCA27FA538EE/immo_tul/backend/node_modules/@prisma/client/runtime/wasm-compiler-edge.mjs'] {
1021 silly tar   errno: -2,
1021 silly tar   code: 'ENOENT',
1021 silly tar   syscall: 'open',
1021 silly tar   path: '/run/media/ttf/4D68CCA27FA538EE/immo_tul/backend/node_modules/@prisma/client/runtime/wasm-compiler-edge.mjs',
1021 silly tar   entry: ReadEntry {
1021 silly tar     _events: [Object: null prototype] {
1021 silly tar       end: [Function (anonymous)],
1021 silly tar       drain: [Function]
1021 silly tar     },
1021 silly tar     _eventsCount: 2,
1021 silly tar     _maxListeners: undefined,
1021 silly tar     writable: true,
1021 silly tar     readable: true,
1021 silly tar     extended: null,
1021 silly tar     globalExtended: null,
1021 silly tar     header: Header {
1021 silly tar       cksumValid: true,
1021 silly tar       needPax: false,
1021 silly tar       nullBlock: false,
1021 silly tar       block: null,
1021 silly tar       path: 'package/runtime/wasm-compiler-edge.mjs',
1021 silly tar       mode: 420,
1021 silly tar       uid: 0,
1021 silly tar       gid: 0,
1021 silly tar       size: 206347,
1021 silly tar       mtime: 1985-10-26T08:15:00.000Z,
1021 silly tar       cksum: 7492,
1021 silly tar       linkpath: '',
1021 silly tar       uname: '',
1021 silly tar       gname: '',
1021 silly tar       devmaj: 0,
1021 silly tar       devmin: 0,
1021 silly tar       atime: null,
1021 silly tar       ctime: null,
1021 silly tar       Symbol(type): '0'
1021 silly tar     },
1021 silly tar     startBlockSize: 206848,
1021 silly tar     blockRemain: 185151,
1021 silly tar     remain: 184650,
1021 silly tar     type: 'File',
1021 silly tar     meta: false,
1021 silly tar     ignore: false,
1021 silly tar     path: 'runtime/wasm-compiler-edge.mjs',
1021 silly tar     mode: 438,
1021 silly tar     uid: 0,
1021 silly tar     gid: 0,
1021 silly tar     uname: '',
1021 silly tar     gname: '',
1021 silly tar     size: 206347,
1021 silly tar     mtime: 1985-10-26T08:15:00.000Z,
1021 silly tar     atime: null,
1021 silly tar     ctime: null,
1021 silly tar     linkpath: '',
1021 silly tar     absolute: '/run/media/ttf/4D68CCA27FA538EE/immo_tul/backend/node_modules/@prisma/client/runtime/wasm-compiler-edge.mjs',
1021 silly tar     Symbol(shapeMode): false,
1021 silly tar     Symbol(kCapture): false,
1021 silly tar     Symbol(flowing): false,
1021 silly tar     Symbol(paused): true,
1021 silly tar     Symbol(pipes): [ [Pipe] ],
1021 silly tar     Symbol(buffer): [
1021 silly tar       <Buffer 3d 6e 75 6c 6c 3f 28 57 3d 21 31 2c 77 3d 4d 29 3a 77 3d 74 2c 43 2e 65 71 28 31 30 29 29 72 65 74 75 72 6e 20 74 3d 3d 6e 75 6c 6c 26 26 28 57 3d 21 ... 9068 more bytes>
1021 silly tar     ],
1021 silly tar     Symbol(objectMode): false,
1021 silly tar     Symbol(encoding): null,
1021 silly tar     Symbol(async): false,
1021 silly tar     Symbol(decoder): null,
1021 silly tar     Symbol(EOF): false,
1021 silly tar     Symbol(emittedEnd): false,
1021 silly tar     Symbol(emittingEnd): false,
1021 silly tar     Symbol(closed): false,
1021 silly tar     Symbol(emittedError): null,
1021 silly tar     Symbol(bufferLength): 9118,
1021 silly tar     Symbol(destroyed): false,
1021 silly tar     Symbol(signal): undefined,
1021 silly tar     Symbol(aborted): false,
1021 silly tar     Symbol(dataListeners): 0,
1021 silly tar     Symbol(discarded): false
1021 silly tar   },
1021 silly tar   cwd: '/run/media/ttf/4D68CCA27FA538EE/immo_tul/backend/node_modules/@prisma/client',
1021 silly tar   tarCode: 'TAR_ENTRY_ERROR'
1021 silly tar }
1022 warn tar TAR_ENTRY_ERROR ENOENT: no such file or directory, open '/run/media/ttf/4D68CCA27FA538EE/immo_tul/backend/node_modules/@prisma/client/runtime/wasm-engine-edge.mjs'
1023 silly tar TAR_ENTRY_ERROR ENOENT: no such file or directory, open '/run/media/ttf/4D68CCA27FA538EE/immo_tul/backend/node_modules/@prisma/client/runtime/wasm-engine-edge.mjs' [Error: ENOENT: no such file or directory, open '/run/media/ttf/4D68CCA27FA538EE/immo_tul/backend/node_modules/@prisma/client/runtime/wasm-engine-edge.mjs'] {
1023 silly tar   errno: -2,
1023 silly tar   code: 'ENOENT',
1023 silly tar   syscall: 'open',
1023 silly tar   path: '/run/media/ttf/4D68CCA27FA538EE/immo_tul/backend/node_modules/@prisma/client/runtime/wasm-engine-edge.mjs',
1023 silly tar   entry: ReadEntry {
1023 silly tar     _events: [Object: null prototype] {
1023 silly tar       end: [Function (anonymous)],
1023 silly tar       drain: [Function]
1023 silly tar     },
1023 silly tar     _eventsCount: 2,
1023 silly tar     _maxListeners: undefined,
1023 silly tar     writable: true,
1023 silly tar     readable: true,
1023 silly tar     extended: null,
1023 silly tar     globalExtended: null,
1023 silly tar     header: Header {
1023 silly tar       cksumValid: true,
1023 silly tar       needPax: false,
1023 silly tar       nullBlock: false,
1023 silly tar       block: null,
1023 silly tar       path: 'package/runtime/wasm-engine-edge.mjs',
1023 silly tar       mode: 420,
1023 silly tar       uid: 0,
1023 silly tar       gid: 0,
1023 silly tar       size: 146726,
1023 silly tar       mtime: 1985-10-26T08:15:00.000Z,
1023 silly tar       cksum: 7275,
1023 silly tar       linkpath: '',
1023 silly tar       uname: '',
1023 silly tar       gname: '',
1023 silly tar       devmaj: 0,
1023 silly tar       devmin: 0,
1023 silly tar       atime: null,
1023 silly tar       ctime: null,
1023 silly tar       Symbol(type): '0'
1023 silly tar     },
1023 silly tar     startBlockSize: 146944,
1023 silly tar     blockRemain: 122595,
1023 silly tar     remain: 122377,
1023 silly tar     type: 'File',
1023 silly tar     meta: false,
1023 silly tar     ignore: false,
1023 silly tar     path: 'runtime/wasm-engine-edge.mjs',
1023 silly tar     mode: 438,
1023 silly tar     uid: 0,
1023 silly tar     gid: 0,
1023 silly tar     uname: '',
1023 silly tar     gname: '',
1023 silly tar     size: 146726,
1023 silly tar     mtime: 1985-10-26T08:15:00.000Z,
1023 silly tar     atime: null,
1023 silly tar     ctime: null,
1023 silly tar     linkpath: '',
1023 silly tar     absolute: '/run/media/ttf/4D68CCA27FA538EE/immo_tul/backend/node_modules/@prisma/client/runtime/wasm-engine-edge.mjs',
1023 silly tar     Symbol(shapeMode): false,
1023 silly tar     Symbol(kCapture): false,
1023 silly tar     Symbol(flowing): false,
1023 silly tar     Symbol(paused): true,
1023 silly tar     Symbol(pipes): [ [Pipe] ],
1023 silly tar     Symbol(buffer): [
1023 silly tar       <Buffer 6e 29 7b 72 65 74 75 72 6e 20 74 68 69 73 2e 77 72 69 74 65 55 49 6e 74 4c 45 28 65 2c 72 2c 6e 29 7d 74 6f 4a 53 4f 4e 28 29 7b 72 65 74 75 72 6e 7b ... 16334 more bytes>,
1023 silly tar       <Buffer 22 29 3b 66 6f 72 28 66 3d 6e 2e 65 2d 69 2e 65 2c 75 65 3d 51 2e 6c 65 6e 67 74 68 2c 4f 65 3d 70 65 2e 6c 65 6e 67 74 68 2c 43 3d 6e 65 77 20 5a 74 ... 1229 more bytes>
1023 silly tar     ],
1023 silly tar     Symbol(objectMode): false,
1023 silly tar     Symbol(encoding): null,
1023 silly tar     Symbol(async): false,
1023 silly tar     Symbol(decoder): null,
1023 silly tar     Symbol(EOF): false,
1023 silly tar     Symbol(emittedEnd): false,
1023 silly tar     Symbol(emittingEnd): false,
1023 silly tar     Symbol(closed): false,
1023 silly tar     Symbol(emittedError): null,
1023 silly tar     Symbol(bufferLength): 17663,
1023 silly tar     Symbol(destroyed): false,
1023 silly tar     Symbol(signal): undefined,
1023 silly tar     Symbol(aborted): false,
1023 silly tar     Symbol(dataListeners): 0,
1023 silly tar     Symbol(discarded): false
1023 silly tar   },
1023 silly tar   cwd: '/run/media/ttf/4D68CCA27FA538EE/immo_tul/backend/node_modules/@prisma/client',
1023 silly tar   tarCode: 'TAR_ENTRY_ERROR'
1023 silly tar }
1024 warn tar TAR_ENTRY_ERROR ENOENT: no such file or directory, open '/run/media/ttf/4D68CCA27FA538EE/immo_tul/backend/node_modules/@prisma/client/runtime/client.d.mts'
1025 silly tar TAR_ENTRY_ERROR ENOENT: no such file or directory, open '/run/media/ttf/4D68CCA27FA538EE/immo_tul/backend/node_modules/@prisma/client/runtime/client.d.mts' [Error: ENOENT: no such file or directory, open '/run/media/ttf/4D68CCA27FA538EE/immo_tul/backend/node_modules/@prisma/client/runtime/client.d.mts'] {
1025 silly tar   errno: -2,
1025 silly tar   code: 'ENOENT',
1025 silly tar   syscall: 'open',
1025 silly tar   path: '/run/media/ttf/4D68CCA27FA538EE/immo_tul/backend/node_modules/@prisma/client/runtime/client.d.mts',
1025 silly tar   entry: ReadEntry {
1025 silly tar     _events: [Object: null prototype] {
1025 silly tar       end: [Function (anonymous)],
1025 silly tar       drain: [Function]
1025 silly tar     },
1025 silly tar     _eventsCount: 2,
1025 silly tar     _maxListeners: undefined,
1025 silly tar     writable: true,
1025 silly tar     readable: true,
1025 silly tar     extended: null,
1025 silly tar     globalExtended: null,
1025 silly tar     header: Header {
1025 silly tar       cksumValid: true,
1025 silly tar       needPax: false,
1025 silly tar       nullBlock: false,
1025 silly tar       block: null,
1025 silly tar       path: 'package/runtime/client.d.mts',
1025 silly tar       mode: 420,
1025 silly tar       uid: 0,
1025 silly tar       gid: 0,
1025 silly tar       size: 129753,
1025 silly tar       mtime: 1985-10-26T08:15:00.000Z,
1025 silly tar       cksum: 6500,
1025 silly tar       linkpath: '',
1025 silly tar       uname: '',
1025 silly tar       gname: '',
1025 silly tar       devmaj: 0,
1025 silly tar       devmin: 0,
1025 silly tar       atime: null,
1025 silly tar       ctime: null,
1025 silly tar       Symbol(type): '0'
1025 silly tar     },
1025 silly tar     startBlockSize: 130048,
1025 silly tar     blockRemain: 71691,
1025 silly tar     remain: 71396,
1025 silly tar     type: 'File',
1025 silly tar     meta: false,
1025 silly tar     ignore: false,
1025 silly tar     path: 'runtime/client.d.mts',
1025 silly tar     mode: 438,
1025 silly tar     uid: 0,
1025 silly tar     gid: 0,
1025 silly tar     uname: '',
1025 silly tar     gname: '',
1025 silly tar     size: 129753,
1025 silly tar     mtime: 1985-10-26T08:15:00.000Z,
1025 silly tar     atime: null,
1025 silly tar     ctime: null,
1025 silly tar     linkpath: '',
1025 silly tar     absolute: '/run/media/ttf/4D68CCA27FA538EE/immo_tul/backend/node_modules/@prisma/client/runtime/client.d.mts',
1025 silly tar     Symbol(shapeMode): false,
1025 silly tar     Symbol(kCapture): false,
1025 silly tar     Symbol(flowing): false,
1025 silly tar     Symbol(paused): true,
1025 silly tar     Symbol(pipes): [ [Pipe] ],
1025 silly tar     Symbol(buffer): [
1025 silly tar       <Buffer 20 20 64 62 54 79 70 65 3f 3a 20 73 74 72 69 6e 67 3b 0d 0a 20 20 20 20 61 72 69 74 79 3a 20 41 72 69 74 79 3b 0d 0a 7d 3b 0d 0a 0d 0a 64 65 63 6c 61 ... 16334 more bytes>,
1025 silly tar       <Buffer 61 6c 75 65 29 3a 20 44 65 63 69 6d 61 6c 3b 0d 0a 20 20 20 20 73 74 61 74 69 63 20 73 71 72 74 28 6e 3a 20 44 65 63 69 6d 61 6c 2e 56 61 6c 75 65 29 ... 16334 more bytes>,
1025 silly tar       <Buffer 49 66 20 73 65 74 2c 20 74 68 69 73 20 69 73 20 6f 6e 6c 79 20 75 73 65 64 20 69 6e 20 74 68 65 20 6c 69 62 72 61 72 79 20 65 6e 67 69 6e 65 2c 20 61 ... 16334 more bytes>,
1025 silly tar       <Buffer 61 79 6c 6f 61 64 52 65 73 75 6c 74 45 78 74 65 6e 73 69 6f 6e 4f 62 6a 65 63 74 3c 52 20 65 78 74 65 6e 64 73 20 49 6e 74 65 72 6e 61 6c 41 72 67 73 ... 5576 more bytes>
1025 silly tar     ],
1025 silly tar     Symbol(objectMode): false,
1025 silly tar     Symbol(encoding): null,
1025 silly tar     Symbol(async): false,
1025 silly tar     Symbol(decoder): null,
1025 silly tar     Symbol(EOF): false,
1025 silly tar     Symbol(emittedEnd): false,
1025 silly tar     Symbol(emittingEnd): false,
1025 silly tar     Symbol(closed): false,
1025 silly tar     Symbol(emittedError): null,
1025 silly tar     Symbol(bufferLength): 54778,
1025 silly tar     Symbol(destroyed): false,
1025 silly tar     Symbol(signal): undefined,
1025 silly tar     Symbol(aborted): false,
1025 silly tar     Symbol(dataListeners): 0,
1025 silly tar     Symbol(discarded): false
1025 silly tar   },
1025 silly tar   cwd: '/run/media/ttf/4D68CCA27FA538EE/immo_tul/backend/node_modules/@prisma/client',
1025 silly tar   tarCode: 'TAR_ENTRY_ERROR'
1025 silly tar }
1026 warn tar TAR_ENTRY_ERROR ENOENT: no such file or directory, open '/run/media/ttf/4D68CCA27FA538EE/immo_tul/backend/node_modules/@prisma/client/runtime/index-browser.d.mts'
1027 silly tar TAR_ENTRY_ERROR ENOENT: no such file or directory, open '/run/media/ttf/4D68CCA27FA538EE/immo_tul/backend/node_modules/@prisma/client/runtime/index-browser.d.mts' [Error: ENOENT: no such file or directory, open '/run/media/ttf/4D68CCA27FA538EE/immo_tul/backend/node_modules/@prisma/client/runtime/index-browser.d.mts'] {
1027 silly tar   errno: -2,
1027 silly tar   code: 'ENOENT',
1027 silly tar   syscall: 'open',
1027 silly tar   path: '/run/media/ttf/4D68CCA27FA538EE/immo_tul/backend/node_modules/@prisma/client/runtime/index-browser.d.mts',
1027 silly tar   entry: ReadEntry {
1027 silly tar     _events: [Object: null prototype] { end: [Function (anonymous)] },
1027 silly tar     _eventsCount: 1,
1027 silly tar     _maxListeners: undefined,
1027 silly tar     writable: false,
1027 silly tar     readable: true,
1027 silly tar     extended: null,
1027 silly tar     globalExtended: null,
1027 silly tar     header: Header {
1027 silly tar       cksumValid: true,
1027 silly tar       needPax: false,
1027 silly tar       nullBlock: false,
1027 silly tar       block: null,
1027 silly tar       path: 'package/runtime/index-browser.d.mts',
1027 silly tar       mode: 420,
1027 silly tar       uid: 0,
1027 silly tar       gid: 0,
1027 silly tar       size: 11915,
1027 silly tar       mtime: 1985-10-26T08:15:00.000Z,
1027 silly tar       cksum: 7207,
1027 silly tar       linkpath: '',
1027 silly tar       uname: '',
1027 silly tar       gname: '',
1027 silly tar       devmaj: 0,
1027 silly tar       devmin: 0,
1027 silly tar       atime: null,
1027 silly tar       ctime: null,
1027 silly tar       Symbol(type): '0'
1027 silly tar     },
1027 silly tar     startBlockSize: 12288,
1027 silly tar     blockRemain: 0,
1027 silly tar     remain: 0,
1027 silly tar     type: 'File',
1027 silly tar     meta: false,
1027 silly tar     ignore: false,
1027 silly tar     path: 'runtime/index-browser.d.mts',
1027 silly tar     mode: 438,
1027 silly tar     uid: 0,
1027 silly tar     gid: 0,
1027 silly tar     uname: '',
1027 silly tar     gname: '',
1027 silly tar     size: 11915,
1027 silly tar     mtime: 1985-10-26T08:15:00.000Z,
1027 silly tar     atime: null,
1027 silly tar     ctime: null,
1027 silly tar     linkpath: '',
1027 silly tar     absolute: '/run/media/ttf/4D68CCA27FA538EE/immo_tul/backend/node_modules/@prisma/client/runtime/index-browser.d.mts',
1027 silly tar     Symbol(shapeMode): false,
1027 silly tar     Symbol(kCapture): false,
1027 silly tar     Symbol(flowing): false,
1027 silly tar     Symbol(paused): true,
1027 silly tar     Symbol(pipes): [ [Pipe] ],
1027 silly tar     Symbol(buffer): [
1027 silly tar       <Buffer 63 6c 61 72 65 20 74 79 70 65 20 4f 70 65 72 61 74 69 6f 6e 20 3d 20 27 66 69 6e 64 46 69 72 73 74 27 20 7c 20 27 66 69 6e 64 46 69 72 73 74 4f 72 54 ... 1042 more bytes>
1027 silly tar     ],
1027 silly tar     Symbol(objectMode): false,
1027 silly tar     Symbol(encoding): null,
1027 silly tar     Symbol(async): false,
1027 silly tar     Symbol(decoder): null,
1027 silly tar     Symbol(EOF): true,
1027 silly tar     Symbol(emittedEnd): false,
1027 silly tar     Symbol(emittingEnd): false,
1027 silly tar     Symbol(closed): false,
1027 silly tar     Symbol(emittedError): null,
1027 silly tar     Symbol(bufferLength): 1092,
1027 silly tar     Symbol(destroyed): false,
1027 silly tar     Symbol(signal): undefined,
1027 silly tar     Symbol(aborted): false,
1027 silly tar     Symbol(dataListeners): 0,
1027 silly tar     Symbol(discarded): false
1027 silly tar   },
1027 silly tar   cwd: '/run/media/ttf/4D68CCA27FA538EE/immo_tul/backend/node_modules/@prisma/client',
1027 silly tar   tarCode: 'TAR_ENTRY_ERROR'
1027 silly tar }
1028 warn tar TAR_ENTRY_ERROR ENOENT: no such file or directory, open '/run/media/ttf/4D68CCA27FA538EE/immo_tul/backend/node_modules/@prisma/client/runtime/library.d.mts'
1029 silly tar TAR_ENTRY_ERROR ENOENT: no such file or directory, open '/run/media/ttf/4D68CCA27FA538EE/immo_tul/backend/node_modules/@prisma/client/runtime/library.d.mts' [Error: ENOENT: no such file or directory, open '/run/media/ttf/4D68CCA27FA538EE/immo_tul/backend/node_modules/@prisma/client/runtime/library.d.mts'] {
1029 silly tar   errno: -2,
1029 silly tar   code: 'ENOENT',
1029 silly tar   syscall: 'open',
1029 silly tar   path: '/run/media/ttf/4D68CCA27FA538EE/immo_tul/backend/node_modules/@prisma/client/runtime/library.d.mts',
1029 silly tar   entry: ReadEntry {
1029 silly tar     _events: [Object: null prototype] {
1029 silly tar       end: [Function (anonymous)],
1029 silly tar       drain: [Function]
1029 silly tar     },
1029 silly tar     _eventsCount: 2,
1029 silly tar     _maxListeners: undefined,
1029 silly tar     writable: true,
1029 silly tar     readable: true,
1029 silly tar     extended: null,
1029 silly tar     globalExtended: null,
1029 silly tar     header: Header {
1029 silly tar       cksumValid: true,
1029 silly tar       needPax: false,
1029 silly tar       nullBlock: false,
1029 silly tar       block: null,
1029 silly tar       path: 'package/runtime/library.d.mts',
1029 silly tar       mode: 420,
1029 silly tar       uid: 0,
1029 silly tar       gid: 0,
1029 silly tar       size: 129753,
1029 silly tar       mtime: 1985-10-26T08:15:00.000Z,
1029 silly tar       cksum: 6618,
1029 silly tar       linkpath: '',
1029 silly tar       uname: '',
1029 silly tar       gname: '',
1029 silly tar       devmaj: 0,
1029 silly tar       devmin: 0,
1029 silly tar       atime: null,
1029 silly tar       ctime: null,
1029 silly tar       Symbol(type): '0'
1029 silly tar     },
1029 silly tar     startBlockSize: 130048,
1029 silly tar     blockRemain: 64516,
1029 silly tar     remain: 64221,
1029 silly tar     type: 'File',
1029 silly tar     meta: false,
1029 silly tar     ignore: false,
1029 silly tar     path: 'runtime/library.d.mts',
1029 silly tar     mode: 438,
1029 silly tar     uid: 0,
1029 silly tar     gid: 0,
1029 silly tar     uname: '',
1029 silly tar     gname: '',
1029 silly tar     size: 129753,
1029 silly tar     mtime: 1985-10-26T08:15:00.000Z,
1029 silly tar     atime: null,
1029 silly tar     ctime: null,
1029 silly tar     linkpath: '',
1029 silly tar     absolute: '/run/media/ttf/4D68CCA27FA538EE/immo_tul/backend/node_modules/@prisma/client/runtime/library.d.mts',
1029 silly tar     Symbol(shapeMode): false,
1029 silly tar     Symbol(kCapture): false,
1029 silly tar     Symbol(flowing): false,
1029 silly tar     Symbol(paused): true,
1029 silly tar     Symbol(pipes): [ [Pipe] ],
1029 silly tar     Symbol(buffer): [
1029 silly tar       <Buffer 28 6e 3a 20 44 65 63 69 6d 61 6c 2e 56 61 6c 75 65 29 3a 20 62 6f 6f 6c 65 61 6e 3b 0d 0a 0d 0a 20 20 20 20 68 79 70 65 72 62 6f 6c 69 63 43 6f 73 69 ... 16334 more bytes>,
1029 silly tar       <Buffer 0d 0a 7d 3b 0d 0a 0d 0a 2f 2a 2a 20 51 75 65 72 79 20 2a 2f 0d 0a 65 78 70 6f 72 74 20 64 65 63 6c 61 72 65 20 74 79 70 65 20 44 79 6e 61 6d 69 63 51 ... 16334 more bytes>,
1029 silly tar       <Buffer 20 20 74 79 70 65 3a 20 27 61 64 64 27 3b 0d 0a 20 20 20 20 76 61 6c 75 65 3a 20 50 72 69 73 6d 61 56 61 6c 75 65 3b 0d 0a 7d 20 7c 20 7b 0d 0a 20 20 ... 16334 more bytes>,
1029 silly tar       <Buffer 20 73 74 72 69 6e 67 3b 0d 0a 20 20 20 20 63 61 6c 6c 73 69 74 65 3f 3a 20 43 61 6c 6c 53 69 74 65 3b 0d 0a 20 20 20 20 74 72 61 6e 73 61 63 74 69 6f ... 1923 more bytes>
1029 silly tar     ],
1029 silly tar     Symbol(objectMode): false,
1029 silly tar     Symbol(encoding): null,
1029 silly tar     Symbol(async): false,
1029 silly tar     Symbol(decoder): null,
1029 silly tar     Symbol(EOF): false,
1029 silly tar     Symbol(emittedEnd): false,
1029 silly tar     Symbol(emittingEnd): false,
1029 silly tar     Symbol(closed): false,
1029 silly tar     Symbol(emittedError): null,
1029 silly tar     Symbol(bufferLength): 51125,
1029 silly tar     Symbol(destroyed): false,
1029 silly tar     Symbol(signal): undefined,
1029 silly tar     Symbol(aborted): false,
1029 silly tar     Symbol(dataListeners): 0,
1029 silly tar     Symbol(discarded): false
1029 silly tar   },
1029 silly tar   cwd: '/run/media/ttf/4D68CCA27FA538EE/immo_tul/backend/node_modules/@prisma/client',
1029 silly tar   tarCode: 'TAR_ENTRY_ERROR'
1029 silly tar }
1030 warn tar TAR_ENTRY_ERROR ENOENT: no such file or directory, open '/run/media/ttf/4D68CCA27FA538EE/immo_tul/backend/node_modules/@prisma/client/runtime/binary.d.ts'
1031 silly tar TAR_ENTRY_ERROR ENOENT: no such file or directory, open '/run/media/ttf/4D68CCA27FA538EE/immo_tul/backend/node_modules/@prisma/client/runtime/binary.d.ts' [Error: ENOENT: no such file or directory, open '/run/media/ttf/4D68CCA27FA538EE/immo_tul/backend/node_modules/@prisma/client/runtime/binary.d.ts'] {
1031 silly tar   errno: -2,
1031 silly tar   code: 'ENOENT',
1031 silly tar   syscall: 'open',
1031 silly tar   path: '/run/media/ttf/4D68CCA27FA538EE/immo_tul/backend/node_modules/@prisma/client/runtime/binary.d.ts',
1031 silly tar   entry: ReadEntry {
1031 silly tar     _events: [Object: null prototype] {},
1031 silly tar     _eventsCount: 0,
1031 silly tar     _maxListeners: undefined,
1031 silly tar     writable: false,
1031 silly tar     readable: false,
1031 silly tar     extended: null,
1031 silly tar     globalExtended: null,
1031 silly tar     header: Header {
1031 silly tar       cksumValid: true,
1031 silly tar       needPax: false,
1031 silly tar       nullBlock: false,
1031 silly tar       block: null,
1031 silly tar       path: 'package/runtime/binary.d.ts',
1031 silly tar       mode: 420,
1031 silly tar       uid: 0,
1031 silly tar       gid: 0,
1031 silly tar       size: 26,
1031 silly tar       mtime: 1985-10-26T08:15:00.000Z,
1031 silly tar       cksum: 6380,
1031 silly tar       linkpath: '',
1031 silly tar       uname: '',
1031 silly tar       gname: '',
1031 silly tar       devmaj: 0,
1031 silly tar       devmin: 0,
1031 silly tar       atime: null,
1031 silly tar       ctime: null,
1031 silly tar       Symbol(type): '0'
1031 silly tar     },
1031 silly tar     startBlockSize: 512,
1031 silly tar     blockRemain: 0,
1031 silly tar     remain: 0,
1031 silly tar     type: 'File',
1031 silly tar     meta: false,
1031 silly tar     ignore: false,
1031 silly tar     path: 'runtime/binary.d.ts',
1031 silly tar     mode: 438,
1031 silly tar     uid: 0,
1031 silly tar     gid: 0,
1031 silly tar     uname: '',
1031 silly tar     gname: '',
1031 silly tar     size: 26,
1031 silly tar     mtime: 1985-10-26T08:15:00.000Z,
1031 silly tar     atime: null,
1031 silly tar     ctime: null,
1031 silly tar     linkpath: '',
1031 silly tar     absolute: '/run/media/ttf/4D68CCA27FA538EE/immo_tul/backend/node_modules/@prisma/client/runtime/binary.d.ts',
1031 silly tar     Symbol(shapeMode): false,
1031 silly tar     Symbol(kCapture): false,
1031 silly tar     Symbol(flowing): false,
1031 silly tar     Symbol(paused): true,
1031 silly tar     Symbol(pipes): [ [Pipe] ],
1031 silly tar     Symbol(buffer): [],
1031 silly tar     Symbol(objectMode): false,
1031 silly tar     Symbol(encoding): null,
1031 silly tar     Symbol(async): false,
1031 silly tar     Symbol(decoder): null,
1031 silly tar     Symbol(EOF): true,
1031 silly tar     Symbol(emittedEnd): true,
1031 silly tar     Symbol(emittingEnd): false,
1031 silly tar     Symbol(closed): false,
1031 silly tar     Symbol(emittedError): null,
1031 silly tar     Symbol(bufferLength): 0,
1031 silly tar     Symbol(destroyed): false,
1031 silly tar     Symbol(signal): undefined,
1031 silly tar     Symbol(aborted): false,
1031 silly tar     Symbol(dataListeners): 0,
1031 silly tar     Symbol(discarded): false
1031 silly tar   },
1031 silly tar   cwd: '/run/media/ttf/4D68CCA27FA538EE/immo_tul/backend/node_modules/@prisma/client',
1031 silly tar   tarCode: 'TAR_ENTRY_ERROR'
1031 silly tar }
1032 warn tar TAR_ENTRY_ERROR ENOENT: no such file or directory, open '/run/media/ttf/4D68CCA27FA538EE/immo_tul/backend/node_modules/@prisma/client/runtime/client.d.ts'
1033 silly tar TAR_ENTRY_ERROR ENOENT: no such file or directory, open '/run/media/ttf/4D68CCA27FA538EE/immo_tul/backend/node_modules/@prisma/client/runtime/client.d.ts' [Error: ENOENT: no such file or directory, open '/run/media/ttf/4D68CCA27FA538EE/immo_tul/backend/node_modules/@prisma/client/runtime/client.d.ts'] {
1033 silly tar   errno: -2,
1033 silly tar   code: 'ENOENT',
1033 silly tar   syscall: 'open',
1033 silly tar   path: '/run/media/ttf/4D68CCA27FA538EE/immo_tul/backend/node_modules/@prisma/client/runtime/client.d.ts',
1033 silly tar   entry: ReadEntry {
1033 silly tar     _events: [Object: null prototype] {
1033 silly tar       end: [Function (anonymous)],
1033 silly tar       drain: [Function]
1033 silly tar     },
1033 silly tar     _eventsCount: 2,
1033 silly tar     _maxListeners: undefined,
1033 silly tar     writable: true,
1033 silly tar     readable: true,
1033 silly tar     extended: null,
1033 silly tar     globalExtended: null,
1033 silly tar     header: Header {
1033 silly tar       cksumValid: true,
1033 silly tar       needPax: false,
1033 silly tar       nullBlock: false,
1033 silly tar       block: null,
1033 silly tar       path: 'package/runtime/client.d.ts',
1033 silly tar       mode: 420,
1033 silly tar       uid: 0,
1033 silly tar       gid: 0,
1033 silly tar       size: 129753,
1033 silly tar       mtime: 1985-10-26T08:15:00.000Z,
1033 silly tar       cksum: 6391,
1033 silly tar       linkpath: '',
1033 silly tar       uname: '',
1033 silly tar       gname: '',
1033 silly tar       devmaj: 0,
1033 silly tar       devmin: 0,
1033 silly tar       atime: null,
1033 silly tar       ctime: null,
1033 silly tar       Symbol(type): '0'
1033 silly tar     },
1033 silly tar     startBlockSize: 130048,
1033 silly tar     blockRemain: 54409,
1033 silly tar     remain: 54114,
1033 silly tar     type: 'File',
1033 silly tar     meta: false,
1033 silly tar     ignore: false,
1033 silly tar     path: 'runtime/client.d.ts',
1033 silly tar     mode: 438,
1033 silly tar     uid: 0,
1033 silly tar     gid: 0,
1033 silly tar     uname: '',
1033 silly tar     gname: '',
1033 silly tar     size: 129753,
1033 silly tar     mtime: 1985-10-26T08:15:00.000Z,
1033 silly tar     atime: null,
1033 silly tar     ctime: null,
1033 silly tar     linkpath: '',
1033 silly tar     absolute: '/run/media/ttf/4D68CCA27FA538EE/immo_tul/backend/node_modules/@prisma/client/runtime/client.d.ts',
1033 silly tar     Symbol(shapeMode): false,
1033 silly tar     Symbol(kCapture): false,
1033 silly tar     Symbol(flowing): false,
1033 silly tar     Symbol(paused): true,
1033 silly tar     Symbol(pipes): [ [Pipe] ],
1033 silly tar     Symbol(buffer): [
1033 silly tar       <Buffer 60 40 74 79 70 65 73 2f 6e 6f 64 65 60 20 6f 72 20 44 4f 4d 0d 0a 20 2a 20 77 68 69 63 68 20 63 61 6e 20 66 61 69 6c 20 74 79 70 65 63 68 65 63 6b 69 ... 16334 more bytes>,
1033 silly tar       <Buffer 6d 62 65 72 29 3a 20 44 65 63 69 6d 61 6c 3b 0d 0a 20 20 20 20 74 6f 53 44 28 73 69 67 6e 69 66 69 63 61 6e 74 44 69 67 69 74 73 3a 20 6e 75 6d 62 65 ... 16334 more bytes>,
1033 silly tar       <Buffer 0a 65 78 70 6f 72 74 20 64 65 63 6c 61 72 65 20 74 79 70 65 20 45 6d 70 74 79 54 6f 55 6e 6b 6e 6f 77 6e 3c 54 3e 20 3d 20 54 3b 0d 0a 0d 0a 64 65 63 ... 16334 more bytes>,
1033 silly tar       <Buffer 75 64 65 3a 20 69 6e 66 65 72 20 49 20 65 78 74 65 6e 64 73 20 6f 62 6a 65 63 74 3b 0d 0a 7d 20 26 20 52 65 63 6f 72 64 3c 73 74 72 69 6e 67 2c 20 75 ... 16334 more bytes>,
1033 silly tar       <Buffer 65 63 6c 61 72 65 20 74 79 70 65 20 49 6e 74 65 72 61 63 74 69 76 65 54 72 61 6e 73 61 63 74 69 6f 6e 49 6e 66 6f 3c 50 61 79 6c 6f 61 64 20 3d 20 75 ... 8609 more bytes>
1033 silly tar     ],
1033 silly tar     Symbol(objectMode): false,
1033 silly tar     Symbol(encoding): null,
1033 silly tar     Symbol(async): false,
1033 silly tar     Symbol(decoder): null,
1033 silly tar     Symbol(EOF): false,
1033 silly tar     Symbol(emittedEnd): false,
1033 silly tar     Symbol(emittingEnd): false,
1033 silly tar     Symbol(closed): false,
1033 silly tar     Symbol(emittedError): null,
1033 silly tar     Symbol(bufferLength): 74195,
1033 silly tar     Symbol(destroyed): false,
1033 silly tar     Symbol(signal): undefined,
1033 silly tar     Symbol(aborted): false,
1033 silly tar     Symbol(dataListeners): 0,
1033 silly tar     Symbol(discarded): false
1033 silly tar   },
1033 silly tar   cwd: '/run/media/ttf/4D68CCA27FA538EE/immo_tul/backend/node_modules/@prisma/client',
1033 silly tar   tarCode: 'TAR_ENTRY_ERROR'
1033 silly tar }
1034 warn tar TAR_ENTRY_ERROR ENOENT: no such file or directory, open '/run/media/ttf/4D68CCA27FA538EE/immo_tul/backend/node_modules/@prisma/client/scripts/default-index.d.ts'
1035 silly tar TAR_ENTRY_ERROR ENOENT: no such file or directory, open '/run/media/ttf/4D68CCA27FA538EE/immo_tul/backend/node_modules/@prisma/client/scripts/default-index.d.ts' [Error: ENOENT: no such file or directory, open '/run/media/ttf/4D68CCA27FA538EE/immo_tul/backend/node_modules/@prisma/client/scripts/default-index.d.ts'] {
1035 silly tar   errno: -2,
1035 silly tar   code: 'ENOENT',
1035 silly tar   syscall: 'open',
1035 silly tar   path: '/run/media/ttf/4D68CCA27FA538EE/immo_tul/backend/node_modules/@prisma/client/scripts/default-index.d.ts',
1035 silly tar   entry: ReadEntry {
1035 silly tar     _events: [Object: null prototype] {},
1035 silly tar     _eventsCount: 0,
1035 silly tar     _maxListeners: undefined,
1035 silly tar     writable: false,
1035 silly tar     readable: false,
1035 silly tar     extended: null,
1035 silly tar     globalExtended: null,
1035 silly tar     header: Header {
1035 silly tar       cksumValid: true,
1035 silly tar       needPax: false,
1035 silly tar       nullBlock: false,
1035 silly tar       block: null,
1035 silly tar       path: 'package/scripts/default-index.d.ts',
1035 silly tar       mode: 420,
1035 silly tar       uid: 0,
1035 silly tar       gid: 0,
1035 silly tar       size: 3989,
1035 silly tar       mtime: 1985-10-26T08:15:00.000Z,
1035 silly tar       cksum: 7076,
1035 silly tar       linkpath: '',
1035 silly tar       uname: '',
1035 silly tar       gname: '',
1035 silly tar       devmaj: 0,
1035 silly tar       devmin: 0,
1035 silly tar       atime: null,
1035 silly tar       ctime: null,
1035 silly tar       Symbol(type): '0'
1035 silly tar     },
1035 silly tar     startBlockSize: 4096,
1035 silly tar     blockRemain: 0,
1035 silly tar     remain: 0,
1035 silly tar     type: 'File',
1035 silly tar     meta: false,
1035 silly tar     ignore: false,
1035 silly tar     path: 'scripts/default-index.d.ts',
1035 silly tar     mode: 438,
1035 silly tar     uid: 0,
1035 silly tar     gid: 0,
1035 silly tar     uname: '',
1035 silly tar     gname: '',
1035 silly tar     size: 3989,
1035 silly tar     mtime: 1985-10-26T08:15:00.000Z,
1035 silly tar     atime: null,
1035 silly tar     ctime: null,
1035 silly tar     linkpath: '',
1035 silly tar     absolute: '/run/media/ttf/4D68CCA27FA538EE/immo_tul/backend/node_modules/@prisma/client/scripts/default-index.d.ts',
1035 silly tar     Symbol(shapeMode): false,
1035 silly tar     Symbol(kCapture): false,
1035 silly tar     Symbol(flowing): false,
1035 silly tar     Symbol(paused): true,
1035 silly tar     Symbol(pipes): [ [Pipe] ],
1035 silly tar     Symbol(buffer): [],
1035 silly tar     Symbol(objectMode): false,
1035 silly tar     Symbol(encoding): null,
1035 silly tar     Symbol(async): false,
1035 silly tar     Symbol(decoder): null,
1035 silly tar     Symbol(EOF): true,
1035 silly tar     Symbol(emittedEnd): true,
1035 silly tar     Symbol(emittingEnd): false,
1035 silly tar     Symbol(closed): false,
1035 silly tar     Symbol(emittedError): null,
1035 silly tar     Symbol(bufferLength): 0,
1035 silly tar     Symbol(destroyed): false,
1035 silly tar     Symbol(signal): undefined,
1035 silly tar     Symbol(aborted): false,
1035 silly tar     Symbol(dataListeners): 0,
1035 silly tar     Symbol(discarded): false
1035 silly tar   },
1035 silly tar   cwd: '/run/media/ttf/4D68CCA27FA538EE/immo_tul/backend/node_modules/@prisma/client',
1035 silly tar   tarCode: 'TAR_ENTRY_ERROR'
1035 silly tar }
1036 warn tar TAR_ENTRY_ERROR ENOENT: no such file or directory, open '/run/media/ttf/4D68CCA27FA538EE/immo_tul/backend/node_modules/@prisma/client/default.d.ts'
1037 silly tar TAR_ENTRY_ERROR ENOENT: no such file or directory, open '/run/media/ttf/4D68CCA27FA538EE/immo_tul/backend/node_modules/@prisma/client/default.d.ts' [Error: ENOENT: no such file or directory, open '/run/media/ttf/4D68CCA27FA538EE/immo_tul/backend/node_modules/@prisma/client/default.d.ts'] {
1037 silly tar   errno: -2,
1037 silly tar   code: 'ENOENT',
1037 silly tar   syscall: 'open',
1037 silly tar   path: '/run/media/ttf/4D68CCA27FA538EE/immo_tul/backend/node_modules/@prisma/client/default.d.ts',
1037 silly tar   entry: ReadEntry {
1037 silly tar     _events: [Object: null prototype] {},
1037 silly tar     _eventsCount: 0,
1037 silly tar     _maxListeners: undefined,
1037 silly tar     writable: false,
1037 silly tar     readable: false,
1037 silly tar     extended: null,
1037 silly tar     globalExtended: null,
1037 silly tar     header: Header {
1037 silly tar       cksumValid: true,
1037 silly tar       needPax: false,
1037 silly tar       nullBlock: false,
1037 silly tar       block: null,
1037 silly tar       path: 'package/default.d.ts',
1037 silly tar       mode: 420,
1037 silly tar       uid: 0,
1037 silly tar       gid: 0,
1037 silly tar       size: 39,
1037 silly tar       mtime: 1985-10-26T08:15:00.000Z,
1037 silly tar       cksum: 5663,
1037 silly tar       linkpath: '',
1037 silly tar       uname: '',
1037 silly tar       gname: '',
1037 silly tar       devmaj: 0,
1037 silly tar       devmin: 0,
1037 silly tar       atime: null,
1037 silly tar       ctime: null,
1037 silly tar       Symbol(type): '0'
1037 silly tar     },
1037 silly tar     startBlockSize: 512,
1037 silly tar     blockRemain: 0,
1037 silly tar     remain: 0,
1037 silly tar     type: 'File',
1037 silly tar     meta: false,
1037 silly tar     ignore: false,
1037 silly tar     path: 'default.d.ts',
1037 silly tar     mode: 438,
1037 silly tar     uid: 0,
1037 silly tar     gid: 0,
1037 silly tar     uname: '',
1037 silly tar     gname: '',
1037 silly tar     size: 39,
1037 silly tar     mtime: 1985-10-26T08:15:00.000Z,
1037 silly tar     atime: null,
1037 silly tar     ctime: null,
1037 silly tar     linkpath: '',
1037 silly tar     absolute: '/run/media/ttf/4D68CCA27FA538EE/immo_tul/backend/node_modules/@prisma/client/default.d.ts',
1037 silly tar     Symbol(shapeMode): false,
1037 silly tar     Symbol(kCapture): false,
1037 silly tar     Symbol(flowing): false,
1037 silly tar     Symbol(paused): true,
1037 silly tar     Symbol(pipes): [ [Pipe] ],
1037 silly tar     Symbol(buffer): [],
1037 silly tar     Symbol(objectMode): false,
1037 silly tar     Symbol(encoding): null,
1037 silly tar     Symbol(async): false,
1037 silly tar     Symbol(decoder): null,
1037 silly tar     Symbol(EOF): true,
1037 silly tar     Symbol(emittedEnd): true,
1037 silly tar     Symbol(emittingEnd): false,
1037 silly tar     Symbol(closed): false,
1037 silly tar     Symbol(emittedError): null,
1037 silly tar     Symbol(bufferLength): 0,
1037 silly tar     Symbol(destroyed): false,
1037 silly tar     Symbol(signal): undefined,
1037 silly tar     Symbol(aborted): false,
1037 silly tar     Symbol(dataListeners): 0,
1037 silly tar     Symbol(discarded): false
1037 silly tar   },
1037 silly tar   cwd: '/run/media/ttf/4D68CCA27FA538EE/immo_tul/backend/node_modules/@prisma/client',
1037 silly tar   tarCode: 'TAR_ENTRY_ERROR'
1037 silly tar }
1038 warn tar TAR_ENTRY_ERROR ENOENT: no such file or directory, open '/run/media/ttf/4D68CCA27FA538EE/immo_tul/backend/node_modules/@prisma/client/edge.d.ts'
1039 silly tar TAR_ENTRY_ERROR ENOENT: no such file or directory, open '/run/media/ttf/4D68CCA27FA538EE/immo_tul/backend/node_modules/@prisma/client/edge.d.ts' [Error: ENOENT: no such file or directory, open '/run/media/ttf/4D68CCA27FA538EE/immo_tul/backend/node_modules/@prisma/client/edge.d.ts'] {
1039 silly tar   errno: -2,
1039 silly tar   code: 'ENOENT',
1039 silly tar   syscall: 'open',
1039 silly tar   path: '/run/media/ttf/4D68CCA27FA538EE/immo_tul/backend/node_modules/@prisma/client/edge.d.ts',
1039 silly tar   entry: ReadEntry {
1039 silly tar     _events: [Object: null prototype] {},
1039 silly tar     _eventsCount: 0,
1039 silly tar     _maxListeners: undefined,
1039 silly tar     writable: false,
1039 silly tar     readable: false,
1039 silly tar     extended: null,
1039 silly tar     globalExtended: null,
1039 silly tar     header: Header {
1039 silly tar       cksumValid: true,
1039 silly tar       needPax: false,
1039 silly tar       nullBlock: false,
1039 silly tar       block: null,
1039 silly tar       path: 'package/edge.d.ts',
1039 silly tar       mode: 420,
1039 silly tar       uid: 0,
1039 silly tar       gid: 0,
1039 silly tar       size: 36,
1039 silly tar       mtime: 1985-10-26T08:15:00.000Z,
1039 silly tar       cksum: 5324,
1039 silly tar       linkpath: '',
1039 silly tar       uname: '',
1039 silly tar       gname: '',
1039 silly tar       devmaj: 0,
1039 silly tar       devmin: 0,
1039 silly tar       atime: null,
1039 silly tar       ctime: null,
1039 silly tar       Symbol(type): '0'
1039 silly tar     },
1039 silly tar     startBlockSize: 512,
1039 silly tar     blockRemain: 0,
1039 silly tar     remain: 0,
1039 silly tar     type: 'File',
1039 silly tar     meta: false,
1039 silly tar     ignore: false,
1039 silly tar     path: 'edge.d.ts',
1039 silly tar     mode: 438,
1039 silly tar     uid: 0,
1039 silly tar     gid: 0,
1039 silly tar     uname: '',
1039 silly tar     gname: '',
1039 silly tar     size: 36,
1039 silly tar     mtime: 1985-10-26T08:15:00.000Z,
1039 silly tar     atime: null,
1039 silly tar     ctime: null,
1039 silly tar     linkpath: '',
1039 silly tar     absolute: '/run/media/ttf/4D68CCA27FA538EE/immo_tul/backend/node_modules/@prisma/client/edge.d.ts',
1039 silly tar     Symbol(shapeMode): false,
1039 silly tar     Symbol(kCapture): false,
1039 silly tar     Symbol(flowing): false,
1039 silly tar     Symbol(paused): true,
1039 silly tar     Symbol(pipes): [ [Pipe] ],
1039 silly tar     Symbol(buffer): [],
1039 silly tar     Symbol(objectMode): false,
1039 silly tar     Symbol(encoding): null,
1039 silly tar     Symbol(async): false,
1039 silly tar     Symbol(decoder): null,
1039 silly tar     Symbol(EOF): true,
1039 silly tar     Symbol(emittedEnd): true,
1039 silly tar     Symbol(emittingEnd): false,
1039 silly tar     Symbol(closed): false,
1039 silly tar     Symbol(emittedError): null,
1039 silly tar     Symbol(bufferLength): 0,
1039 silly tar     Symbol(destroyed): false,
1039 silly tar     Symbol(signal): undefined,
1039 silly tar     Symbol(aborted): false,
1039 silly tar     Symbol(dataListeners): 0,
1039 silly tar     Symbol(discarded): false
1039 silly tar   },
1039 silly tar   cwd: '/run/media/ttf/4D68CCA27FA538EE/immo_tul/backend/node_modules/@prisma/client',
1039 silly tar   tarCode: 'TAR_ENTRY_ERROR'
1039 silly tar }
1040 warn tar TAR_ENTRY_ERROR ENOENT: no such file or directory, open '/run/media/ttf/4D68CCA27FA538EE/immo_tul/backend/node_modules/@prisma/client/runtime/edge.d.ts'
1041 silly tar TAR_ENTRY_ERROR ENOENT: no such file or directory, open '/run/media/ttf/4D68CCA27FA538EE/immo_tul/backend/node_modules/@prisma/client/runtime/edge.d.ts' [Error: ENOENT: no such file or directory, open '/run/media/ttf/4D68CCA27FA538EE/immo_tul/backend/node_modules/@prisma/client/runtime/edge.d.ts'] {
1041 silly tar   errno: -2,
1041 silly tar   code: 'ENOENT',
1041 silly tar   syscall: 'open',
1041 silly tar   path: '/run/media/ttf/4D68CCA27FA538EE/immo_tul/backend/node_modules/@prisma/client/runtime/edge.d.ts',
1041 silly tar   entry: ReadEntry {
1041 silly tar     _events: [Object: null prototype] {
1041 silly tar       end: [Function (anonymous)],
1041 silly tar       drain: [Function]
1041 silly tar     },
1041 silly tar     _eventsCount: 2,
1041 silly tar     _maxListeners: undefined,
1041 silly tar     writable: true,
1041 silly tar     readable: true,
1041 silly tar     extended: null,
1041 silly tar     globalExtended: null,
1041 silly tar     header: Header {
1041 silly tar       cksumValid: true,
1041 silly tar       needPax: false,
1041 silly tar       nullBlock: false,
1041 silly tar       block: null,
1041 silly tar       path: 'package/runtime/edge.d.ts',
1041 silly tar       mode: 420,
1041 silly tar       uid: 0,
1041 silly tar       gid: 0,
1041 silly tar       size: 129753,
1041 silly tar       mtime: 1985-10-26T08:15:00.000Z,
1041 silly tar       cksum: 6157,
1041 silly tar       linkpath: '',
1041 silly tar       uname: '',
1041 silly tar       gname: '',
1041 silly tar       devmaj: 0,
1041 silly tar       devmin: 0,
1041 silly tar       atime: null,
1041 silly tar       ctime: null,
1041 silly tar       Symbol(type): '0'
1041 silly tar     },
1041 silly tar     startBlockSize: 130048,
1041 silly tar     blockRemain: 121582,
1041 silly tar     remain: 121287,
1041 silly tar     type: 'File',
1041 silly tar     meta: false,
1041 silly tar     ignore: false,
1041 silly tar     path: 'runtime/edge.d.ts',
1041 silly tar     mode: 438,
1041 silly tar     uid: 0,
1041 silly tar     gid: 0,
1041 silly tar     uname: '',
1041 silly tar     gname: '',
1041 silly tar     size: 129753,
1041 silly tar     mtime: 1985-10-26T08:15:00.000Z,
1041 silly tar     atime: null,
1041 silly tar     ctime: null,
1041 silly tar     linkpath: '',
1041 silly tar     absolute: '/run/media/ttf/4D68CCA27FA538EE/immo_tul/backend/node_modules/@prisma/client/runtime/edge.d.ts',
1041 silly tar     Symbol(shapeMode): false,
1041 silly tar     Symbol(kCapture): false,
1041 silly tar     Symbol(flowing): false,
1041 silly tar     Symbol(paused): true,
1041 silly tar     Symbol(pipes): [ [Pipe] ],
1041 silly tar     Symbol(buffer): [
1041 silly tar       <Buffer 6d 69 74 69 76 65 20 76 61 6c 75 65 20 65 78 63 65 70 74 20 61 6e 20 6f 62 6a 65 63 74 2e 0d 0a 20 2a 0d 0a 20 2a 20 6e 75 6c 6c 20 6f 72 20 75 6e 64 ... 4457 more bytes>
1041 silly tar     ],
1041 silly tar     Symbol(objectMode): false,
1041 silly tar     Symbol(encoding): null,
1041 silly tar     Symbol(async): false,
1041 silly tar     Symbol(decoder): null,
1041 silly tar     Symbol(EOF): false,
1041 silly tar     Symbol(emittedEnd): false,
1041 silly tar     Symbol(emittingEnd): false,
1041 silly tar     Symbol(closed): false,
1041 silly tar     Symbol(emittedError): null,
1041 silly tar     Symbol(bufferLength): 4507,
1041 silly tar     Symbol(destroyed): false,
1041 silly tar     Symbol(signal): undefined,
1041 silly tar     Symbol(aborted): false,
1041 silly tar     Symbol(dataListeners): 0,
1041 silly tar     Symbol(discarded): false
1041 silly tar   },
1041 silly tar   cwd: '/run/media/ttf/4D68CCA27FA538EE/immo_tul/backend/node_modules/@prisma/client',
1041 silly tar   tarCode: 'TAR_ENTRY_ERROR'
1041 silly tar }
1042 warn tar TAR_ENTRY_ERROR ENOENT: no such file or directory, open '/run/media/ttf/4D68CCA27FA538EE/immo_tul/backend/node_modules/@prisma/client/extension.d.ts'
1043 silly tar TAR_ENTRY_ERROR ENOENT: no such file or directory, open '/run/media/ttf/4D68CCA27FA538EE/immo_tul/backend/node_modules/@prisma/client/extension.d.ts' [Error: ENOENT: no such file or directory, open '/run/media/ttf/4D68CCA27FA538EE/immo_tul/backend/node_modules/@prisma/client/extension.d.ts'] {
1043 silly tar   errno: -2,
1043 silly tar   code: 'ENOENT',
1043 silly tar   syscall: 'open',
1043 silly tar   path: '/run/media/ttf/4D68CCA27FA538EE/immo_tul/backend/node_modules/@prisma/client/extension.d.ts',
1043 silly tar   entry: ReadEntry {
1043 silly tar     _events: [Object: null prototype] {},
1043 silly tar     _eventsCount: 0,
1043 silly tar     _maxListeners: undefined,
1043 silly tar     writable: false,
1043 silly tar     readable: false,
1043 silly tar     extended: null,
1043 silly tar     globalExtended: null,
1043 silly tar     header: Header {
1043 silly tar       cksumValid: true,
1043 silly tar       needPax: false,
1043 silly tar       nullBlock: false,
1043 silly tar       block: null,
1043 silly tar       path: 'package/extension.d.ts',
1043 silly tar       mode: 420,
1043 silly tar       uid: 0,
1043 silly tar       gid: 0,
1043 silly tar       size: 40,
1043 silly tar       mtime: 1985-10-26T08:15:00.000Z,
1043 silly tar       cksum: 5905,
1043 silly tar       linkpath: '',
1043 silly tar       uname: '',
1043 silly tar       gname: '',
1043 silly tar       devmaj: 0,
1043 silly tar       devmin: 0,
1043 silly tar       atime: null,
1043 silly tar       ctime: null,
1043 silly tar       Symbol(type): '0'
1043 silly tar     },
1043 silly tar     startBlockSize: 512,
1043 silly tar     blockRemain: 0,
1043 silly tar     remain: 0,
1043 silly tar     type: 'File',
1043 silly tar     meta: false,
1043 silly tar     ignore: false,
1043 silly tar     path: 'extension.d.ts',
1043 silly tar     mode: 438,
1043 silly tar     uid: 0,
1043 silly tar     gid: 0,
1043 silly tar     uname: '',
1043 silly tar     gname: '',
1043 silly tar     size: 40,
1043 silly tar     mtime: 1985-10-26T08:15:00.000Z,
1043 silly tar     atime: null,
1043 silly tar     ctime: null,
1043 silly tar     linkpath: '',
1043 silly tar     absolute: '/run/media/ttf/4D68CCA27FA538EE/immo_tul/backend/node_modules/@prisma/client/extension.d.ts',
1043 silly tar     Symbol(shapeMode): false,
1043 silly tar     Symbol(kCapture): false,
1043 silly tar     Symbol(flowing): false,
1043 silly tar     Symbol(paused): true,
1043 silly tar     Symbol(pipes): [ [Pipe] ],
1043 silly tar     Symbol(buffer): [],
1043 silly tar     Symbol(objectMode): false,
1043 silly tar     Symbol(encoding): null,
1043 silly tar     Symbol(async): false,
1043 silly tar     Symbol(decoder): null,
1043 silly tar     Symbol(EOF): true,
1043 silly tar     Symbol(emittedEnd): true,
1043 silly tar     Symbol(emittingEnd): false,
1043 silly tar     Symbol(closed): false,
1043 silly tar     Symbol(emittedError): null,
1043 silly tar     Symbol(bufferLength): 0,
1043 silly tar     Symbol(destroyed): false,
1043 silly tar     Symbol(signal): undefined,
1043 silly tar     Symbol(aborted): false,
1043 silly tar     Symbol(dataListeners): 0,
1043 silly tar     Symbol(discarded): false
1043 silly tar   },
1043 silly tar   cwd: '/run/media/ttf/4D68CCA27FA538EE/immo_tul/backend/node_modules/@prisma/client',
1043 silly tar   tarCode: 'TAR_ENTRY_ERROR'
1043 silly tar }
1044 warn tar TAR_ENTRY_ERROR ENOENT: no such file or directory, open '/run/media/ttf/4D68CCA27FA538EE/immo_tul/backend/node_modules/@prisma/client/runtime/index-browser.d.ts'
1045 silly tar TAR_ENTRY_ERROR ENOENT: no such file or directory, open '/run/media/ttf/4D68CCA27FA538EE/immo_tul/backend/node_modules/@prisma/client/runtime/index-browser.d.ts' [Error: ENOENT: no such file or directory, open '/run/media/ttf/4D68CCA27FA538EE/immo_tul/backend/node_modules/@prisma/client/runtime/index-browser.d.ts'] {
1045 silly tar   errno: -2,
1045 silly tar   code: 'ENOENT',
1045 silly tar   syscall: 'open',
1045 silly tar   path: '/run/media/ttf/4D68CCA27FA538EE/immo_tul/backend/node_modules/@prisma/client/runtime/index-browser.d.ts',
1045 silly tar   entry: ReadEntry {
1045 silly tar     _events: [Object: null prototype] { end: [Function (anonymous)] },
1045 silly tar     _eventsCount: 1,
1045 silly tar     _maxListeners: undefined,
1045 silly tar     writable: false,
1045 silly tar     readable: true,
1045 silly tar     extended: null,
1045 silly tar     globalExtended: null,
1045 silly tar     header: Header {
1045 silly tar       cksumValid: true,
1045 silly tar       needPax: false,
1045 silly tar       nullBlock: false,
1045 silly tar       block: null,
1045 silly tar       path: 'package/runtime/index-browser.d.ts',
1045 silly tar       mode: 420,
1045 silly tar       uid: 0,
1045 silly tar       gid: 0,
1045 silly tar       size: 11915,
1045 silly tar       mtime: 1985-10-26T08:15:00.000Z,
1045 silly tar       cksum: 7098,
1045 silly tar       linkpath: '',
1045 silly tar       uname: '',
1045 silly tar       gname: '',
1045 silly tar       devmaj: 0,
1045 silly tar       devmin: 0,
1045 silly tar       atime: null,
1045 silly tar       ctime: null,
1045 silly tar       Symbol(type): '0'
1045 silly tar     },
1045 silly tar     startBlockSize: 12288,
1045 silly tar     blockRemain: 0,
1045 silly tar     remain: 0,
1045 silly tar     type: 'File',
1045 silly tar     meta: false,
1045 silly tar     ignore: false,
1045 silly tar     path: 'runtime/index-browser.d.ts',
1045 silly tar     mode: 438,
1045 silly tar     uid: 0,
1045 silly tar     gid: 0,
1045 silly tar     uname: '',
1045 silly tar     gname: '',
1045 silly tar     size: 11915,
1045 silly tar     mtime: 1985-10-26T08:15:00.000Z,
1045 silly tar     atime: null,
1045 silly tar     ctime: null,
1045 silly tar     linkpath: '',
1045 silly tar     absolute: '/run/media/ttf/4D68CCA27FA538EE/immo_tul/backend/node_modules/@prisma/client/runtime/index-browser.d.ts',
1045 silly tar     Symbol(shapeMode): false,
1045 silly tar     Symbol(kCapture): false,
1045 silly tar     Symbol(flowing): false,
1045 silly tar     Symbol(paused): true,
1045 silly tar     Symbol(pipes): [ [Pipe] ],
1045 silly tar     Symbol(buffer): [
1045 silly tar       <Buffer 20 20 20 6d 6f 64 75 6c 6f 3f 3a 20 4d 6f 64 75 6c 6f 3b 0d 0a 20 20 20 20 20 20 20 20 64 65 66 61 75 6c 74 73 3f 3a 20 62 6f 6f 6c 65 61 6e 3b 0d 0a ... 10791 more bytes>
1045 silly tar     ],
1045 silly tar     Symbol(objectMode): false,
1045 silly tar     Symbol(encoding): null,
1045 silly tar     Symbol(async): false,
1045 silly tar     Symbol(decoder): null,
1045 silly tar     Symbol(EOF): true,
1045 silly tar     Symbol(emittedEnd): false,
1045 silly tar     Symbol(emittingEnd): false,
1045 silly tar     Symbol(closed): false,
1045 silly tar     Symbol(emittedError): null,
1045 silly tar     Symbol(bufferLength): 10841,
1045 silly tar     Symbol(destroyed): false,
1045 silly tar     Symbol(signal): undefined,
1045 silly tar     Symbol(aborted): false,
1045 silly tar     Symbol(dataListeners): 0,
1045 silly tar     Symbol(discarded): false
1045 silly tar   },
1045 silly tar   cwd: '/run/media/ttf/4D68CCA27FA538EE/immo_tul/backend/node_modules/@prisma/client',
1045 silly tar   tarCode: 'TAR_ENTRY_ERROR'
1045 silly tar }
1046 warn tar TAR_ENTRY_ERROR ENOENT: no such file or directory, open '/run/media/ttf/4D68CCA27FA538EE/immo_tul/backend/node_modules/@prisma/client/index.d.ts'
1047 silly tar TAR_ENTRY_ERROR ENOENT: no such file or directory, open '/run/media/ttf/4D68CCA27FA538EE/immo_tul/backend/node_modules/@prisma/client/index.d.ts' [Error: ENOENT: no such file or directory, open '/run/media/ttf/4D68CCA27FA538EE/immo_tul/backend/node_modules/@prisma/client/index.d.ts'] {
1047 silly tar   errno: -2,
1047 silly tar   code: 'ENOENT',
1047 silly tar   syscall: 'open',
1047 silly tar   path: '/run/media/ttf/4D68CCA27FA538EE/immo_tul/backend/node_modules/@prisma/client/index.d.ts',
1047 silly tar   entry: ReadEntry {
1047 silly tar     _events: [Object: null prototype] {},
1047 silly tar     _eventsCount: 0,
1047 silly tar     _maxListeners: undefined,
1047 silly tar     writable: false,
1047 silly tar     readable: false,
1047 silly tar     extended: null,
1047 silly tar     globalExtended: null,
1047 silly tar     header: Header {
1047 silly tar       cksumValid: true,
1047 silly tar       needPax: false,
1047 silly tar       nullBlock: false,
1047 silly tar       block: null,
1047 silly tar       path: 'package/index.d.ts',
1047 silly tar       mode: 420,
1047 silly tar       uid: 0,
1047 silly tar       gid: 0,
1047 silly tar       size: 39,
1047 silly tar       mtime: 1985-10-26T08:15:00.000Z,
1047 silly tar       cksum: 5458,
1047 silly tar       linkpath: '',
1047 silly tar       uname: '',
1047 silly tar       gname: '',
1047 silly tar       devmaj: 0,
1047 silly tar       devmin: 0,
1047 silly tar       atime: null,
1047 silly tar       ctime: null,
1047 silly tar       Symbol(type): '0'
1047 silly tar     },
1047 silly tar     startBlockSize: 512,
1047 silly tar     blockRemain: 0,
1047 silly tar     remain: 0,
1047 silly tar     type: 'File',
1047 silly tar     meta: false,
1047 silly tar     ignore: false,
1047 silly tar     path: 'index.d.ts',
1047 silly tar     mode: 438,
1047 silly tar     uid: 0,
1047 silly tar     gid: 0,
1047 silly tar     uname: '',
1047 silly tar     gname: '',
1047 silly tar     size: 39,
1047 silly tar     mtime: 1985-10-26T08:15:00.000Z,
1047 silly tar     atime: null,
1047 silly tar     ctime: null,
1047 silly tar     linkpath: '',
1047 silly tar     absolute: '/run/media/ttf/4D68CCA27FA538EE/immo_tul/backend/node_modules/@prisma/client/index.d.ts',
1047 silly tar     Symbol(shapeMode): false,
1047 silly tar     Symbol(kCapture): false,
1047 silly tar     Symbol(flowing): false,
1047 silly tar     Symbol(paused): true,
1047 silly tar     Symbol(pipes): [ [Pipe] ],
1047 silly tar     Symbol(buffer): [],
1047 silly tar     Symbol(objectMode): false,
1047 silly tar     Symbol(encoding): null,
1047 silly tar     Symbol(async): false,
1047 silly tar     Symbol(decoder): null,
1047 silly tar     Symbol(EOF): true,
1047 silly tar     Symbol(emittedEnd): true,
1047 silly tar     Symbol(emittingEnd): false,
1047 silly tar     Symbol(closed): false,
1047 silly tar     Symbol(emittedError): null,
1047 silly tar     Symbol(bufferLength): 0,
1047 silly tar     Symbol(destroyed): false,
1047 silly tar     Symbol(signal): undefined,
1047 silly tar     Symbol(aborted): false,
1047 silly tar     Symbol(dataListeners): 0,
1047 silly tar     Symbol(discarded): false
1047 silly tar   },
1047 silly tar   cwd: '/run/media/ttf/4D68CCA27FA538EE/immo_tul/backend/node_modules/@prisma/client',
1047 silly tar   tarCode: 'TAR_ENTRY_ERROR'
1047 silly tar }
1048 warn tar TAR_ENTRY_ERROR ENOENT: no such file or directory, open '/run/media/ttf/4D68CCA27FA538EE/immo_tul/backend/node_modules/@prisma/client/runtime/library.d.ts'
1049 silly tar TAR_ENTRY_ERROR ENOENT: no such file or directory, open '/run/media/ttf/4D68CCA27FA538EE/immo_tul/backend/node_modules/@prisma/client/runtime/library.d.ts' [Error: ENOENT: no such file or directory, open '/run/media/ttf/4D68CCA27FA538EE/immo_tul/backend/node_modules/@prisma/client/runtime/library.d.ts'] {
1049 silly tar   errno: -2,
1049 silly tar   code: 'ENOENT',
1049 silly tar   syscall: 'open',
1049 silly tar   path: '/run/media/ttf/4D68CCA27FA538EE/immo_tul/backend/node_modules/@prisma/client/runtime/library.d.ts',
1049 silly tar   entry: ReadEntry {
1049 silly tar     _events: [Object: null prototype] {
1049 silly tar       end: [Function (anonymous)],
1049 silly tar       drain: [Function]
1049 silly tar     },
1049 silly tar     _eventsCount: 2,
1049 silly tar     _maxListeners: undefined,
1049 silly tar     writable: true,
1049 silly tar     readable: true,
1049 silly tar     extended: null,
1049 silly tar     globalExtended: null,
1049 silly tar     header: Header {
1049 silly tar       cksumValid: true,
1049 silly tar       needPax: false,
1049 silly tar       nullBlock: false,
1049 silly tar       block: null,
1049 silly tar       path: 'package/runtime/library.d.ts',
1049 silly tar       mode: 420,
1049 silly tar       uid: 0,
1049 silly tar       gid: 0,
1049 silly tar       size: 129753,
1049 silly tar       mtime: 1985-10-26T08:15:00.000Z,
1049 silly tar       cksum: 6509,
1049 silly tar       linkpath: '',
1049 silly tar       uname: '',
1049 silly tar       gname: '',
1049 silly tar       devmaj: 0,
1049 silly tar       devmin: 0,
1049 silly tar       atime: null,
1049 silly tar       ctime: null,
1049 silly tar       Symbol(type): '0'
1049 silly tar     },
1049 silly tar     startBlockSize: 130048,
1049 silly tar     blockRemain: 120018,
1049 silly tar     remain: 119723,
1049 silly tar     type: 'File',
1049 silly tar     meta: false,
1049 silly tar     ignore: false,
1049 silly tar     path: 'runtime/library.d.ts',
1049 silly tar     mode: 438,
1049 silly tar     uid: 0,
1049 silly tar     gid: 0,
1049 silly tar     uname: '',
1049 silly tar     gname: '',
1049 silly tar     size: 129753,
1049 silly tar     mtime: 1985-10-26T08:15:00.000Z,
1049 silly tar     atime: null,
1049 silly tar     ctime: null,
1049 silly tar     linkpath: '',
1049 silly tar     absolute: '/run/media/ttf/4D68CCA27FA538EE/immo_tul/backend/node_modules/@prisma/client/runtime/library.d.ts',
1049 silly tar     Symbol(shapeMode): false,
1049 silly tar     Symbol(kCapture): false,
1049 silly tar     Symbol(flowing): false,
1049 silly tar     Symbol(paused): true,
1049 silly tar     Symbol(pipes): [ [Pipe] ],
1049 silly tar     Symbol(buffer): [
1049 silly tar       <Buffer 70 65 20 41 72 69 74 79 20 3d 20 27 73 63 61 6c 61 72 27 20 7c 20 27 6c 69 73 74 27 3b 0d 0a 0d 0a 2f 2a 2a 0d 0a 20 2a 20 41 74 74 72 69 62 75 74 65 ... 6346 more bytes>
1049 silly tar     ],
1049 silly tar     Symbol(objectMode): false,
1049 silly tar     Symbol(encoding): null,
1049 silly tar     Symbol(async): false,
1049 silly tar     Symbol(decoder): null,
1049 silly tar     Symbol(EOF): false,
1049 silly tar     Symbol(emittedEnd): false,
1049 silly tar     Symbol(emittingEnd): false,
1049 silly tar     Symbol(closed): false,
1049 silly tar     Symbol(emittedError): null,
1049 silly tar     Symbol(bufferLength): 6396,
1049 silly tar     Symbol(destroyed): false,
1049 silly tar     Symbol(signal): undefined,
1049 silly tar     Symbol(aborted): false,
1049 silly tar     Symbol(dataListeners): 0,
1049 silly tar     Symbol(discarded): false
1049 silly tar   },
1049 silly tar   cwd: '/run/media/ttf/4D68CCA27FA538EE/immo_tul/backend/node_modules/@prisma/client',
1049 silly tar   tarCode: 'TAR_ENTRY_ERROR'
1049 silly tar }
1050 warn tar TAR_ENTRY_ERROR ENOENT: no such file or directory, open '/run/media/ttf/4D68CCA27FA538EE/immo_tul/backend/node_modules/@prisma/client/scripts/postinstall.d.ts'
1051 silly tar TAR_ENTRY_ERROR ENOENT: no such file or directory, open '/run/media/ttf/4D68CCA27FA538EE/immo_tul/backend/node_modules/@prisma/client/scripts/postinstall.d.ts' [Error: ENOENT: no such file or directory, open '/run/media/ttf/4D68CCA27FA538EE/immo_tul/backend/node_modules/@prisma/client/scripts/postinstall.d.ts'] {
1051 silly tar   errno: -2,
1051 silly tar   code: 'ENOENT',
1051 silly tar   syscall: 'open',
1051 silly tar   path: '/run/media/ttf/4D68CCA27FA538EE/immo_tul/backend/node_modules/@prisma/client/scripts/postinstall.d.ts',
1051 silly tar   entry: ReadEntry {
1051 silly tar     _events: [Object: null prototype] {},
1051 silly tar     _eventsCount: 0,
1051 silly tar     _maxListeners: undefined,
1051 silly tar     writable: false,
1051 silly tar     readable: false,
1051 silly tar     extended: null,
1051 silly tar     globalExtended: null,
1051 silly tar     header: Header {
1051 silly tar       cksumValid: true,
1051 silly tar       needPax: false,
1051 silly tar       nullBlock: false,
1051 silly tar       block: null,
1051 silly tar       path: 'package/scripts/postinstall.d.ts',
1051 silly tar       mode: 420,
1051 silly tar       uid: 0,
1051 silly tar       gid: 0,
1051 silly tar       size: 304,
1051 silly tar       mtime: 1985-10-26T08:15:00.000Z,
1051 silly tar       cksum: 6957,
1051 silly tar       linkpath: '',
1051 silly tar       uname: '',
1051 silly tar       gname: '',
1051 silly tar       devmaj: 0,
1051 silly tar       devmin: 0,
1051 silly tar       atime: null,
1051 silly tar       ctime: null,
1051 silly tar       Symbol(type): '0'
1051 silly tar     },
1051 silly tar     startBlockSize: 512,
1051 silly tar     blockRemain: 0,
1051 silly tar     remain: 0,
1051 silly tar     type: 'File',
1051 silly tar     meta: false,
1051 silly tar     ignore: false,
1051 silly tar     path: 'scripts/postinstall.d.ts',
1051 silly tar     mode: 438,
1051 silly tar     uid: 0,
1051 silly tar     gid: 0,
1051 silly tar     uname: '',
1051 silly tar     gname: '',
1051 silly tar     size: 304,
1051 silly tar     mtime: 1985-10-26T08:15:00.000Z,
1051 silly tar     atime: null,
1051 silly tar     ctime: null,
1051 silly tar     linkpath: '',
1051 silly tar     absolute: '/run/media/ttf/4D68CCA27FA538EE/immo_tul/backend/node_modules/@prisma/client/scripts/postinstall.d.ts',
1051 silly tar     Symbol(shapeMode): false,
1051 silly tar     Symbol(kCapture): false,
1051 silly tar     Symbol(flowing): false,
1051 silly tar     Symbol(paused): true,
1051 silly tar     Symbol(pipes): [ [Pipe] ],
1051 silly tar     Symbol(buffer): [],
1051 silly tar     Symbol(objectMode): false,
1051 silly tar     Symbol(encoding): null,
1051 silly tar     Symbol(async): false,
1051 silly tar     Symbol(decoder): null,
1051 silly tar     Symbol(EOF): true,
1051 silly tar     Symbol(emittedEnd): true,
1051 silly tar     Symbol(emittingEnd): false,
1051 silly tar     Symbol(closed): false,
1051 silly tar     Symbol(emittedError): null,
1051 silly tar     Symbol(bufferLength): 0,
1051 silly tar     Symbol(destroyed): false,
1051 silly tar     Symbol(signal): undefined,
1051 silly tar     Symbol(aborted): false,
1051 silly tar     Symbol(dataListeners): 0,
1051 silly tar     Symbol(discarded): false
1051 silly tar   },
1051 silly tar   cwd: '/run/media/ttf/4D68CCA27FA538EE/immo_tul/backend/node_modules/@prisma/client',
1051 silly tar   tarCode: 'TAR_ENTRY_ERROR'
1051 silly tar }
1052 warn tar TAR_ENTRY_ERROR ENOENT: no such file or directory, open '/run/media/ttf/4D68CCA27FA538EE/immo_tul/backend/node_modules/@prisma/client/react-native.d.ts'
1053 silly tar TAR_ENTRY_ERROR ENOENT: no such file or directory, open '/run/media/ttf/4D68CCA27FA538EE/immo_tul/backend/node_modules/@prisma/client/react-native.d.ts' [Error: ENOENT: no such file or directory, open '/run/media/ttf/4D68CCA27FA538EE/immo_tul/backend/node_modules/@prisma/client/react-native.d.ts'] {
1053 silly tar   errno: -2,
1053 silly tar   code: 'ENOENT',
1053 silly tar   syscall: 'open',
1053 silly tar   path: '/run/media/ttf/4D68CCA27FA538EE/immo_tul/backend/node_modules/@prisma/client/react-native.d.ts',
1053 silly tar   entry: ReadEntry {
1053 silly tar     _events: [Object: null prototype] {},
1053 silly tar     _eventsCount: 0,
1053 silly tar     _maxListeners: undefined,
1053 silly tar     writable: false,
1053 silly tar     readable: false,
1053 silly tar     extended: null,
1053 silly tar     globalExtended: null,
1053 silly tar     header: Header {
1053 silly tar       cksumValid: true,
1053 silly tar       needPax: false,
1053 silly tar       nullBlock: false,
1053 silly tar       block: null,
1053 silly tar       path: 'package/react-native.d.ts',
1053 silly tar       mode: 420,
1053 silly tar       uid: 0,
1053 silly tar       gid: 0,
1053 silly tar       size: 44,
1053 silly tar       mtime: 1985-10-26T08:15:00.000Z,
1053 silly tar       cksum: 6139,
1053 silly tar       linkpath: '',
1053 silly tar       uname: '',
1053 silly tar       gname: '',
1053 silly tar       devmaj: 0,
1053 silly tar       devmin: 0,
1053 silly tar       atime: null,
1053 silly tar       ctime: null,
1053 silly tar       Symbol(type): '0'
1053 silly tar     },
1053 silly tar     startBlockSize: 512,
1053 silly tar     blockRemain: 0,
1053 silly tar     remain: 0,
1053 silly tar     type: 'File',
1053 silly tar     meta: false,
1053 silly tar     ignore: false,
1053 silly tar     path: 'react-native.d.ts',
1053 silly tar     mode: 438,
1053 silly tar     uid: 0,
1053 silly tar     gid: 0,
1053 silly tar     uname: '',
1053 silly tar     gname: '',
1053 silly tar     size: 44,
1053 silly tar     mtime: 1985-10-26T08:15:00.000Z,
1053 silly tar     atime: null,
1053 silly tar     ctime: null,
1053 silly tar     linkpath: '',
1053 silly tar     absolute: '/run/media/ttf/4D68CCA27FA538EE/immo_tul/backend/node_modules/@prisma/client/react-native.d.ts',
1053 silly tar     Symbol(shapeMode): false,
1053 silly tar     Symbol(kCapture): false,
1053 silly tar     Symbol(flowing): false,
1053 silly tar     Symbol(paused): true,
1053 silly tar     Symbol(pipes): [ [Pipe] ],
1053 silly tar     Symbol(buffer): [],
1053 silly tar     Symbol(objectMode): false,
1053 silly tar     Symbol(encoding): null,
1053 silly tar     Symbol(async): false,
1053 silly tar     Symbol(decoder): null,
1053 silly tar     Symbol(EOF): true,
1053 silly tar     Symbol(emittedEnd): true,
1053 silly tar     Symbol(emittingEnd): false,
1053 silly tar     Symbol(closed): false,
1053 silly tar     Symbol(emittedError): null,
1053 silly tar     Symbol(bufferLength): 0,
1053 silly tar     Symbol(destroyed): false,
1053 silly tar     Symbol(signal): undefined,
1053 silly tar     Symbol(aborted): false,
1053 silly tar     Symbol(dataListeners): 0,
1053 silly tar     Symbol(discarded): false
1053 silly tar   },
1053 silly tar   cwd: '/run/media/ttf/4D68CCA27FA538EE/immo_tul/backend/node_modules/@prisma/client',
1053 silly tar   tarCode: 'TAR_ENTRY_ERROR'
1053 silly tar }
1054 warn tar TAR_ENTRY_ERROR ENOENT: no such file or directory, open '/run/media/ttf/4D68CCA27FA538EE/immo_tul/backend/node_modules/@prisma/client/runtime/react-native.d.ts'
1055 silly tar TAR_ENTRY_ERROR ENOENT: no such file or directory, open '/run/media/ttf/4D68CCA27FA538EE/immo_tul/backend/node_modules/@prisma/client/runtime/react-native.d.ts' [Error: ENOENT: no such file or directory, open '/run/media/ttf/4D68CCA27FA538EE/immo_tul/backend/node_modules/@prisma/client/runtime/react-native.d.ts'] {
1055 silly tar   errno: -2,
1055 silly tar   code: 'ENOENT',
1055 silly tar   syscall: 'open',
1055 silly tar   path: '/run/media/ttf/4D68CCA27FA538EE/immo_tul/backend/node_modules/@prisma/client/runtime/react-native.d.ts',
1055 silly tar   entry: ReadEntry {
1055 silly tar     _events: [Object: null prototype] {
1055 silly tar       end: [Function (anonymous)],
1055 silly tar       drain: [Function]
1055 silly tar     },
1055 silly tar     _eventsCount: 2,
1055 silly tar     _maxListeners: undefined,
1055 silly tar     writable: true,
1055 silly tar     readable: true,
1055 silly tar     extended: null,
1055 silly tar     globalExtended: null,
1055 silly tar     header: Header {
1055 silly tar       cksumValid: true,
1055 silly tar       needPax: false,
1055 silly tar       nullBlock: false,
1055 silly tar       block: null,
1055 silly tar       path: 'package/runtime/react-native.d.ts',
1055 silly tar       mode: 420,
1055 silly tar       uid: 0,
1055 silly tar       gid: 0,
1055 silly tar       size: 129753,
1055 silly tar       mtime: 1985-10-26T08:15:00.000Z,
1055 silly tar       cksum: 6971,
1055 silly tar       linkpath: '',
1055 silly tar       uname: '',
1055 silly tar       gname: '',
1055 silly tar       devmaj: 0,
1055 silly tar       devmin: 0,
1055 silly tar       atime: null,
1055 silly tar       ctime: null,
1055 silly tar       Symbol(type): '0'
1055 silly tar     },
1055 silly tar     startBlockSize: 130048,
1055 silly tar     blockRemain: 97807,
1055 silly tar     remain: 97512,
1055 silly tar     type: 'File',
1055 silly tar     meta: false,
1055 silly tar     ignore: false,
1055 silly tar     path: 'runtime/react-native.d.ts',
1055 silly tar     mode: 438,
1055 silly tar     uid: 0,
1055 silly tar     gid: 0,
1055 silly tar     uname: '',
1055 silly tar     gname: '',
1055 silly tar     size: 129753,
1055 silly tar     mtime: 1985-10-26T08:15:00.000Z,
1055 silly tar     atime: null,
1055 silly tar     ctime: null,
1055 silly tar     linkpath: '',
1055 silly tar     absolute: '/run/media/ttf/4D68CCA27FA538EE/immo_tul/backend/node_modules/@prisma/client/runtime/react-native.d.ts',
1055 silly tar     Symbol(shapeMode): false,
1055 silly tar     Symbol(kCapture): false,
1055 silly tar     Symbol(flowing): false,
1055 silly tar     Symbol(paused): true,
1055 silly tar     Symbol(pipes): [ [Pipe] ],
1055 silly tar     Symbol(buffer): [
1055 silly tar       <Buffer 61 77 28 71 75 65 72 79 3a 20 54 65 6d 70 6c 61 74 65 53 74 72 69 6e 67 73 41 72 72 61 79 20 7c 20 53 71 6c 2c 20 2e 2e 2e 76 61 6c 75 65 73 3a 20 61 ... 16334 more bytes>,
1055 silly tar       <Buffer 72 61 74 69 6f 6e 50 61 79 6c 6f 61 64 3b 0d 0a 7d 3b 0d 0a 0d 0a 65 78 70 6f 72 74 20 64 65 63 6c 61 72 65 20 6e 61 6d 65 73 70 61 63 65 20 44 4d 4d ... 9224 more bytes>
1055 silly tar     ],
1055 silly tar     Symbol(objectMode): false,
1055 silly tar     Symbol(encoding): null,
1055 silly tar     Symbol(async): false,
1055 silly tar     Symbol(decoder): null,
1055 silly tar     Symbol(EOF): false,
1055 silly tar     Symbol(emittedEnd): false,
1055 silly tar     Symbol(emittingEnd): false,
1055 silly tar     Symbol(closed): false,
1055 silly tar     Symbol(emittedError): null,
1055 silly tar     Symbol(bufferLength): 25658,
1055 silly tar     Symbol(destroyed): false,
1055 silly tar     Symbol(signal): undefined,
1055 silly tar     Symbol(aborted): false,
1055 silly tar     Symbol(dataListeners): 0,
1055 silly tar     Symbol(discarded): false
1055 silly tar   },
1055 silly tar   cwd: '/run/media/ttf/4D68CCA27FA538EE/immo_tul/backend/node_modules/@prisma/client',
1055 silly tar   tarCode: 'TAR_ENTRY_ERROR'
1055 silly tar }
1056 warn tar TAR_ENTRY_ERROR ENOENT: no such file or directory, open '/run/media/ttf/4D68CCA27FA538EE/immo_tul/backend/node_modules/@prisma/client/sql.d.ts'
1057 silly tar TAR_ENTRY_ERROR ENOENT: no such file or directory, open '/run/media/ttf/4D68CCA27FA538EE/immo_tul/backend/node_modules/@prisma/client/sql.d.ts' [Error: ENOENT: no such file or directory, open '/run/media/ttf/4D68CCA27FA538EE/immo_tul/backend/node_modules/@prisma/client/sql.d.ts'] {
1057 silly tar   errno: -2,
1057 silly tar   code: 'ENOENT',
1057 silly tar   syscall: 'open',
1057 silly tar   path: '/run/media/ttf/4D68CCA27FA538EE/immo_tul/backend/node_modules/@prisma/client/sql.d.ts',
1057 silly tar   entry: ReadEntry {
1057 silly tar     _events: [Object: null prototype] {},
1057 silly tar     _eventsCount: 0,
1057 silly tar     _maxListeners: undefined,
1057 silly tar     writable: false,
1057 silly tar     readable: false,
1057 silly tar     extended: null,
1057 silly tar     globalExtended: null,
1057 silly tar     header: Header {
1057 silly tar       cksumValid: true,
1057 silly tar       needPax: false,
1057 silly tar       nullBlock: false,
1057 silly tar       block: null,
1057 silly tar       path: 'package/sql.d.ts',
1057 silly tar       mode: 420,
1057 silly tar       uid: 0,
1057 silly tar       gid: 0,
1057 silly tar       size: 35,
1057 silly tar       mtime: 1985-10-26T08:15:00.000Z,
1057 silly tar       cksum: 5254,
1057 silly tar       linkpath: '',
1057 silly tar       uname: '',
1057 silly tar       gname: '',
1057 silly tar       devmaj: 0,
1057 silly tar       devmin: 0,
1057 silly tar       atime: null,
1057 silly tar       ctime: null,
1057 silly tar       Symbol(type): '0'
1057 silly tar     },
1057 silly tar     startBlockSize: 512,
1057 silly tar     blockRemain: 0,
1057 silly tar     remain: 0,
1057 silly tar     type: 'File',
1057 silly tar     meta: false,
1057 silly tar     ignore: false,
1057 silly tar     path: 'sql.d.ts',
1057 silly tar     mode: 438,
1057 silly tar     uid: 0,
1057 silly tar     gid: 0,
1057 silly tar     uname: '',
1057 silly tar     gname: '',
1057 silly tar     size: 35,
1057 silly tar     mtime: 1985-10-26T08:15:00.000Z,
1057 silly tar     atime: null,
1057 silly tar     ctime: null,
1057 silly tar     linkpath: '',
1057 silly tar     absolute: '/run/media/ttf/4D68CCA27FA538EE/immo_tul/backend/node_modules/@prisma/client/sql.d.ts',
1057 silly tar     Symbol(shapeMode): false,
1057 silly tar     Symbol(kCapture): false,
1057 silly tar     Symbol(flowing): false,
1057 silly tar     Symbol(paused): true,
1057 silly tar     Symbol(pipes): [ [Pipe] ],
1057 silly tar     Symbol(buffer): [],
1057 silly tar     Symbol(objectMode): false,
1057 silly tar     Symbol(encoding): null,
1057 silly tar     Symbol(async): false,
1057 silly tar     Symbol(decoder): null,
1057 silly tar     Symbol(EOF): true,
1057 silly tar     Symbol(emittedEnd): true,
1057 silly tar     Symbol(emittingEnd): false,
1057 silly tar     Symbol(closed): false,
1057 silly tar     Symbol(emittedError): null,
1057 silly tar     Symbol(bufferLength): 0,
1057 silly tar     Symbol(destroyed): false,
1057 silly tar     Symbol(signal): undefined,
1057 silly tar     Symbol(aborted): false,
1057 silly tar     Symbol(dataListeners): 0,
1057 silly tar     Symbol(discarded): false
1057 silly tar   },
1057 silly tar   cwd: '/run/media/ttf/4D68CCA27FA538EE/immo_tul/backend/node_modules/@prisma/client',
1057 silly tar   tarCode: 'TAR_ENTRY_ERROR'
1057 silly tar }
1058 warn tar TAR_ENTRY_ERROR ENOENT: no such file or directory, open '/run/media/ttf/4D68CCA27FA538EE/immo_tul/backend/node_modules/@prisma/client/runtime/wasm-compiler-edge.d.ts'
1059 silly tar TAR_ENTRY_ERROR ENOENT: no such file or directory, open '/run/media/ttf/4D68CCA27FA538EE/immo_tul/backend/node_modules/@prisma/client/runtime/wasm-compiler-edge.d.ts' [Error: ENOENT: no such file or directory, open '/run/media/ttf/4D68CCA27FA538EE/immo_tul/backend/node_modules/@prisma/client/runtime/wasm-compiler-edge.d.ts'] {
1059 silly tar   errno: -2,
1059 silly tar   code: 'ENOENT',
1059 silly tar   syscall: 'open',
1059 silly tar   path: '/run/media/ttf/4D68CCA27FA538EE/immo_tul/backend/node_modules/@prisma/client/runtime/wasm-compiler-edge.d.ts',
1059 silly tar   entry: ReadEntry {
1059 silly tar     _events: [Object: null prototype] {},
1059 silly tar     _eventsCount: 0,
1059 silly tar     _maxListeners: undefined,
1059 silly tar     writable: false,
1059 silly tar     readable: false,
1059 silly tar     extended: null,
1059 silly tar     globalExtended: null,
1059 silly tar     header: Header {
1059 silly tar       cksumValid: true,
1059 silly tar       needPax: false,
1059 silly tar       nullBlock: false,
1059 silly tar       block: null,
1059 silly tar       path: 'package/runtime/wasm-compiler-edge.d.ts',
1059 silly tar       mode: 420,
1059 silly tar       uid: 0,
1059 silly tar       gid: 0,
1059 silly tar       size: 26,
1059 silly tar       mtime: 1985-10-26T08:15:00.000Z,
1059 silly tar       cksum: 7529,
1059 silly tar       linkpath: '',
1059 silly tar       uname: '',
1059 silly tar       gname: '',
1059 silly tar       devmaj: 0,
1059 silly tar       devmin: 0,
1059 silly tar       atime: null,
1059 silly tar       ctime: null,
1059 silly tar       Symbol(type): '0'
1059 silly tar     },
1059 silly tar     startBlockSize: 512,
1059 silly tar     blockRemain: 0,
1059 silly tar     remain: 0,
1059 silly tar     type: 'File',
1059 silly tar     meta: false,
1059 silly tar     ignore: false,
1059 silly tar     path: 'runtime/wasm-compiler-edge.d.ts',
1059 silly tar     mode: 438,
1059 silly tar     uid: 0,
1059 silly tar     gid: 0,
1059 silly tar     uname: '',
1059 silly tar     gname: '',
1059 silly tar     size: 26,
1059 silly tar     mtime: 1985-10-26T08:15:00.000Z,
1059 silly tar     atime: null,
1059 silly tar     ctime: null,
1059 silly tar     linkpath: '',
1059 silly tar     absolute: '/run/media/ttf/4D68CCA27FA538EE/immo_tul/backend/node_modules/@prisma/client/runtime/wasm-compiler-edge.d.ts',
1059 silly tar     Symbol(shapeMode): false,
1059 silly tar     Symbol(kCapture): false,
1059 silly tar     Symbol(flowing): false,
1059 silly tar     Symbol(paused): true,
1059 silly tar     Symbol(pipes): [ [Pipe] ],
1059 silly tar     Symbol(buffer): [],
1059 silly tar     Symbol(objectMode): false,
1059 silly tar     Symbol(encoding): null,
1059 silly tar     Symbol(async): false,
1059 silly tar     Symbol(decoder): null,
1059 silly tar     Symbol(EOF): true,
1059 silly tar     Symbol(emittedEnd): true,
1059 silly tar     Symbol(emittingEnd): false,
1059 silly tar     Symbol(closed): false,
1059 silly tar     Symbol(emittedError): null,
1059 silly tar     Symbol(bufferLength): 0,
1059 silly tar     Symbol(destroyed): false,
1059 silly tar     Symbol(signal): undefined,
1059 silly tar     Symbol(aborted): false,
1059 silly tar     Symbol(dataListeners): 0,
1059 silly tar     Symbol(discarded): false
1059 silly tar   },
1059 silly tar   cwd: '/run/media/ttf/4D68CCA27FA538EE/immo_tul/backend/node_modules/@prisma/client',
1059 silly tar   tarCode: 'TAR_ENTRY_ERROR'
1059 silly tar }
1060 warn tar TAR_ENTRY_ERROR ENOENT: no such file or directory, open '/run/media/ttf/4D68CCA27FA538EE/immo_tul/backend/node_modules/@prisma/client/runtime/wasm-engine-edge.d.ts'
1061 silly tar TAR_ENTRY_ERROR ENOENT: no such file or directory, open '/run/media/ttf/4D68CCA27FA538EE/immo_tul/backend/node_modules/@prisma/client/runtime/wasm-engine-edge.d.ts' [Error: ENOENT: no such file or directory, open '/run/media/ttf/4D68CCA27FA538EE/immo_tul/backend/node_modules/@prisma/client/runtime/wasm-engine-edge.d.ts'] {
1061 silly tar   errno: -2,
1061 silly tar   code: 'ENOENT',
1061 silly tar   syscall: 'open',
1061 silly tar   path: '/run/media/ttf/4D68CCA27FA538EE/immo_tul/backend/node_modules/@prisma/client/runtime/wasm-engine-edge.d.ts',
1061 silly tar   entry: ReadEntry {
1061 silly tar     _events: [Object: null prototype] {},
1061 silly tar     _eventsCount: 0,
1061 silly tar     _maxListeners: undefined,
1061 silly tar     writable: false,
1061 silly tar     readable: false,
1061 silly tar     extended: null,
1061 silly tar     globalExtended: null,
1061 silly tar     header: Header {
1061 silly tar       cksumValid: true,
1061 silly tar       needPax: false,
1061 silly tar       nullBlock: false,
1061 silly tar       block: null,
1061 silly tar       path: 'package/runtime/wasm-engine-edge.d.ts',
1061 silly tar       mode: 420,
1061 silly tar       uid: 0,
1061 silly tar       gid: 0,
1061 silly tar       size: 26,
1061 silly tar       mtime: 1985-10-26T08:15:00.000Z,
1061 silly tar       cksum: 7300,
1061 silly tar       linkpath: '',
1061 silly tar       uname: '',
1061 silly tar       gname: '',
1061 silly tar       devmaj: 0,
1061 silly tar       devmin: 0,
1061 silly tar       atime: null,
1061 silly tar       ctime: null,
1061 silly tar       Symbol(type): '0'
1061 silly tar     },
1061 silly tar     startBlockSize: 512,
1061 silly tar     blockRemain: 0,
1061 silly tar     remain: 0,
1061 silly tar     type: 'File',
1061 silly tar     meta: false,
1061 silly tar     ignore: false,
1061 silly tar     path: 'runtime/wasm-engine-edge.d.ts',
1061 silly tar     mode: 438,
1061 silly tar     uid: 0,
1061 silly tar     gid: 0,
1061 silly tar     uname: '',
1061 silly tar     gname: '',
1061 silly tar     size: 26,
1061 silly tar     mtime: 1985-10-26T08:15:00.000Z,
1061 silly tar     atime: null,
1061 silly tar     ctime: null,
1061 silly tar     linkpath: '',
1061 silly tar     absolute: '/run/media/ttf/4D68CCA27FA538EE/immo_tul/backend/node_modules/@prisma/client/runtime/wasm-engine-edge.d.ts',
1061 silly tar     Symbol(shapeMode): false,
1061 silly tar     Symbol(kCapture): false,
1061 silly tar     Symbol(flowing): false,
1061 silly tar     Symbol(paused): true,
1061 silly tar     Symbol(pipes): [ [Pipe] ],
1061 silly tar     Symbol(buffer): [],
1061 silly tar     Symbol(objectMode): false,
1061 silly tar     Symbol(encoding): null,
1061 silly tar     Symbol(async): false,
1061 silly tar     Symbol(decoder): null,
1061 silly tar     Symbol(EOF): true,
1061 silly tar     Symbol(emittedEnd): true,
1061 silly tar     Symbol(emittingEnd): false,
1061 silly tar     Symbol(closed): false,
1061 silly tar     Symbol(emittedError): null,
1061 silly tar     Symbol(bufferLength): 0,
1061 silly tar     Symbol(destroyed): false,
1061 silly tar     Symbol(signal): undefined,
1061 silly tar     Symbol(aborted): false,
1061 silly tar     Symbol(dataListeners): 0,
1061 silly tar     Symbol(discarded): false
1061 silly tar   },
1061 silly tar   cwd: '/run/media/ttf/4D68CCA27FA538EE/immo_tul/backend/node_modules/@prisma/client',
1061 silly tar   tarCode: 'TAR_ENTRY_ERROR'
1061 silly tar }
1062 warn tar TAR_ENTRY_ERROR ENOENT: no such file or directory, open '/run/media/ttf/4D68CCA27FA538EE/immo_tul/backend/node_modules/@prisma/client/LICENSE'
1063 silly tar TAR_ENTRY_ERROR ENOENT: no such file or directory, open '/run/media/ttf/4D68CCA27FA538EE/immo_tul/backend/node_modules/@prisma/client/LICENSE' [Error: ENOENT: no such file or directory, open '/run/media/ttf/4D68CCA27FA538EE/immo_tul/backend/node_modules/@prisma/client/LICENSE'] {
1063 silly tar   errno: -2,
1063 silly tar   code: 'ENOENT',
1063 silly tar   syscall: 'open',
1063 silly tar   path: '/run/media/ttf/4D68CCA27FA538EE/immo_tul/backend/node_modules/@prisma/client/LICENSE',
1063 silly tar   entry: ReadEntry {
1063 silly tar     _events: [Object: null prototype] { end: [Function (anonymous)] },
1063 silly tar     _eventsCount: 1,
1063 silly tar     _maxListeners: undefined,
1063 silly tar     writable: false,
1063 silly tar     readable: true,
1063 silly tar     extended: null,
1063 silly tar     globalExtended: null,
1063 silly tar     header: Header {
1063 silly tar       cksumValid: true,
1063 silly tar       needPax: false,
1063 silly tar       nullBlock: false,
1063 silly tar       block: null,
1063 silly tar       path: 'package/LICENSE',
1063 silly tar       mode: 420,
1063 silly tar       uid: 0,
1063 silly tar       gid: 0,
1063 silly tar       size: 11357,
1063 silly tar       mtime: 1985-10-26T08:15:00.000Z,
1063 silly tar       cksum: 5020,
1063 silly tar       linkpath: '',
1063 silly tar       uname: '',
1063 silly tar       gname: '',
1063 silly tar       devmaj: 0,
1063 silly tar       devmin: 0,
1063 silly tar       atime: null,
1063 silly tar       ctime: null,
1063 silly tar       Symbol(type): '0'
1063 silly tar     },
1063 silly tar     startBlockSize: 11776,
1063 silly tar     blockRemain: 0,
1063 silly tar     remain: 0,
1063 silly tar     type: 'File',
1063 silly tar     meta: false,
1063 silly tar     ignore: false,
1063 silly tar     path: 'LICENSE',
1063 silly tar     mode: 438,
1063 silly tar     uid: 0,
1063 silly tar     gid: 0,
1063 silly tar     uname: '',
1063 silly tar     gname: '',
1063 silly tar     size: 11357,
1063 silly tar     mtime: 1985-10-26T08:15:00.000Z,
1063 silly tar     atime: null,
1063 silly tar     ctime: null,
1063 silly tar     linkpath: '',
1063 silly tar     absolute: '/run/media/ttf/4D68CCA27FA538EE/immo_tul/backend/node_modules/@prisma/client/LICENSE',
1063 silly tar     Symbol(shapeMode): false,
1063 silly tar     Symbol(kCapture): false,
1063 silly tar     Symbol(flowing): false,
1063 silly tar     Symbol(paused): true,
1063 silly tar     Symbol(pipes): [ [Pipe] ],
1063 silly tar     Symbol(buffer): [
1063 silly tar       <Buffer 65 6e 74 69 74 79 20 61 6e 64 20 61 6c 6c 0a 20 20 20 20 20 20 6f 74 68 65 72 20 65 6e 74 69 74 69 65 73 20 74 68 61 74 20 63 6f 6e 74 72 6f 6c 2c 20 ... 10727 more bytes>
1063 silly tar     ],
1063 silly tar     Symbol(objectMode): false,
1063 silly tar     Symbol(encoding): null,
1063 silly tar     Symbol(async): false,
1063 silly tar     Symbol(decoder): null,
1063 silly tar     Symbol(EOF): true,
1063 silly tar     Symbol(emittedEnd): false,
1063 silly tar     Symbol(emittingEnd): false,
1063 silly tar     Symbol(closed): false,
1063 silly tar     Symbol(emittedError): null,
1063 silly tar     Symbol(bufferLength): 10777,
1063 silly tar     Symbol(destroyed): false,
1063 silly tar     Symbol(signal): undefined,
1063 silly tar     Symbol(aborted): false,
1063 silly tar     Symbol(dataListeners): 0,
1063 silly tar     Symbol(discarded): false
1063 silly tar   },
1063 silly tar   cwd: '/run/media/ttf/4D68CCA27FA538EE/immo_tul/backend/node_modules/@prisma/client',
1063 silly tar   tarCode: 'TAR_ENTRY_ERROR'
1063 silly tar }
1064 warn tar TAR_ENTRY_ERROR ENOENT: no such file or directory, open '/run/media/ttf/4D68CCA27FA538EE/immo_tul/backend/node_modules/@prisma/client/wasm.d.ts'
1065 silly tar TAR_ENTRY_ERROR ENOENT: no such file or directory, open '/run/media/ttf/4D68CCA27FA538EE/immo_tul/backend/node_modules/@prisma/client/wasm.d.ts' [Error: ENOENT: no such file or directory, open '/run/media/ttf/4D68CCA27FA538EE/immo_tul/backend/node_modules/@prisma/client/wasm.d.ts'] {
1065 silly tar   errno: -2,
1065 silly tar   code: 'ENOENT',
1065 silly tar   syscall: 'open',
1065 silly tar   path: '/run/media/ttf/4D68CCA27FA538EE/immo_tul/backend/node_modules/@prisma/client/wasm.d.ts',
1065 silly tar   entry: ReadEntry {
1065 silly tar     _events: [Object: null prototype] {},
1065 silly tar     _eventsCount: 0,
1065 silly tar     _maxListeners: undefined,
1065 silly tar     writable: false,
1065 silly tar     readable: false,
1065 silly tar     extended: null,
1065 silly tar     globalExtended: null,
1065 silly tar     header: Header {
1065 silly tar       cksumValid: true,
1065 silly tar       needPax: false,
1065 silly tar       nullBlock: false,
1065 silly tar       block: null,
1065 silly tar       path: 'package/wasm.d.ts',
1065 silly tar       mode: 420,
1065 silly tar       uid: 0,
1065 silly tar       gid: 0,
1065 silly tar       size: 36,
1065 silly tar       mtime: 1985-10-26T08:15:00.000Z,
1065 silly tar       cksum: 5359,
1065 silly tar       linkpath: '',
1065 silly tar       uname: '',
1065 silly tar       gname: '',
1065 silly tar       devmaj: 0,
1065 silly tar       devmin: 0,
1065 silly tar       atime: null,
1065 silly tar       ctime: null,
1065 silly tar       Symbol(type): '0'
1065 silly tar     },
1065 silly tar     startBlockSize: 512,
1065 silly tar     blockRemain: 0,
1065 silly tar     remain: 0,
1065 silly tar     type: 'File',
1065 silly tar     meta: false,
1065 silly tar     ignore: false,
1065 silly tar     path: 'wasm.d.ts',
1065 silly tar     mode: 438,
1065 silly tar     uid: 0,
1065 silly tar     gid: 0,
1065 silly tar     uname: '',
1065 silly tar     gname: '',
1065 silly tar     size: 36,
1065 silly tar     mtime: 1985-10-26T08:15:00.000Z,
1065 silly tar     atime: null,
1065 silly tar     ctime: null,
1065 silly tar     linkpath: '',
1065 silly tar     absolute: '/run/media/ttf/4D68CCA27FA538EE/immo_tul/backend/node_modules/@prisma/client/wasm.d.ts',
1065 silly tar     Symbol(shapeMode): false,
1065 silly tar     Symbol(kCapture): false,
1065 silly tar     Symbol(flowing): false,
1065 silly tar     Symbol(paused): true,
1065 silly tar     Symbol(pipes): [ [Pipe] ],
1065 silly tar     Symbol(buffer): [],
1065 silly tar     Symbol(objectMode): false,
1065 silly tar     Symbol(encoding): null,
1065 silly tar     Symbol(async): false,
1065 silly tar     Symbol(decoder): null,
1065 silly tar     Symbol(EOF): true,
1065 silly tar     Symbol(emittedEnd): true,
1065 silly tar     Symbol(emittingEnd): false,
1065 silly tar     Symbol(closed): false,
1065 silly tar     Symbol(emittedError): null,
1065 silly tar     Symbol(bufferLength): 0,
1065 silly tar     Symbol(destroyed): false,
1065 silly tar     Symbol(signal): undefined,
1065 silly tar     Symbol(aborted): false,
1065 silly tar     Symbol(dataListeners): 0,
1065 silly tar     Symbol(discarded): false
1065 silly tar   },
1065 silly tar   cwd: '/run/media/ttf/4D68CCA27FA538EE/immo_tul/backend/node_modules/@prisma/client',
1065 silly tar   tarCode: 'TAR_ENTRY_ERROR'
1065 silly tar }
1066 http fetch GET 200 https://registry.npmjs.org/@prisma/client/-/client-6.19.3.tgz 155459ms (cache miss)
1067 silly ADD node_modules/split2
1068 silly ADD node_modules/postgres-interval
1069 silly ADD node_modules/postgres-date
1070 silly ADD node_modules/postgres-bytea
1071 silly ADD node_modules/postgres-array
1072 silly ADD node_modules/pg-int8
1073 silly ADD node_modules/pgpass
1074 silly ADD node_modules/pg-types
1075 silly ADD node_modules/pg-protocol
1076 silly ADD node_modules/pg-pool
1077 silly ADD node_modules/pg-connection-string
1078 silly ADD node_modules/pg-cloudflare
1079 silly ADD node_modules/pg
1080 silly ADD node_modules/xtend
1081 silly ADD node_modules/wrappy
1082 silly ADD node_modules/vary
1083 silly ADD node_modules/validator
1084 silly ADD node_modules/util-deprecate
1085 silly ADD node_modules/unpipe
1086 silly ADD node_modules/undefsafe
1087 silly ADD node_modules/typedarray
1088 silly ADD node_modules/type-is
1089 silly ADD node_modules/type-is/node_modules/content-type
1090 silly ADD node_modules/touch
1091 silly ADD node_modules/toidentifier
1092 silly ADD node_modules/to-regex-range
1093 silly ADD node_modules/tinyexec
1094 silly ADD node_modules/supports-color
1095 silly ADD node_modules/string_decoder
1096 silly ADD node_modules/string_decoder/node_modules/safe-buffer
1097 silly ADD node_modules/streamsearch
1098 silly ADD node_modules/statuses
1099 silly ADD node_modules/simple-update-notifier
1100 silly ADD node_modules/side-channel-weakmap
1101 silly ADD node_modules/side-channel-map
1102 silly ADD node_modules/side-channel-list
1103 silly ADD node_modules/side-channel
1104 silly ADD node_modules/setprototypeof
1105 silly ADD node_modules/serve-static
1106 silly ADD node_modules/send
1107 silly ADD node_modules/semver
1108 silly ADD node_modules/safer-buffer
1109 silly ADD node_modules/safe-buffer
1110 silly ADD node_modules/router
1111 silly ADD node_modules/readdirp
1112 silly ADD node_modules/readable-stream
1113 silly ADD node_modules/readable-stream/node_modules/safe-buffer
1114 silly ADD node_modules/rc9
1115 silly ADD node_modules/raw-body
1116 silly ADD node_modules/range-parser
1117 silly ADD node_modules/qs
1118 silly ADD node_modules/pure-rand
1119 silly ADD node_modules/pstree.remy
1120 silly ADD node_modules/proxy-addr
1121 silly ADD node_modules/process-nextick-args
1122 silly ADD node_modules/prisma
1123 silly ADD node_modules/pkg-types
1124 silly ADD node_modules/pkg-types/node_modules/confbox
1125 silly ADD node_modules/picomatch
1126 silly ADD node_modules/perfect-debounce
1127 silly ADD node_modules/pathe
1128 silly ADD node_modules/path-to-regexp
1129 silly ADD node_modules/parseurl
1130 silly ADD node_modules/once
1131 silly ADD node_modules/on-headers
1132 silly ADD node_modules/on-finished
1133 silly ADD node_modules/ohash
1134 silly ADD node_modules/object-inspect
1135 silly ADD node_modules/object-assign
1136 silly ADD node_modules/nypm
1137 silly ADD node_modules/nypm/node_modules/citty
1138 silly ADD node_modules/normalize-path
1139 silly ADD node_modules/nodemon
1140 silly ADD node_modules/node-fetch-native
1141 silly ADD node_modules/negotiator
1142 silly ADD node_modules/negotiator/node_modules/content-type
1143 silly ADD node_modules/multer
1144 silly ADD node_modules/multer/node_modules/type-is
1145 silly ADD node_modules/multer/node_modules/mime-types
1146 silly ADD node_modules/multer/node_modules/mime-db
1147 silly ADD node_modules/multer/node_modules/media-typer
1148 silly ADD node_modules/ms
1149 silly ADD node_modules/morgan
1150 silly ADD node_modules/morgan/node_modules/ms
1151 silly ADD node_modules/morgan/node_modules/debug
1152 silly ADD node_modules/mkdirp
1153 silly ADD node_modules/minimist
1154 silly ADD node_modules/minimatch
1155 silly ADD node_modules/mime-types
1156 silly ADD node_modules/mime-db
1157 silly ADD node_modules/merge-descriptors
1158 silly ADD node_modules/media-typer
1159 silly ADD node_modules/math-intrinsics
1160 silly ADD node_modules/lodash.once
1161 silly ADD node_modules/lodash.isstring
1162 silly ADD node_modules/lodash.isplainobject
1163 silly ADD node_modules/lodash.isnumber
1164 silly ADD node_modules/lodash.isinteger
1165 silly ADD node_modules/lodash.isboolean
1166 silly ADD node_modules/lodash.includes
1167 silly ADD node_modules/lodash
1168 silly ADD node_modules/jws
1169 silly ADD node_modules/jwa
1170 silly ADD node_modules/jsonwebtoken
1171 silly ADD node_modules/jiti
1172 silly ADD node_modules/isarray
1173 silly ADD node_modules/is-promise
1174 silly ADD node_modules/is-number
1175 silly ADD node_modules/is-glob
1176 silly ADD node_modules/is-extglob
1177 silly ADD node_modules/is-binary-path
1178 silly ADD node_modules/ipaddr.js
1179 silly ADD node_modules/inherits
1180 silly ADD node_modules/ignore-by-default
1181 silly ADD node_modules/iconv-lite
1182 silly ADD node_modules/http-errors
1183 silly ADD node_modules/helmet
1184 silly ADD node_modules/hasown
1185 silly ADD node_modules/has-symbols
1186 silly ADD node_modules/has-flag
1187 silly ADD node_modules/gopd
1188 silly ADD node_modules/glob-parent
1189 silly ADD node_modules/giget
1190 silly ADD node_modules/get-proto
1191 silly ADD node_modules/get-intrinsic
1192 silly ADD node_modules/function-bind
1193 silly ADD node_modules/fresh
1194 silly ADD node_modules/forwarded
1195 silly ADD node_modules/finalhandler
1196 silly ADD node_modules/fill-range
1197 silly ADD node_modules/fast-check
1198 silly ADD node_modules/exsolve
1199 silly ADD node_modules/express-validator
1200 silly ADD node_modules/express-rate-limit
1201 silly ADD node_modules/express
1202 silly ADD node_modules/etag
1203 silly ADD node_modules/escape-html
1204 silly ADD node_modules/es-object-atoms
1205 silly ADD node_modules/es-errors
1206 silly ADD node_modules/es-define-property
1207 silly ADD node_modules/encodeurl
1208 silly ADD node_modules/empathic
1209 silly ADD node_modules/effect
1210 silly ADD node_modules/ee-first
1211 silly ADD node_modules/ecdsa-sig-formatter
1212 silly ADD node_modules/dunder-proto
1213 silly ADD node_modules/dotenv
1214 silly ADD node_modules/destr
1215 silly ADD node_modules/depd
1216 silly ADD node_modules/defu
1217 silly ADD node_modules/deepmerge-ts
1218 silly ADD node_modules/debug
1219 silly ADD node_modules/cors
1220 silly ADD node_modules/core-util-is
1221 silly ADD node_modules/cookie-signature
1222 silly ADD node_modules/cookie
1223 silly ADD node_modules/content-type
1224 silly ADD node_modules/content-disposition
1225 silly ADD node_modules/consola
1226 silly ADD node_modules/confbox
1227 silly ADD node_modules/concat-stream
1228 silly ADD node_modules/citty
1229 silly ADD node_modules/chokidar
1230 silly ADD node_modules/call-bound
1231 silly ADD node_modules/call-bind-apply-helpers
1232 silly ADD node_modules/c12
1233 silly ADD node_modules/c12/node_modules/readdirp
1234 silly ADD node_modules/c12/node_modules/chokidar
1235 silly ADD node_modules/bytes
1236 silly ADD node_modules/busboy
1237 silly ADD node_modules/buffer-from
1238 silly ADD node_modules/buffer-equal-constant-time
1239 silly ADD node_modules/braces
1240 silly ADD node_modules/brace-expansion
1241 silly ADD node_modules/body-parser
1242 silly ADD node_modules/body-parser/node_modules/content-type
1243 silly ADD node_modules/binary-extensions
1244 silly ADD node_modules/bcryptjs
1245 silly ADD node_modules/basic-auth
1246 silly ADD node_modules/basic-auth/node_modules/safe-buffer
1247 silly ADD node_modules/balanced-match
1248 silly ADD node_modules/append-field
1249 silly ADD node_modules/anymatch
1250 silly ADD node_modules/accepts
1251 silly ADD node_modules/@standard-schema/spec
1252 silly ADD node_modules/@prisma/get-platform
1253 silly ADD node_modules/@prisma/fetch-engine
1254 silly ADD node_modules/@prisma/engines-version
1255 silly ADD node_modules/@prisma/engines
1256 silly ADD node_modules/@prisma/debug
1257 silly ADD node_modules/@prisma/config
1258 silly ADD node_modules/@prisma/client
1259 warn allow-scripts 3 packages have install scripts not yet covered by allowScripts:
1259 warn allow-scripts   @prisma/client@6.19.3 (install: (install scripts present))
1259 warn allow-scripts   @prisma/engines@6.19.3 (install: (install scripts present))
1259 warn allow-scripts   prisma@6.19.3 (install: (install scripts present))
1259 warn allow-scripts
1259 warn allow-scripts Run `npm approve-scripts --allow-scripts-pending` to review, or `npm approve-scripts <pkg>` to allow.
1260 verbose cwd /run/media/ttf/4D68CCA27FA538EE/immo_tul/backend
1261 verbose os Linux 6.18.5+kali-amd64
1262 verbose node v24.18.0
1263 verbose npm  v11.16.0
1264 verbose exit 0
1265 info ok
